_id,id,pondera_dem,fecha,region,sexo,edad,p1,p1otros,p2,p2_1,p2_1otro,p2_2,p3,p4,p5,p6horas,p6minutos,horas_radio,minutos_radio,p7_1,p7_2,p7_3,p7_4,p7_5,p8a,p8b,p8c,p8d,p8e,p8f,p8g,p8otros,p9,p10,p10_1,p10_1otr,p10_2,p11,p12horas,p12minutos,horas_musica,minutos_musica,p13_1,p13_2,p13_3,p13_4,p13_5,p13_6,p13_7,p13_8,p13_9,p14_1,p14_2,p14_3,p14_4,p14_5,p14_6,p14_7,p14_8,p14_9,p14_10,p14_11,p14_12,p14_13,p14_14,p15,p16,p17_1,p17_2,p18a,p18b,p18c,p18d,p18e,p18f,p18g,p18otros,p19,p20,p21,p22,p23,p23_1,p23_1otr,p23_2,p24,p25,p25_bis,p25_1,p25_1_bis,p26,p26_bis,p27,p27_1,p28,p29,p29_1,p29_1otr,p29_2,p30,p30_bis,p31horas,p31minutos,horas_diario,minutos_diario,p32,p33,p33_bis,p33_1,p33_1_bis,p34,p34_1,p35_1,p35_2,p35_3,p36,p37,p37_1,p38,p39,p39_bis,p39_1,p39_1_bis,p40,p40_bis,p41,p42,p42_1,p42_1otr,p42_2,p43,p43_bis,p43_1,p43_1_bis,p44,p44otros,p45,p45_bis,p45_1,p45_1_bis,p46,p47,p47_1a,p47_1b,p47_1c,p47_1d,p47_2,p48_1,p48_2,p48_3,p48_4,p48_5,p48_6,p48_7,p48_8,p48_9,p48_10,p48_11,p48_12,p48_13,p48_14,p48_15,p48_16,p49,p49_1,p49_2,p50horas,p50minutos,horas_TV,minutos_TV,p51a,p51b,p52,p53,p54_1,p54_2,p54_3,p54_4,p55_1,p55_2,p55_3,p56,p56_1,p56_1_bis,p57,p57_1,p57_1otr,p57_2,p58_1,p58_2,p58_3,p58_4,p58_5,p58_6,p58_7,p59_1,p59_2,p59_3,p59_4,p59_5,p59_6,p60,p61,p62,p63,p63_1,p63_1otr,p63_2,p64,p65,p65_bis,p65_1,p65_1_bis,p66,p66otros,p67_1,p67_2,p67_3,p67_4,p67_5,p67_6,p67_7,p67_8,p67_9,p67_10,p67_11,p68,p69,p70,p70_bis,p70_1,p70_1_bis,p71,p71_bis,p72,p72_1,p72_1otr,p72_2,p73,p74,p74_1,p74_2,p74_3,p74_4,p74_4_bis,p75_1,p75_2,p75_3,p75_4,p76horas,p76minutos,horas_internet,minutos_internet,p77_1,p77_2,p77_3,p77_4,p77_5,p77_6,p77_7,p77_8,p77_9,p77_10,p78_1,p78_2,p78_3,p78_4,p78_5,p78_1_1,p78_1_2,p78_1_3,p78_1_4,p78_1_5,p78_2b,p78_3b_1,p78_3b,p79_1,p79_2,p79_3,p79_4,p79_5,p79_6,p79_7,p80horas,p80minutos,horas_redes,minutos_redes,p81,p81_1a,p81_1b,p81_1c,p81_1d,p81_1e,p81_1f,p81_1g,p81_1h,p81_1i,p81_1j,p81_1k,p81_1l,p82,p83,p84,p85,p85_1,p85_2,p85_3,p85_3_bis,p86,p87,p88,p89horas,p89minutos,horas_videojuegos,minutos_videojuegos,p90_1,p90_2,p90_3,p90_4,p91,p91_bis,p92_1,p92_2,p92_3,p92_4,p92_5,p92_6,p92_7,p92_8,p92_9,p93_1,p93_2,p93_3,p93_4,p94_1,p94_2,p94_3,p94_4,p94_5,p94_6,p95,p96_1,p96_2,p96_3,p96_4,p96_5,p97,p97_bis,p98,p99,p99_bis,p100_1,p100_2,p100_3,p100_4,p100_5,p100_6,p101,p102,p102_bis,p103_1,p103_1_1,p103_2,p103_1_2,p103_3,p103_1_3,p103_4,p103_1_4,p103_5,p103_1_5,p103_6,p103_1_6,p103_7,p103_1_7,p103_8,p103_1_8,p103_9,p103_1_9,p103_10,p103_110,p103_11,p103_111,p103_12,p103_112,p103_13,p103_113,p103_14,p103_114,p103_15,p103_115,p103_16,p103_116,p103_17,p103_117,p103_18,p103_118,p103_19,p103_119,p103_20,p103_120,p104,p104_1,p104_2,p105,p106,p107,p108,p109,p110,p110b,p111,p111b,p112,p113_1,p113_2,p113_3,p113_4,p113_5,p114,p115_1,p115_2,p115_3,p115_4,p115_5,p116,p116b,p117,NSEpuntaje,NSEcat1,minutos_radio_1,minutos_radio_total,horas_radio_total,minutos_musica_1,minutos_musica_total,horas_musica_total,minutos_diario_1,minutos_diario_total,horas_diario_total,minutos_tv_1,minutos_tv_total,horas_tv_total,minutos_internet_1,minutos_internet_total,horas_internet_total,minutos_redes_1,minutos_redes_total,horas_redes_total,minutos_videojuegos_1,minutos_videojuegos_total,horas_videojuegos_total
1,1,8608,2017-05-23T00:00:00,CENTRO,Varn,19,"LA FORMA DE PENSAR, IDEOLOGIA, VALORES", ,SI,"", ,NA,SI,ALGUNAS VECES AL MES,FM,1,0,1,0,ALGUNAS VECES AL MES,NUNCA,NUNCA,ALGUNAS VECES AL MES,NUNCA,MUSICALES,ACTUALIDAD / MAGAZINE,NA,NA,NA,NA,NA, ,1,SI,"", ,NA,ALGUNOS DIAS POR SEMANA,1,30,1,30,NUNCA,ALGUNAS VECES AL MES,ALGUNAS VECES AL MES,ALGUNOS DIAS POR SEMANA,NUNCA,NUNCA,NUNCA,NUNCA,ALGUNOS DIAS POR SEMANA,NUNCA,NUNCA,HABITUALMENTE,NUNCA,NUNCA,DE VEZ EN CUANDO,DE VEZ EN CUANDO,NUNCA,NUNCA,NUNCA,DE VEZ EN CUANDO,DE VEZ EN CUANDO,NUNCA,NUNCA,6 canciones,SI,ALGUNOS DIAS POR SEMANA,ALGUNA VEZ AL AO O MENOS,YOUTUBE,NA,NA,NA,NA,NA,NA, ,0,0,0,0,NO,PORQUE LAS ENTRADAS ESTAN CARAS, ,SI,NA,"",0,"",0,"",0,NO,0,NO,SI,"", ,NA,3,3,1,0,1,0,ALGUNAS VECES AL MES,0,0,0,0,TODOS O CASI TODOS LOS DIAS,CELULAR,MENOS DE UNA VEZ POR MES,NUNCA,TODOS O CASI TODOS LOS DIAS,AMBAS POR IGUAL,NO,NO,NA,"",0,"",0,"",0,NA,SI,"", ,NA,1,1,0,0,"SE LO HABIA RECOMENDADO UN PROFESOR, REFERENTE POLITICO, RELIGIOSO O ESPIRITUAL", ,1,1,600,600,ALGUNAS VECES AL MES,"NO LEYO LIBROS EN PANTALLA, SOLO EN PAPEL","","","","","",CASI NUNCA,NUNCA,NUNCA,NUNCA,HABITUALMENTE,NUNCA,NUNCA,NUNCA,NUNCA,NUNCA,NUNCA,DE VEZ EN CUANDO,HABITUALMENTE,NUNCA,NUNCA,NUNCA,SI,"",NA,1,0,1,0,TELEVISION POR CABLE,NA,NO MIRA,UNA HORA O MENOS AL DIA,NUNCA,NUNCA,NUNCA,TODOS O CASI TODOS LOS DIAS,NUNCA,NUNCA,NUNCA,2,1,1,SI,"", ,NA,NUNCA,ALGUNAS VECES AL MES,ALGUNAS VECES AL MES,NUNCA,NUNCA,ALGUNOS DIAS POR SEMANA,TODOS O CASI TODOS LOS DIAS,ALGUNA VEZ AL AO,ALGUNA VEZ AL AO,TODOS O CASI TODOS LOS DIAS,NUNCA,ALGUNA VEZ AL AO,NUNCA,150,0,0,SI,"", ,NA,ALGUNA VEZ AL AO O MENOS,1,1,0,0,"NO TENIA DECIDIDO IR A VERLA, LA ELIGIO EN EL MOMENTO", ,DE VEZ EN CUANDO,NUNCA,NUNCA,DE VEZ EN CUANDO,NUNCA,HABITUALMENTE,NUNCA,NUNCA,NUNCA,NUNCA,NUNCA,NO,NA,"",0,"",0,"",0,SI,"", ,NA,NA,SI,NA,"",NS/NC,NS/NC,NS/NC,ALGUNAS VECES AL MES,TODOS O CASI TODOS LOS DAS,NUNCA,ALGUNOS DIAS POR SEMANA,8,NO USA,8,NO USA,TODOS O CASI TODOS LOS DAS,TODOS O CASI TODOS LOS DAS,ALGUNAS VECES AL MES,ALGUNAS VECES AL MES,ALGUNAS VECES AL MES,NUNCA,NUNCA,NUNCA,NUNCA,ALGUNAS VECES AL MES,SI,SI,SI,NO,NO,TODOS O CASI TODOS LOS DAS,TODOS O CASI TODOS LOS DAS,TODOS O CASI TODOS LOS DAS,NA,NA,NO,NA, ,NUNCA,ALGUNA VEZ AL AO O MENOS,ALGUNA VEZ AL AO O MENOS,NUNCA,NUNCA,ALGUNAS VECES AL MES,ALGUNAS VECES AL MES,4,0,4,0,"COMENTA, COMPARTE, PARTICIPA Y/U OPINA FRENTE A CONTENIDOS",NA,"","","","","","","","","","","",1,1,SI,1,SI,SI,400,400,0,SI,ALGUNOS DIAS POR SEMANA,1,0,1,0,NUNCA,TODOS O CASI TODOS LOS DIAS,NUNCA,NUNCA,0,0,NO,NO,NO,NO,NO,NO,NO,NO,NO,NA,NA,NA,NA,NA,NA,NA,NA,NA,NA,SI,NO,NO,NO,NO,NO,"",0,SI,1,1,UNA VEZ AL AO,NUNCA,NUNCA,NUNCA,NUNCA,NUNCA,FUE GRATUITO,0,0,HACE MAS DE 5 AOS,"",NO FUE NUNCA,"",HACE MAS DE 5 AOS,"",VARIAS VECES EN EL ULTIMO AO,300,NO FUE NUNCA,"",ENTRE 1 Y 5 AOS,"",NO FUE NUNCA,"",NO FUE NUNCA,"",NO FUE NUNCA,"",1 VEZ EN EL ULTIMO AO,50,NO FUE NUNCA,"",NO FUE NUNCA,"",NO FUE NUNCA,"",NO FUE NUNCA,"",NO FUE NUNCA,"",NO FUE NUNCA,"",NO FUE NUNCA,"",NO FUE NUNCA,"",NO FUE NUNCA,"",NO FUE NUNCA,"",6,3,0,3,SECUNDARIA INCOMPLETA,OTRO MIEMBRO DEL HOGAR,SECUNDARIA COMPLETA,TRABAJA,EMPLEADO,TRABAJADOR/OBRERO CALIFICADO. EMPLEADO ADMINISTRATIVO MEDIO, ,"",SI,SI,SI,NO,SI,SI,PROPIA,NO,NO,NO,NO,NO,BARRIO DE VIVIENDA SOCIAL,BARRIO DE VIVIENDA SOCIAL,CASA,66,C3,60,60,1,60,90,1.5,60,60,1,60,60,1,480,480,8,240,240,4,60,60,1
2,2,2869,2017-10-05T00:00:00,CENTRO,Varn,24,"EL ARTE, LO CULTO", ,SI,"", ,NA,NO,ALGUNOS DIAS POR SEMANA,FM,1,0,1,0,ALGUNOS DIAS POR SEMANA,ALGUNOS DIAS POR SEMANA,NUNCA,ALGUNOS DIAS POR SEMANA,NUNCA,INFORMATIVOS / NOTICIEROS,MUSICALES,CULTURALES,NA,NA,NA,NA, ,0,SI,"", ,NA,TODOS O CASI TODOS LOS DIAS,3,0,3,0,NUNCA,ALGUNOS DIAS POR SEMANA,TODOS O CASI TODOS LOS DIAS,ALGUNA VEZ CADA 3 MESES,NUNCA,NUNCA,NUNCA,NUNCA,NUNCA,HABITUALMENTE,CASI NUNCA,HABITUALMENTE,NUNCA,NUNCA,DE VEZ EN CUANDO,DE VEZ EN CUANDO,CASI NUNCA,CASI NUNCA,NUNCA,DE VEZ EN CUANDO,NUNCA,NUNCA,NUNCA,9 canciones,SI,TODOS O CASI TODOS LOS DIAS,ALGUNOS DIAS POR SEMANA,GOOGLE PLAY,YOUTUBE,NA,NA,NA,NA,NA, ,150,0,0,0,SI,"", ,NA,TODAS O CASI TODAS LAS SEMANAS,13,13,13,13,500,500,SI,2,SI,SI,"", ,NA,6,6,0,30,0,30,ALGUNA VEZ AL AO,0,0,0,0,TODOS O CASI TODOS LOS DIAS,CELULAR,NUNCA,NUNCA,TODOS O CASI TODOS LOS DIAS,AMBAS POR IGUAL,SI,NA,ALGUNOS DIAS POR SEMANA,0,0,0,0,0,0,TODOS O CASI TODOS LOS DIAS,SI,"", ,NA,3,3,2,2,PORQUE ESTABA EN SU CASA, ,0,0,0,0,ALGUNA VEZ CADA 3 MESES,ALGUNA VEZ CADA 3 MESES,COMPUTADORA,"","","",NO,CASI NUNCA,CASI NUNCA,NUNCA,DE VEZ EN CUANDO,NUNCA,NUNCA,NUNCA,DE VEZ EN CUANDO,NUNCA,NUNCA,NUNCA,CASI NUNCA,NUNCA,NUNCA,CASI NUNCA,NUNCA,SI,"",NA,0,45,0,45,"TELEVISION DIGITAL ABIERTA, CON DECODIFICADOR/ SINTONIZADOR",NA,ALGUNAS VECES POR SEMANA,NO MIRA,NUNCA,NUNCA,NUNCA,ALGUNOS DIAS POR SEMANA,DE VEZ EN CUANDO,NUNCA,CASI NUNCA,1,NINGUNO,NINGUNO,SI,"", ,NA,NUNCA,TODOS O CASI TODOS LOS DIAS,ALGUNOS DIAS POR SEMANA,NUNCA,ALGUNA VEZ AL AO,ALGUNOS DIAS POR SEMANA,ALGUNOS DIAS POR SEMANA,NUNCA,NUNCA,ALGUNOS DIAS POR SEMANA,NUNCA,ALGUNOS DIAS POR SEMANA,ALGUNA VEZ CADA 3 MESES,1350,0,0,SI,"", ,NA,ALGUNA VEZ CADA 3 MESES,3,3,2,2,"NO TENIA DECIDIDO IR A VERLA, LA ELIGIO EN EL MOMENTO", ,CASI NUNCA,NUNCA,CASI NUNCA,DE VEZ EN CUANDO,NUNCA,DE VEZ EN CUANDO,HABITUALMENTE,CASI NUNCA,HABITUALMENTE,NUNCA,CASI NUNCA,SI,ALGUNA VEZ CADA 3 MESES,2,2,2,2,500,500,SI,"", ,NA,NA,NO,NO,"",NA,"",0,ALGUNAS VECES AL MES,TODOS O CASI TODOS LOS DAS,NUNCA,NUNCA,2,NO USA,2,NO USA,NUNCA,TODOS O CASI TODOS LOS DAS,NUNCA,ALGUNA VEZ AL AO O MENOS,ALGUNA VEZ AL AO O MENOS,NUNCA,NUNCA,TODOS O CASI TODOS LOS DAS,ALGUNAS VECES AL MES,ALGUNA VEZ AL AO O MENOS,SI,NO,SI,NO,NO,TODOS O CASI TODOS LOS DAS,NA,NUNCA,NA,NA,NO,NA, ,ALGUNA VEZ CADA 3 MESES,ALGUNAS VECES AL MES,ALGUNA VEZ CADA 3 MESES,NUNCA,NUNCA,ALGUNA VEZ CADA 3 MESES,ALGUNAS VECES AL MES,1,0,1,0,"OBSERVA LOS CONTENIDOS, SIN HACER COMENTARIOS",NA,"","","","","","","","","","","",1,NINGUNA,NO,1,SI,NO,145,145,0,NO,NA,,,0,0,NA,NA,NA,NA,"",0,NO,NO,NO,NO,NO,NO,NO,NO,NO,NA,NA,NA,NA,NA,NA,NA,NA,NA,NA,SI,NO,NO,NO,NO,NO,"",0,SI,2,2,NUNCA,UNA VEZ AL AO,UNA VEZ AL AO,NUNCA,NUNCA,NUNCA,FUE GRATUITO,0,0,VARIAS VECES EN EL ULTIMO AO,1000,ENTRE 1 Y 5 AOS,"",1 VEZ EN EL ULTIMO AO,400,VARIAS VECES EN EL ULTIMO AO,300,NO FUE NUNCA,"",ENTRE 1 Y 5 AOS,"",1 VEZ EN EL ULTIMO AO,0,VARIAS VECES EN EL ULTIMO AO,0,1 VEZ EN EL ULTIMO AO,100,1 VEZ EN EL ULTIMO AO,600,NO FUE NUNCA,"",NO FUE NUNCA,"",1 VEZ EN EL ULTIMO AO,0,NO FUE NUNCA,"",NO FUE NUNCA,"",NO FUE NUNCA,"",NO FUE NUNCA,"",1 VEZ EN EL ULTIMO AO,0,1 VEZ EN EL ULTIMO AO,0,ENTRE 1 Y 5 AOS,"",1,,,2,SECUNDARIA COMPLETA,LA PERSONA QUE FUE ENTREVISTADA,"",TRABAJA,ATENCION AL PUBLICO,TRABAJADOR/OBRERO CALIFICADO. EMPLEADO ADMINISTRATIVO MEDIO, ,"",NO,NO,NO,NO,NO,SI,PRESTADA,NO,NO,NO,NO,NO,BARRIO DE VIVIENDA SOCIAL,BARRIO DE VIVIENDA SOCIAL,DEPARTAMENTO,46,D1,60,60,1,180,180,3,0,30,0.5,0,45,0.75,120,120,2,60,60,1,0,0,0
3,3,8765,2017-05-22T00:00:00,CENTRO,Varn,30,"LA FORMA DE PENSAR, IDEOLOGIA, VALORES", ,SI,"", ,NA,NO,ALGUNOS DIAS POR SEMANA,FM,1,30,1,30,NUNCA,TODOS O CASI TODOS LOS DIAS,NUNCA,ALGUNOS DIAS POR SEMANA,NUNCA,INFORMATIVOS / NOTICIEROS,ACTUALIDAD / MAGAZINE,NA,NA,NA,NA,NA, ,2,SI,"", ,NA,TODOS O CASI TODOS LOS DIAS,1,0,1,0,NUNCA,ALGUNOS DIAS POR SEMANA,NUNCA,TODOS O CASI TODOS LOS DIAS,NUNCA,NUNCA,NUNCA,NUNCA,NUNCA,NUNCA,NUNCA,HABITUALMENTE,CASI NUNCA,DE VEZ EN CUANDO,HABITUALMENTE,HABITUALMENTE,NUNCA,NUNCA,NUNCA,NUNCA,NUNCA,CASI NUNCA,NUNCA,6 canciones,SI,TODOS O CASI TODOS LOS DIAS,TODOS O CASI TODOS LOS DIAS,SPOTIFY,NA,NA,NA,NA,NA,NA, ,360,0,0,0,NO,PORQUE NO LE INTERESA, ,NO,NA,"",0,"",0,"",0,NO,0,NO,SI,"", ,NA,2,2,1,0,1,0,ALGUNAS VECES AL MES,1,1,30,30,TODOS O CASI TODOS LOS DIAS,CELULAR,ALGUNOS DIAS POR SEMANA,ALGUNAS VECES AL MES,TODOS O CASI TODOS LOS DIAS,AMBAS POR IGUAL,NO,NO,NA,"",0,"",0,"",0,NA,SI,"", ,NA,1,1,0,0,"SE LO HABIA RECOMENDADO UN AMIGO, FAMILIAR O CONOCIDO", ,1,1,350,350,ALGUNOS DIAS POR SEMANA,ALGUNOS DIAS POR SEMANA,CELULAR,"","","",NO,NUNCA,DE VEZ EN CUANDO,NUNCA,DE VEZ EN CUANDO,HABITUALMENTE,NUNCA,NUNCA,HABITUALMENTE,NUNCA,NUNCA,NUNCA,HABITUALMENTE,HABITUALMENTE,NUNCA,NUNCA,NUNCA,SI,"",NA,0,30,0,30,TELEVISION SATELITAL,NA,ALGUNAS VECES POR SEMANA,ALGUNAS VECES POR SEMANA,NUNCA,NUNCA,NUNCA,TODOS O CASI TODOS LOS DIAS,CASI NUNCA,DE VEZ EN CUANDO,NUNCA,2,1,1,SI,"", ,NA,NUNCA,NUNCA,NUNCA,NUNCA,NUNCA,ALGUNOS DIAS POR SEMANA,NUNCA,NUNCA,ALGUNOS DIAS POR SEMANA,ALGUNA VEZ AL AO,NUNCA,NUNCA,NUNCA,0,0,0,NO,PORQUE IR AL CINE ES MUY CARO, ,NO,NA,"",0,"",0,NA, ,NA,NA,NA,NA,NA,NA,NA,NA,NA,NA,NA,NO,NA,"",0,"",0,"",0,SI,"", ,NA,NA,NO,SI,900,NA,"",0,NUNCA,TODOS O CASI TODOS LOS DAS,NUNCA,NUNCA,7,NO USA,7,NO USA,TODOS O CASI TODOS LOS DAS,TODOS O CASI TODOS LOS DAS,NUNCA,NUNCA,ALGUNA VEZ AL AO O MENOS,NUNCA,ALGUNA VEZ AL AO O MENOS,ALGUNA VEZ AL AO O MENOS,NUNCA,NUNCA,SI,SI,SI,NO,NO,TODOS O CASI TODOS LOS DAS,ALGUNOS DIAS POR SEMANA,TODOS O CASI TODOS LOS DAS,NA,NA,NO,NA, ,NUNCA,NUNCA,NUNCA,NUNCA,NUNCA,TODOS O CASI TODOS LOS DAS,TODOS O CASI TODOS LOS DAS,2,0,2,0,"PUBLICA, EDITA, CREA, CONSTRUYE Y/O RECICLA CONTENIDOS",NOTICIAS Y OPINION,"","","","","","","","","","","",1,1,NO,1,SI,SI,500,500,0,NO,NA,,,0,0,NA,NA,NA,NA,"",0,NO,NO,NO,NO,SI,NO,NO,NO,NO,SI,NA,NO,NO,NO,NO,NO,NO,NO,NO,SI,NO,NO,NO,NO,NO,"",0,SI,2,2,VARIAS VECES AL AO,NUNCA,NUNCA,NUNCA,NUNCA,NUNCA,TUVO QUE PAGAR ENTRADA,70,70,NO FUE NUNCA,"",VARIAS VECES EN EL ULTIMO AO,1000,ENTRE 1 Y 5 AOS,"",NO FUE NUNCA,"",NO FUE NUNCA,"",HACE MAS DE 5 AOS,"",NO FUE NUNCA,"",HACE MAS DE 5 AOS,"",NO FUE NUNCA,"",1 VEZ EN EL ULTIMO AO,0,NO FUE NUNCA,"",NO FUE NUNCA,"",ENTRE 1 Y 5 AOS,"",NO FUE NUNCA,"",NO FUE NUNCA,"",NO FUE NUNCA,"",NO FUE NUNCA,"",NO FUE NUNCA,"",NO FUE NUNCA,"",1 VEZ EN EL ULTIMO AO,2000,3,0,0,99,UNIVERSITARIO INCOMPLETO,LA PERSONA QUE FUE ENTREVISTADA,"",TRABAJA,PROFESIONAL,EJECUTIVO MEDIO DE EMPRESA/ PROFESIONAL INDEPENDIENTE/ FUNCI, ,"",SI,NO,SI,NO,NO,SI,PRESTADA,NO,NO,NO,NO,NO,BARRIO DE VIVIENDA SOCIAL,BARRIO DE VIVIENDA SOCIAL,CASA,69,C3,60,90,1.5,60,60,1,60,60,1,0,30,0.5,420,420,7,120,120,2,0,0,0
4,4,12838,2017-09-05T00:00:00,CENTRO,Varn,53,MUSICA, ,SI,"", ,NA,SI,TODOS O CASI TODOS LOS DIAS,AMBAS POR IGUAL,3,0,3,0,TODOS O CASI TODOS LOS DIAS,ALGUNOS DIAS POR SEMANA,ALGUNAS VECES AL MES,TODOS O CASI TODOS LOS DIAS,NUNCA,INFORMATIVOS / NOTICIEROS,ACTUALIDAD / MAGAZINE,NA,NA,NA,NA,NA, ,2,SI,"", ,NA,ALGUNA VEZ CADA 3 MESES,1,0,1,0,NUNCA,ALGUNA VEZ AL AO O MENOS,ALGUNA VEZ CADA 3 MESES,NUNCA,NUNCA,NUNCA,NUNCA,NUNCA,NUNCA,DE VEZ EN CUANDO,NUNCA,HABITUALMENTE,NUNCA,NUNCA,DE VEZ EN CUANDO,NUNCA,NUNCA,DE VEZ EN CUANDO,NUNCA,NUNCA,NUNCA,DE VEZ EN CUANDO,NUNCA,9 canciones,NO,NA,NA,NA,NA,NA,NA,NA,NA,NA, ,"",0,0,0,SI,"", ,NA,ALGUNA VEZ AL AO O MENOS,1,1,1,1,200,200,NO,0,NO,SI,"", ,NA,4,4,1,0,1,0,ALGUNAS VECES AL MES,1,1,30,30,TODOS O CASI TODOS LOS DIAS,CELULAR,ALGUNOS DIAS POR SEMANA,MENOS DE UNA VEZ POR MES,TODOS O CASI TODOS LOS DIAS,AMBAS POR IGUAL,NO,NO,NA,"",0,"",0,"",0,NA,NO,PORQUE NO TIENE TIEMPO, ,NO,"",0,"",0,"", ,"",0,"",0,NA,NA,"","","","","",NA,NA,NA,NA,NA,NA,NA,NA,NA,NA,NA,NA,NA,NA,NA,NA,SI,"",NA,1,0,1,0,TELEVISION POR CABLE,NA,VARIAS HORAS AL DIA,UNA HORA O MENOS AL DIA,NUNCA,NUNCA,NUNCA,TODOS O CASI TODOS LOS DIAS,CASI NUNCA,HABITUALMENTE,HABITUALMENTE,3,NS/NC,NS/NC,SI,"", ,NA,NUNCA,ALGUNA VEZ AL AO,ALGUNA VEZ CADA 3 MESES,ALGUNA VEZ CADA 3 MESES,ALGUNA VEZ CADA 3 MESES,ALGUNOS DIAS POR SEMANA,ALGUNOS DIAS POR SEMANA,NUNCA,ALGUNA VEZ CADA 3 MESES,ALGUNOS DIAS POR SEMANA,NUNCA,NUNCA,NUNCA,500,0,0,SI,"", ,NA,ALGUNA VEZ AL AO O MENOS,1,1,1,1,LEYO O VIO UNA AVANCE O COMENTARIO EN LOS MEDIOS, ,DE VEZ EN CUANDO,CASI NUNCA,NUNCA,HABITUALMENTE,NUNCA,DE VEZ EN CUANDO,DE VEZ EN CUANDO,DE VEZ EN CUANDO,DE VEZ EN CUANDO,NUNCA,NUNCA,NO,NA,"",0,"",0,"",0,SI,"", ,NA,NA,NO,SI,542,NA,"",0,TODOS O CASI TODOS LOS DAS,TODOS O CASI TODOS LOS DAS,ALGUNOS DIAS POR SEMANA,TODOS O CASI TODOS LOS DAS,6,NO USA,6,NO USA,TODOS O CASI TODOS LOS DAS,TODOS O CASI TODOS LOS DAS,NUNCA,ALGUNAS VECES AL MES,NUNCA,NUNCA,NUNCA,ALGUNA VEZ AL AO O MENOS,NUNCA,ALGUNA VEZ AL AO O MENOS,SI,NO,SI,NO,NO,TODOS O CASI TODOS LOS DAS,NA,TODOS O CASI TODOS LOS DAS,NA,NA,NO,NA, ,NUNCA,NUNCA,NUNCA,NUNCA,NUNCA,ALGUNAS VECES AL MES,TODOS O CASI TODOS LOS DAS,5,0,5,0,"COMENTA, COMPARTE, PARTICIPA Y/U OPINA FRENTE A CONTENIDOS",NA,"","","","","","","","","","","",2,1,SI,1,SI,SI,400,400,NS/NC,NO,NA,,,0,0,NA,NA,NA,NA,"",0,NO,NO,NO,NO,NO,NO,NO,NO,SI,NO,SI,NO,SI,NO,NO,NO,NO,NO,NO,SI,NO,NO,SI,NO,NO,700,700,SI,1,1,UNA VEZ AL AO,NUNCA,NUNCA,NUNCA,NUNCA,NUNCA,FUE GRATUITO,0,0,HACE MAS DE 5 AOS,"",1 VEZ EN EL ULTIMO AO,300,NO FUE NUNCA,"",1 VEZ EN EL ULTIMO AO,200,NO FUE NUNCA,"",1 VEZ EN EL ULTIMO AO,200,NO FUE NUNCA,"",NO FUE NUNCA,"",NO FUE NUNCA,"",1 VEZ EN EL ULTIMO AO,300,NO FUE NUNCA,"",NO FUE NUNCA,"",NO FUE NUNCA,"",1 VEZ EN EL ULTIMO AO,NS/NC,NO FUE NUNCA,"",NO FUE NUNCA,"",NO FUE NUNCA,"",NO FUE NUNCA,"",NO FUE NUNCA,"",NO FUE NUNCA,"",5,0,0,3,TERCIARIO INCOMPLETO,LA PERSONA QUE FUE ENTREVISTADA,"",TRABAJA,EMPLEADO,TRABAJADOR/OBRERO CALIFICADO. EMPLEADO ADMINISTRATIVO MEDIO, ,"",SI,NO,SI,NO,SI,SI,PROPIA,NO,NO,NO,NO,NO,BARRIO DE VIVIENDA SOCIAL,BARRIO DE VIVIENDA SOCIAL,CASA,68,C3,180,180,3,60,60,1,60,60,1,60,60,1,360,360,6,300,300,5,0,0,0
5,5,20223,2017-05-22T00:00:00,CENTRO,Varn,70,"LA FORMA DE PENSAR, IDEOLOGIA, VALORES", ,SI,"", ,NA,NO,TODOS O CASI TODOS LOS DIAS,AMBAS POR IGUAL,3,0,3,0,TODOS O CASI TODOS LOS DIAS,ALGUNOS DIAS POR SEMANA,NUNCA,NUNCA,NUNCA,INFORMATIVOS / NOTICIEROS,ACTUALIDAD / MAGAZINE,NA,NA,NA,NA,NA, ,1,SI,"", ,NA,NS/NC,1,0,1,0,NUNCA,ALGUNOS DIAS POR SEMANA,NUNCA,NUNCA,NUNCA,NUNCA,NUNCA,NUNCA,ALGUNOS DIAS POR SEMANA,DE VEZ EN CUANDO,NUNCA,NUNCA,NUNCA,NUNCA,DE VEZ EN CUANDO,NUNCA,NUNCA,HABITUALMENTE,NUNCA,NUNCA,NUNCA,DE VEZ EN CUANDO,NUNCA,10 canciones,NO,NA,NA,NA,NA,NA,NA,NA,NA,NA, ,"",0,0,0,NO,PORQUE NO LE INTERESA, ,NO,NA,"",0,"",0,"",0,NO,0,NO,SI,"", ,NA,1,1,1,0,1,0,ALGUNAS VECES AL MES,8,8,200,200,"NO LEYO DIARIOS EN PANTALLA, SOLO EN PAPEL",NA,ALGUNAS VECES AL MES,NUNCA,NUNCA,PRINCIPALMENTE LEE EN PAPEL O POR INTERNET SU DIARIO O DIARIOS PREFERIDOS,NO,NO,NA,"",0,"",0,"",0,NA,SI,"", ,NA,1,1,1,1,"SE LO HABIA RECOMENDADO UN PROFESOR, REFERENTE POLITICO, RELIGIOSO O ESPIRITUAL", ,1,1,250,250,ALGUNOS DIAS POR SEMANA,"NO LEYO LIBROS EN PANTALLA, SOLO EN PAPEL","","","","","",NUNCA,NUNCA,NUNCA,NUNCA,NUNCA,NUNCA,NUNCA,NUNCA,NUNCA,NUNCA,NUNCA,DE VEZ EN CUANDO,DE VEZ EN CUANDO,NUNCA,NUNCA,NUNCA,SI,"",NA,4,0,4,0,TELEVISION POR CABLE,NA,NO MIRA,VARIAS HORAS AL DIA,NUNCA,NUNCA,NUNCA,TODOS O CASI TODOS LOS DIAS,DE VEZ EN CUANDO,HABITUALMENTE,NUNCA,3,1,1,SI,"", ,NA,NUNCA,NUNCA,ALGUNA VEZ CADA 3 MESES,NUNCA,NUNCA,ALGUNAS VECES AL MES,ALGUNOS DIAS POR SEMANA,NUNCA,ALGUNOS DIAS POR SEMANA,NUNCA,NUNCA,NUNCA,NUNCA,0,0,0,NO,PORQUE NO LE INTERESA, ,NO,NA,"",0,"",0,NA, ,NA,NA,NA,NA,NA,NA,NA,NA,NA,NA,NA,SI,ALGUNA VEZ CADA 3 MESES,3,3,3,3,4000,4000,SI,"", ,NA,NA,SI,NA,"",INCLUYE TELFONO Y CABLE,1100,1100,ALGUNAS VECES AL MES,TODOS O CASI TODOS LOS DAS,NUNCA,NUNCA,4,NO USA,4,NO USA,ALGUNOS DIAS POR SEMANA,TODOS O CASI TODOS LOS DAS,NUNCA,NUNCA,NUNCA,NUNCA,NUNCA,NUNCA,NUNCA,NUNCA,SI,NO,SI,NO,NO,TODOS O CASI TODOS LOS DAS,NA,ALGUNAS VECES AL MES,NA,NA,NO,NA, ,NUNCA,NUNCA,NUNCA,NUNCA,NS/NC,ALGUNOS DIAS POR SEMANA,ALGUNOS DIAS POR SEMANA,2,0,2,0,"OBSERVA LOS CONTENIDOS, SIN HACER COMENTARIOS",NA,"","","","","","","","","","","",1,NINGUNA,SI,1,SI,SI,500,500,0,NO,NA,,,0,0,NA,NA,NA,NA,"",0,NO,NO,NO,NO,NO,NO,NO,NO,NO,NA,NA,NA,NA,NA,NA,NA,NA,NA,NA,NO,NO,NO,NO,NO,NO,"",0,NO,"",0,NA,NA,NA,NA,NA,NA,"","",0,ENTRE 1 Y 5 AOS,"",NO FUE NUNCA,"",1 VEZ EN EL ULTIMO AO,700,NO FUE NUNCA,"",NO FUE NUNCA,"",NO FUE NUNCA,"",NO FUE NUNCA,"",NO FUE NUNCA,"",NO FUE NUNCA,"",1 VEZ EN EL ULTIMO AO,3000,NO FUE NUNCA,"",NO FUE NUNCA,"",NO FUE NUNCA,"",NO FUE NUNCA,"",NO FUE NUNCA,"",NO FUE NUNCA,"",NO FUE NUNCA,"",NO FUE NUNCA,"",NO FUE NUNCA,"",NO FUE NUNCA,"",3,0,1,3,SECUNDARIA COMPLETA,LA PERSONA QUE FUE ENTREVISTADA,"",ES JUBILADO/PENSIONADO, ,"",CHOFER,TRABAJADOR/OBRERO CALIFICADO. EMPLEADO ADMINISTRATIVO MEDIO,SI,SI,SI,NO,SI,SI,PROPIA,NO,NO,NO,NO,NO,BARRIO DE VIVIENDA SOCIAL,BARRIO DE VIVIENDA SOCIAL,CASA,60,C3,180,180,3,60,60,1,60,60,1,240,240,4,240,240,4,120,120,2,0,0,0
6,6,5474,2017-09-05T00:00:00,CENTRO,Mujer,15,"LA TRADICION, LA HISTORIA", ,SI,"", ,NA,NO,TODOS O CASI TODOS LOS DIAS,FM,2,0,2,0,TODOS O CASI TODOS LOS DIAS,NUNCA,NUNCA,NUNCA,NUNCA,INFORMATIVOS / NOTICIEROS,MUSICALES,NA,NA,NA,NA,NA, ,1,SI,"", ,NA,TODOS O CASI TODOS LOS DIAS,2,0,2,0,NUNCA,NUNCA,NUNCA,TODOS O CASI TODOS LOS DIAS,NUNCA,NUNCA,NUNCA,NUNCA,ALGUNOS DIAS POR SEMANA,NUNCA,NUNCA,DE VEZ EN CUANDO,NUNCA,NUNCA,HABITUALMENTE,HABITUALMENTE,NUNCA,DE VEZ EN CUANDO,HABITUALMENTE,NUNCA,NUNCA,NUNCA,NUNCA,3 canciones,SI,TODOS O CASI TODOS LOS DIAS,ALGUNOS DIAS POR SEMANA,YOUTUBE,NA,NA,NA,NA,NA,NA, ,0,0,0,0,NO,POR FALTA DE DINERO, ,NO,NA,"",0,"",0,"",0,SI,2,NO,SI,"", ,NA,NS/NC,NS/NC,0,15,0,15,ALGUNA VEZ AL AO,0,0,0,0,ALGUNAS VECES AL MES,CELULAR,NUNCA,NUNCA,ALGUNOS DIAS POR SEMANA,PRINCIPALMENTE LEE ARTICULOS Y NOTICIAS DE DISTINTOS MEDIOS,SI,NA,ALGUNAS VECES AL MES,0,0,0,0,0,0,ALGUNOS DIAS POR SEMANA,SI,"", ,NA,5,5,2,2,"SE LO HABIA RECOMENDADO UN PROFESOR, REFERENTE POLITICO, RELIGIOSO O ESPIRITUAL", ,2,2,640,640,TODOS O CASI TODOS LOS DIAS,ALGUNOS DIAS POR SEMANA,CELULAR,"","","",NO,HABITUALMENTE,DE VEZ EN CUANDO,CASI NUNCA,NUNCA,HABITUALMENTE,CASI NUNCA,NUNCA,NUNCA,NUNCA,HABITUALMENTE,NUNCA,CASI NUNCA,NUNCA,NUNCA,DE VEZ EN CUANDO,HABITUALMENTE,SI,"",NA,0,45,0,45,TELEVISION POR CABLE,NA,NO MIRA,UNA HORA O MENOS AL DIA,ALGUNA VEZ AL AO,TODOS O CASI TODOS LOS DIAS,NUNCA,ALGUNOS DIAS POR SEMANA,NUNCA,HABITUALMENTE,HABITUALMENTE,3,NINGUNO,NINGUNO,SI,"", ,NA,TODOS O CASI TODOS LOS DIAS,ALGUNOS DIAS POR SEMANA,ALGUNA VEZ AL AO,NUNCA,ALGUNA VEZ AL AO,TODOS O CASI TODOS LOS DIAS,TODOS O CASI TODOS LOS DIAS,NUNCA,ALGUNA VEZ AL AO,TODOS O CASI TODOS LOS DIAS,NUNCA,ALGUNOS DIAS POR SEMANA,NUNCA,0,0,0,SI,"", ,NA,ALGUNA VEZ CADA 3 MESES,5,5,0,0,LEYO O VIO UNA AVANCE O COMENTARIO EN LOS MEDIOS, ,NUNCA,DE VEZ EN CUANDO,CASI NUNCA,DE VEZ EN CUANDO,DE VEZ EN CUANDO,DE VEZ EN CUANDO,DE VEZ EN CUANDO,DE VEZ EN CUANDO,NUNCA,HABITUALMENTE,DE VEZ EN CUANDO,NO,NA,"",0,"",0,"",0,SI,"", ,NA,NA,SI,NA,"",INCLUYE TELFONO Y CABLE,1000,1000,ALGUNOS DIAS POR SEMANA,TODOS O CASI TODOS LOS DAS,ALGUNA VEZ AL AO O MENOS,NUNCA,5,NO USA,5,NO USA,NUNCA,TODOS O CASI TODOS LOS DAS,ALGUNOS DIAS POR SEMANA,ALGUNAS VECES AL MES,TODOS O CASI TODOS LOS DAS,NUNCA,ALGUNA VEZ AL AO O MENOS,ALGUNOS DIAS POR SEMANA,ALGUNOS DIAS POR SEMANA,NUNCA,SI,SI,SI,SI,NO,ALGUNA VEZ CADA 3 MESES,TODOS O CASI TODOS LOS DAS,ALGUNOS DIAS POR SEMANA,TODOS O CASI TODOS LOS DAS,NA,SI,WHATSAPP, ,ALGUNA VEZ AL AO O MENOS,ALGUNOS DIAS POR SEMANA,TODOS O CASI TODOS LOS DAS,NUNCA,NUNCA,TODOS O CASI TODOS LOS DAS,TODOS O CASI TODOS LOS DAS,5,0,5,0,"COMENTA, COMPARTE, PARTICIPA Y/U OPINA FRENTE A CONTENIDOS",NA,"","","","","","","","","","","",2,NINGUNA,SI,1,SI,SI,0,0,0,SI,ALGUNA VEZ AL AO O MENOS,0,15,0,15,ALGUNA VEZ AL AO O MENOS,ALGUNOS DIAS POR SEMANA,NUNCA,NUNCA,0,0,SI,NO,SI,NO,NO,NO,NO,NO,NO,NO,SI,NO,NO,NO,NO,NO,NO,NO,NO,SI,SI,NO,NO,NO,NO,0,0,NO,"",0,NA,NA,NA,NA,NA,NA,"","",0,NO FUE NUNCA,"",NO FUE NUNCA,"",ENTRE 1 Y 5 AOS,"",NO FUE NUNCA,"",VARIAS VECES EN EL ULTIMO AO,0,NO FUE NUNCA,"",NO FUE NUNCA,"",NO FUE NUNCA,"",NO FUE NUNCA,"",NO FUE NUNCA,"",NO FUE NUNCA,"",NO FUE NUNCA,"",NO FUE NUNCA,"",NO FUE NUNCA,"",1 VEZ EN EL ULTIMO AO,0,NO FUE NUNCA,"",NO FUE NUNCA,"",NO FUE NUNCA,"",NO FUE NUNCA,"",NO FUE NUNCA,"",3,1,0,2,SECUNDARIA INCOMPLETA,OTRO MIEMBRO DEL HOGAR,SECUNDARIA COMPLETA,TRABAJA,COMERCIANTE,TECNICO ESPECIALIZADO. COMERCIANTE. SUPERVISOR / JEFE / CAP, ,"",SI,SI,SI,NO,SI,SI,OTRA SITUACIN,NO,NO,NO,NO,NO,BARRIO CON VIVIENDAS DISTINTAS,BARRIO CON VIVIENDAS DISTINTAS,CASA,68,C3,120,120,2,120,120,2,0,15,0.25,0,45,0.75,300,300,5,300,300,5,0,15,0.25
7,7,9999,2017-05-29T00:00:00,CENTRO,Mujer,25,"LA TRADICION, LA HISTORIA", ,SI,"", ,NA,SI,TODOS O CASI TODOS LOS DIAS,FM,2,30,2,30,NUNCA,NUNCA,TODOS O CASI TODOS LOS DIAS,TODOS O CASI TODOS LOS DIAS,NUNCA,MUSICALES,ACTUALIDAD / MAGAZINE,NA,NA,NA,NA,NA, ,NS/NC,SI,"", ,NA,TODOS O CASI TODOS LOS DIAS,1,0,1,0,NUNCA,NUNCA,TODOS O CASI TODOS LOS DIAS,TODOS O CASI TODOS LOS DIAS,NUNCA,NUNCA,NUNCA,NUNCA,NUNCA,NUNCA,NUNCA,HABITUALMENTE,NUNCA,NUNCA,DE VEZ EN CUANDO,DE VEZ EN CUANDO,DE VEZ EN CUANDO,NUNCA,NUNCA,HABITUALMENTE,HABITUALMENTE,NUNCA,NUNCA,9 canciones,SI,TODOS O CASI TODOS LOS DIAS,TODOS O CASI TODOS LOS DIAS,YOUTUBE,CIENRADIOS,SOUNDCLOUD,OTROS,NA,NA,NA, ,0,0,0,0,SI,"", ,NA,ALGUNA VEZ CADA 3 MESES,4,4,4,4,2000,2000,NO,0,SI,SI,"", ,NA,2,2,0,20,0,20,ALGUNAS VECES AL MES,0,0,0,0,ALGUNAS VECES AL MES,COMPUTADORA,NUNCA,ALGUNAS VECES AL MES,ALGUNOS DIAS POR SEMANA,PRINCIPALMENTE LEE ARTICULOS Y NOTICIAS DE DISTINTOS MEDIOS,NO,NO,NA,"",0,"",0,"",0,NA,NO,PORQUE NO LE INTERESA, ,SI,"",0,"",0,"", ,"",0,"",0,NA,NA,"","","","","",NA,NA,NA,NA,NA,NA,NA,NA,NA,NA,NA,NA,NA,NA,NA,NA,SI,"",NA,1,30,1,30,"TELEVISION DIGITAL ABIERTA, CON DECODIFICADOR/ SINTONIZADOR",NA,NO MIRA,VARIAS HORAS AL DIA,NUNCA,NUNCA,NUNCA,TODOS O CASI TODOS LOS DIAS,NUNCA,NUNCA,HABITUALMENTE,2,NINGUNO,NINGUNO,SI,"", ,NA,NUNCA,ALGUNAS VECES AL MES,NUNCA,NUNCA,ALGUNAS VECES AL MES,ALGUNAS VECES AL MES,TODOS O CASI TODOS LOS DIAS,NUNCA,NUNCA,TODOS O CASI TODOS LOS DIAS,NUNCA,NUNCA,NUNCA,150,0,0,SI,"", ,NA,ALGUNA VEZ AL AO O MENOS,1,1,1,1,LEYO O VIO UNA AVANCE O COMENTARIO EN LOS MEDIOS, ,NUNCA,NUNCA,NUNCA,NUNCA,NUNCA,DE VEZ EN CUANDO,DE VEZ EN CUANDO,NUNCA,NUNCA,NUNCA,DE VEZ EN CUANDO,NO,NA,"",0,"",0,"",0,SI,"", ,NA,NA,SI,NA,"",INCLUYE TELFONO,900,900,ALGUNOS DIAS POR SEMANA,TODOS O CASI TODOS LOS DAS,NUNCA,TODOS O CASI TODOS LOS DAS,24,NO USA,24,NO USA,TODOS O CASI TODOS LOS DAS,TODOS O CASI TODOS LOS DAS,TODOS O CASI TODOS LOS DAS,NUNCA,TODOS O CASI TODOS LOS DAS,NUNCA,NUNCA,NUNCA,NUNCA,TODOS O CASI TODOS LOS DAS,SI,SI,SI,NO,NO,TODOS O CASI TODOS LOS DAS,TODOS O CASI TODOS LOS DAS,ALGUNOS DIAS POR SEMANA,NA,NA,SI,TINDER, ,NUNCA,NUNCA,NUNCA,NUNCA,NUNCA,ALGUNOS DIAS POR SEMANA,NUNCA,10,0,10,0,"PUBLICA, EDITA, CREA, CONSTRUYE Y/O RECICLA CONTENIDOS",MSICA,VIDEO,NOTICIAS Y OPINION,APLICACIONES,ANIMACIONES,"","","","","","","",3,NINGUNA,SI,1,SI,SI,350,350,17000,SI,ALGUNA VEZ CADA 3 MESES,0,30,0,30,NUNCA,NUNCA,NUNCA,ALGUNA VEZ CADA 3 MESES,0,0,NO,NO,NO,NO,SI,NO,NO,SI,NO,NO,SI,NO,NO,NO,NO,NO,NO,NO,NO,NO,NO,NO,NO,NO,NO,"",0,NO,"",0,NA,NA,NA,NA,NA,NA,"","",0,ENTRE 1 Y 5 AOS,"",ENTRE 1 Y 5 AOS,"",NO FUE NUNCA,"",1 VEZ EN EL ULTIMO AO,200,NO FUE NUNCA,"",1 VEZ EN EL ULTIMO AO,300,NO FUE NUNCA,"",NO FUE NUNCA,"",NO FUE NUNCA,"",ENTRE 1 Y 5 AOS,"",NO FUE NUNCA,"",NO FUE NUNCA,"",NO FUE NUNCA,"",NO FUE NUNCA,"",NO FUE NUNCA,"",NO FUE NUNCA,"",NO FUE NUNCA,"",1 VEZ EN EL ULTIMO AO,500,VARIAS VECES EN EL ULTIMO AO,500,1 VEZ EN EL ULTIMO AO,500,4,1,0,3,UNIVERSITARIO INCOMPLETO,OTRO MIEMBRO DEL HOGAR,UNIVERSITARIO COMPLETO,TRABAJA,MAESTRA,TRABAJADOR/OBRERO CALIFICADO. EMPLEADO ADMINISTRATIVO MEDIO, ,"",SI,SI,NO,NO,SI,SI,PROPIA,NO,NO,NO,NO,NO,BARRIO DE VIVIENDA SOCIAL,BARRIO DE VIVIENDA SOCIAL,DEPARTAMENTO,76,C2,120,150,2.5,60,60,1,0,20,0.333333333,60,90,1.5,1440,1440,24,600,600,10,0,30,0.5
8,8,4072,2017-09-05T00:00:00,CENTRO,Mujer,40,"LA TRADICION, LA HISTORIA", ,SI,"", ,NA,SI,TODOS O CASI TODOS LOS DIAS,FM,4,0,4,0,TODOS O CASI TODOS LOS DIAS,NUNCA,NUNCA,ALGUNAS VECES AL MES,NUNCA,INFORMATIVOS / NOTICIEROS,MUSICALES,ACTUALIDAD / MAGAZINE,NA,NA,NA,NA, ,1,SI,"", ,NA,TODOS O CASI TODOS LOS DIAS,2,0,2,0,NUNCA,NUNCA,NUNCA,TODOS O CASI TODOS LOS DIAS,NUNCA,NUNCA,NUNCA,NUNCA,ALGUNA VEZ CADA 3 MESES,NUNCA,NUNCA,DE VEZ EN CUANDO,NUNCA,NUNCA,DE VEZ EN CUANDO,HABITUALMENTE,HABITUALMENTE,HABITUALMENTE,HABITUALMENTE,NUNCA,NUNCA,NUNCA,HABITUALMENTE,5 canciones,SI,TODOS O CASI TODOS LOS DIAS,ALGUNAS VECES AL MES,YOUTUBE,NA,NA,NA,NA,NA,NA, ,0,0,0,0,SI,"", ,NA,ALGUNA VEZ AL AO O MENOS,5,5,5,5,600,600,SI,2,NO,SI,"", ,NA,2,2,3,0,3,0,ALGUNA VEZ CADA 3 MESES,0,0,0,0,ALGUNOS DIAS POR SEMANA,CELULAR,MENOS DE UNA VEZ POR MES,MENOS DE UNA VEZ POR MES,TODOS O CASI TODOS LOS DIAS,AMBAS POR IGUAL,SI,NA,ALGUNA VEZ CADA 3 MESES,0,0,0,0,0,0,ALGUNOS DIAS POR SEMANA,SI,"", ,NA,10,10,0,0,POR EL AUTOR/ESCRITOR, ,2,2,600,600,TODOS O CASI TODOS LOS DIAS,ALGUNAS VECES AL MES,COMPUTADORA,"","","",NO,DE VEZ EN CUANDO,DE VEZ EN CUANDO,NUNCA,NUNCA,NUNCA,DE VEZ EN CUANDO,NUNCA,NUNCA,NUNCA,NUNCA,DE VEZ EN CUANDO,NUNCA,CASI NUNCA,DE VEZ EN CUANDO,NUNCA,NUNCA,SI,"",NA,1,0,1,0,TELEVISION POR CABLE,NA,NO MIRA,UNA HORA O MENOS AL DIA,NUNCA,NUNCA,NUNCA,TODOS O CASI TODOS LOS DIAS,NUNCA,CASI NUNCA,NUNCA,3,NINGUNO,NINGUNO,SI,"", ,NA,NUNCA,ALGUNA VEZ AL AO,ALGUNA VEZ AL AO,NUNCA,NUNCA,ALGUNOS DIAS POR SEMANA,NUNCA,NUNCA,ALGUNOS DIAS POR SEMANA,ALGUNOS DIAS POR SEMANA,NUNCA,ALGUNOS DIAS POR SEMANA,NUNCA,0,0,0,SI,"", ,NA,ALGUNA VEZ CADA 3 MESES,6,6,0,0,LEYO O VIO UNA AVANCE O COMENTARIO EN LOS MEDIOS, ,HABITUALMENTE,CASI NUNCA,NUNCA,HABITUALMENTE,CASI NUNCA,HABITUALMENTE,CASI NUNCA,CASI NUNCA,CASI NUNCA,NUNCA,NUNCA,NO,NA,"",0,"",0,"",0,SI,"", ,NA,NA,SI,NA,"",INCLUYE TELFONO Y CABLE,500,500,TODOS O CASI TODOS LOS DAS,TODOS O CASI TODOS LOS DAS,NUNCA,NUNCA,8,NO USA,8,NO USA,TODOS O CASI TODOS LOS DAS,TODOS O CASI TODOS LOS DAS,NUNCA,NUNCA,ALGUNA VEZ AL AO O MENOS,NUNCA,ALGUNA VEZ CADA 3 MESES,ALGUNOS DIAS POR SEMANA,NUNCA,ALGUNAS VECES AL MES,SI,SI,SI,NO,NO,TODOS O CASI TODOS LOS DAS,TODOS O CASI TODOS LOS DAS,ALGUNA VEZ CADA 3 MESES,NA,NA,NO,NA, ,NUNCA,ALGUNAS VECES AL MES,ALGUNAS VECES AL MES,NUNCA,NUNCA,ALGUNOS DIAS POR SEMANA,ALGUNAS VECES AL MES,3,0,3,0,"OBSERVA LOS CONTENIDOS, SIN HACER COMENTARIOS",NA,"","","","","","","","","","","",2,2,SI,1,SI,NO,650,650,0,NO,NA,,,0,0,NA,NA,NA,NA,"",0,NO,NO,NO,NO,NO,NO,NO,NO,NO,NA,NA,NA,NA,NA,NA,NA,NA,NA,NA,SI,NO,NO,NO,NO,NO,"",0,NO,"",0,NA,NA,NA,NA,NA,NA,"","",0,HACE MAS DE 5 AOS,"",1 VEZ EN EL ULTIMO AO,0,NO FUE NUNCA,"",NO FUE NUNCA,"",1 VEZ EN EL ULTIMO AO,0,1 VEZ EN EL ULTIMO AO,200,1 VEZ EN EL ULTIMO AO,0,NO FUE NUNCA,"",NO FUE NUNCA,"",NO FUE NUNCA,"",NO FUE NUNCA,"",NO FUE NUNCA,"",NO FUE NUNCA,"",NO FUE NUNCA,"",1 VEZ EN EL ULTIMO AO,300,NO FUE NUNCA,"",NO FUE NUNCA,"",1 VEZ EN EL ULTIMO AO,0,NO FUE NUNCA,"",1 VEZ EN EL ULTIMO AO,0,3,2,0,3,SECUNDARIA COMPLETA,LA PERSONA QUE FUE ENTREVISTADA,"",TRABAJA,MONOTRIBUTISTA,TRABAJADOR/OBRERO CALIFICADO. EMPLEADO ADMINISTRATIVO MEDIO, ,"",SI,SI,NO,SI,SI,SI,PRESTADA,NO,NO,NO,NO,NO,BARRIO DE VIVIENDA SOCIAL,BARRIO DE VIVIENDA SOCIAL,CASA,62,C3,240,240,4,120,120,2,180,180,3,60,60,1,480,480,8,180,180,3,0,0,0
9,9,2977,2017-10-05T00:00:00,CENTRO,Mujer,53,TEATRO, ,SI,"", ,NA,NO,TODOS O CASI TODOS LOS DIAS,FM,4,0,4,0,TODOS O CASI TODOS LOS DIAS,TODOS O CASI TODOS LOS DIAS,NUNCA,NUNCA,NUNCA,MUSICALES,NA,NA,NA,NA,NA,NA, ,3,SI,"", ,NA,TODOS O CASI TODOS LOS DIAS,4,0,4,0,NUNCA,ALGUNOS DIAS POR SEMANA,NUNCA,ALGUNAS VECES AL MES,NUNCA,NUNCA,NUNCA,NUNCA,TODOS O CASI TODOS LOS DIAS,CASI NUNCA,NUNCA,DE VEZ EN CUANDO,NUNCA,NUNCA,DE VEZ EN CUANDO,DE VEZ EN CUANDO,DE VEZ EN CUANDO,DE VEZ EN CUANDO,DE VEZ EN CUANDO,NUNCA,NUNCA,NUNCA,HABITUALMENTE,3 canciones,NO,NA,NA,NA,NA,NA,NA,NA,NA,NA, ,"",0,0,NS/NC,NO,POR FALTA DE DINERO, ,SI,NA,"",0,"",0,"",0,SI,1,NO,SI,"", ,NA,3,3,2,0,2,0,"NO LEYO DIARIOS EN PAPEL, SOLO EN PANTALLA","",0,"",0,TODOS O CASI TODOS LOS DIAS,CELULAR,NUNCA,NUNCA,TODOS O CASI TODOS LOS DIAS,PRINCIPALMENTE LEE EN PAPEL O POR INTERNET SU DIARIO O DIARIOS PREFERIDOS,NO,NO,NA,"",0,"",0,"",0,NA,NO,PORQUE NO LE INTERESA, ,NO,"",0,"",0,"", ,"",0,"",0,NA,NA,"","","","","",NA,NA,NA,NA,NA,NA,NA,NA,NA,NA,NA,NA,NA,NA,NA,NA,SI,"",NA,4,0,4,0,TELEVISION POR CABLE,NA,NO MIRA,VARIAS HORAS AL DIA,NUNCA,NUNCA,NUNCA,TODOS O CASI TODOS LOS DIAS,NUNCA,NUNCA,NUNCA,4,1,1,SI,"", ,NA,NUNCA,ALGUNOS DIAS POR SEMANA,ALGUNOS DIAS POR SEMANA,NUNCA,ALGUNOS DIAS POR SEMANA,ALGUNOS DIAS POR SEMANA,TODOS O CASI TODOS LOS DIAS,NUNCA,NS/NC,TODOS O CASI TODOS LOS DIAS,NUNCA,NUNCA,NUNCA,450,0,0,SI,"", ,NA,ALGUNA VEZ AL AO O MENOS,1,1,1,1,LEYO O VIO UNA AVANCE O COMENTARIO EN LOS MEDIOS, ,HABITUALMENTE,NUNCA,DE VEZ EN CUANDO,NUNCA,NUNCA,HABITUALMENTE,DE VEZ EN CUANDO,DE VEZ EN CUANDO,DE VEZ EN CUANDO,NUNCA,NUNCA,NO,NA,"",0,"",0,"",0,SI,"", ,NA,NA,SI,NA,"",INCLUYE CABLE,699,699,NUNCA,TODOS O CASI TODOS LOS DAS,NUNCA,TODOS O CASI TODOS LOS DAS,4,NO USA,4,NO USA,ALGUNA VEZ AL AO O MENOS,ALGUNA VEZ AL AO O MENOS,NUNCA,NUNCA,ALGUNAS VECES AL MES,NUNCA,NUNCA,NUNCA,NUNCA,NUNCA,SI,NO,NO,NO,NO,TODOS O CASI TODOS LOS DAS,NA,NA,NA,NA,NO,NA, ,NUNCA,NUNCA,NUNCA,NUNCA,NUNCA,ALGUNOS DIAS POR SEMANA,NUNCA,2,0,2,0,"OBSERVA LOS CONTENIDOS, SIN HACER COMENTARIOS",NA,"","","","","","","","","","","",2,NINGUNA,SI,1,SI,NO,560,560,0,NO,NA,,,0,0,NA,NA,NA,NA,"",0,NO,NO,NO,NO,NO,NO,NO,NO,NO,NA,NA,NA,NA,NA,NA,NA,NA,NA,NA,SI,SI,NO,SI,NO,NO,150,150,NO,"",0,NA,NA,NA,NA,NA,NA,"","",0,VARIAS VECES EN EL ULTIMO AO,400,NO FUE NUNCA,"",1 VEZ EN EL ULTIMO AO,150,NO FUE NUNCA,"",NO FUE NUNCA,"",1 VEZ EN EL ULTIMO AO,0,NO FUE NUNCA,"",1 VEZ EN EL ULTIMO AO,2000,1 VEZ EN EL ULTIMO AO,80,1 VEZ EN EL ULTIMO AO,250,1 VEZ EN EL ULTIMO AO,0,NO FUE NUNCA,"",NO FUE NUNCA,"",NO FUE NUNCA,"",NO FUE NUNCA,"",NO FUE NUNCA,"",NO FUE NUNCA,"",NO FUE NUNCA,"",NO FUE NUNCA,"",ENTRE 1 Y 5 AOS,"",1,,,3,SECUNDARIA COMPLETA,LA PERSONA QUE FUE ENTREVISTADA,"",TRABAJA,COMERCIANTE,TECNICO ESPECIALIZADO. COMERCIANTE. SUPERVISOR / JEFE / CAP, ,"",SI,SI,SI,NO,SI,SI,PROPIA,NO,NO,NO,NO,NO,BARRIO DE VIVIENDA SOCIAL,BARRIO DE VIVIENDA SOCIAL,CASA,72,C2,240,240,4,240,240,4,120,120,2,240,240,4,240,240,4,120,120,2,0,0,0
10,10,35896,2017-05-22T00:00:00,CENTRO,Mujer,66,"LOS MODALES, EL BUEN COMPORTAMIENTO", ,NO,PORQUE NO TIENE EQUIPOS DE RADIO, ,NO,NA,NA,NA,,,0,0,NA,NA,NA,NA,NA,NA,NA,NA,NA,NA,NA,NA, ,NS/NC,SI,"", ,NA,TODOS O CASI TODOS LOS DIAS,2,0,2,0,ALGUNOS DIAS POR SEMANA,NUNCA,TODOS O CASI TODOS LOS DIAS,ALGUNOS DIAS POR SEMANA,NUNCA,NUNCA,NUNCA,NUNCA,NUNCA,HABITUALMENTE,NUNCA,NUNCA,NUNCA,NUNCA,NUNCA,DE VEZ EN CUANDO,NUNCA,DE VEZ EN CUANDO,NUNCA,NUNCA,NUNCA,DE VEZ EN CUANDO,NUNCA,5 canciones,SI,TODOS O CASI TODOS LOS DIAS,ALGUNA VEZ CADA 3 MESES,YOUTUBE,NA,NA,NA,NA,NA,NA, ,0,0,0,0,NO,PORQUE LAS ENTRADAS ESTAN CARAS, ,NO,NA,"",0,"",0,"",0,SI,1,NO,SI,"", ,NA,NS/NC,NS/NC,1,0,1,0,ALGUNOS DIAS POR SEMANA,0,0,0,0,ALGUNOS DIAS POR SEMANA,COMPUTADORA,NUNCA,NUNCA,ALGUNOS DIAS POR SEMANA,PRINCIPALMENTE LEE EN PAPEL O POR INTERNET SU DIARIO O DIARIOS PREFERIDOS,SI,NA,ALGUNOS DIAS POR SEMANA,0,0,0,0,0,0,ALGUNOS DIAS POR SEMANA,SI,"", ,NA,2,2,2,2,PORQUE ESTABA EN SU CASA, ,0,0,0,0,ALGUNAS VECES AL MES,"NO LEYO LIBROS EN PANTALLA, SOLO EN PAPEL","","","","","",DE VEZ EN CUANDO,DE VEZ EN CUANDO,DE VEZ EN CUANDO,NUNCA,NUNCA,NUNCA,NUNCA,NUNCA,NUNCA,NUNCA,NUNCA,DE VEZ EN CUANDO,NUNCA,NUNCA,NUNCA,DE VEZ EN CUANDO,SI,"",NA,6,0,6,0,TELEVISION POR CABLE,NA,NO MIRA,VARIAS HORAS AL DIA,NUNCA,NUNCA,NUNCA,TODOS O CASI TODOS LOS DIAS,NUNCA,DE VEZ EN CUANDO,NUNCA,3,NINGUNO,NINGUNO,SI,"", ,NA,NUNCA,TODOS O CASI TODOS LOS DIAS,ALGUNOS DIAS POR SEMANA,ALGUNAS VECES AL MES,ALGUNAS VECES AL MES,NUNCA,TODOS O CASI TODOS LOS DIAS,ALGUNAS VECES AL MES,NUNCA,NUNCA,NUNCA,NUNCA,NUNCA,0,0,0,NO,POR FALTA DE DINERO, ,NO,NA,"",0,"",0,NA, ,NA,NA,NA,NA,NA,NA,NA,NA,NA,NA,NA,NO,NA,"",0,"",0,"",0,SI,"", ,NA,NA,SI,NA,"","NO, ES SOLO LO QUE PAGO DE INTERNET",690,690,TODOS O CASI TODOS LOS DAS,TODOS O CASI TODOS LOS DAS,NUNCA,NUNCA,5,NO USA,5,NO USA,TODOS O CASI TODOS LOS DAS,TODOS O CASI TODOS LOS DAS,NUNCA,NUNCA,TODOS O CASI TODOS LOS DAS,NUNCA,NUNCA,ALGUNAS VECES AL MES,TODOS O CASI TODOS LOS DAS,NUNCA,SI,NO,NO,NO,NO,ALGUNOS DIAS POR SEMANA,NA,NA,NA,NA,NO,NA, ,NUNCA,ALGUNAS VECES AL MES,TODOS O CASI TODOS LOS DAS,NUNCA,NUNCA,ALGUNAS VECES AL MES,NUNCA,4,0,4,0,"OBSERVA LOS CONTENIDOS, SIN HACER COMENTARIOS",NA,"","","","","","","","","","","",2,NINGUNA,SI,1,SI,NO,0,0,0,NO,NA,,,0,0,NA,NA,NA,NA,"",0,NO,NO,NO,NO,NO,NO,NO,NO,NO,NA,NA,NA,NA,NA,NA,NA,NA,NA,NA,NO,NO,NO,NO,NO,NO,"",0,NO,"",0,NA,NA,NA,NA,NA,NA,"","",0,HACE MAS DE 5 AOS,"",1 VEZ EN EL ULTIMO AO,1200,NO FUE NUNCA,"",NO FUE NUNCA,"",NO FUE NUNCA,"",NO FUE NUNCA,"",NO FUE NUNCA,"",NO FUE NUNCA,"",NO FUE NUNCA,"",NO FUE NUNCA,"",NO FUE NUNCA,"",NO FUE NUNCA,"",NO FUE NUNCA,"",NO FUE NUNCA,"",NO FUE NUNCA,"",NO FUE NUNCA,"",NO FUE NUNCA,"",NO FUE NUNCA,"",NO FUE NUNCA,"",NO FUE NUNCA,"",5,0,2,3,SECUNDARIA INCOMPLETA,OTRO MIEMBRO DEL HOGAR,SECUNDARIA INCOMPLETA,TRABAJA,EMPLEADA DOMESTICA,"OFICIO MENOR, OBRERO NO CALIFICADO/ SERVICIO DOMESTICO", ,"",SI,SI,NO,NO,NO,SI,PROPIA,NO,NO,NO,NO,NO,BARRIO DE VIVIENDA SOCIAL,BARRIO DE VIVIENDA SOCIAL,CASA,46,D1,0,0,0,120,120,2,60,60,1,360,360,6,300,300,5,240,240,4,0,0,0
11,11,3589,2017-05-17T00:00:00,CENTRO,Varn,18,"LA TRADICION, LA HISTORIA", ,SI,"", ,NA,NO,ALGUNOS DIAS POR SEMANA,FM,1,0,1,0,ALGUNOS DIAS POR SEMANA,NUNCA,NUNCA,NUNCA,NUNCA,MUSICALES,NA,NA,NA,NA,NA,NA, ,1,SI,"", ,NA,ALGUNOS DIAS POR SEMANA,2,0,2,0,NUNCA,NUNCA,ALGUNOS DIAS POR SEMANA,ALGUNOS DIAS POR SEMANA,NUNCA,ALGUNOS DIAS POR SEMANA,NUNCA,NUNCA,ALGUNAS VECES AL MES,NUNCA,DE VEZ EN CUANDO,DE VEZ EN CUANDO,NUNCA,NUNCA,HABITUALMENTE,HABITUALMENTE,NUNCA,NUNCA,NUNCA,HABITUALMENTE,DE VEZ EN CUANDO,NUNCA,DE VEZ EN CUANDO,NS/NC,SI,ALGUNOS DIAS POR SEMANA,ALGUNOS DIAS POR SEMANA,YOUTUBE,ARES,NA,NA,NA,NA,NA, ,0,0,0,0,SI,"", ,NA,ALGUNA VEZ CADA 3 MESES,5,5,5,5,700,700,SI,1,SI,NO,PORQUE NO LE GUSTA LEER DIARIOS, ,NO,"",0,,,0,0,NA,"",0,"",0,NA,NA,NA,NA,NA,NA,NO,NO,NA,"",0,"",0,"",0,NA,NO,NO ME GUSTA LEER, ,NO,"",0,"",0,"", ,"",0,"",0,NA,NA,"","","","","",NA,NA,NA,NA,NA,NA,NA,NA,NA,NA,NA,NA,NA,NA,NA,NA,SI,"",NA,2,0,2,0,TELEVISION POR CABLE,NA,UNA HORA O MENOS AL DIA,VARIAS HORAS AL DIA,NUNCA,NUNCA,NUNCA,TODOS O CASI TODOS LOS DIAS,NUNCA,HABITUALMENTE,NUNCA,3,NINGUNO,NINGUNO,SI,"", ,NA,NUNCA,ALGUNOS DIAS POR SEMANA,NUNCA,NUNCA,NUNCA,ALGUNOS DIAS POR SEMANA,NUNCA,TODOS O CASI TODOS LOS DIAS,TODOS O CASI TODOS LOS DIAS,NUNCA,NUNCA,NUNCA,NUNCA,0,0,0,NO,PORQUE IR AL CINE ES MUY CARO, ,NO,NA,"",0,"",0,NA, ,NA,NA,NA,NA,NA,NA,NA,NA,NA,NA,NA,NO,NA,"",0,"",0,"",0,SI,"", ,NA,NA,SI,NA,"",INCLUYE CABLE,NS/NC,NS/NC,TODOS O CASI TODOS LOS DAS,TODOS O CASI TODOS LOS DAS,NUNCA,NUNCA,3,NO USA,3,NO USA,NUNCA,ALGUNA VEZ CADA 3 MESES,NUNCA,NUNCA,TODOS O CASI TODOS LOS DAS,NUNCA,NUNCA,NUNCA,TODOS O CASI TODOS LOS DAS,NUNCA,SI,SI,NO,NO,NO,TODOS O CASI TODOS LOS DAS,TODOS O CASI TODOS LOS DAS,NA,NA,NA,NO,NA, ,NUNCA,ALGUNOS DIAS POR SEMANA,TODOS O CASI TODOS LOS DAS,ALGUNOS DIAS POR SEMANA,ALGUNOS DIAS POR SEMANA,ALGUNOS DIAS POR SEMANA,NUNCA,2,0,2,0,"PUBLICA, EDITA, CREA, CONSTRUYE Y/O RECICLA CONTENIDOS",FOTOS,VIDEO,"","","","","","","","","","",1,NINGUNA,NO,1,SI,NO,NS/NC,NS/NC,0,NO,NA,,,0,0,NA,NA,NA,NA,"",0,NO,NO,NO,NO,NO,NO,NO,NO,NO,NA,NA,NA,NA,NA,NA,NA,NA,NA,NA,SI,NO,NO,NO,NO,NO,"",0,NO,"",0,NA,NA,NA,NA,NA,NA,"","",0,HACE MAS DE 5 AOS,"",NO FUE NUNCA,"",NO FUE NUNCA,"",1 VEZ EN EL ULTIMO AO,NS/NC,NO FUE NUNCA,"",NO FUE NUNCA,"",NO FUE NUNCA,"",NO FUE NUNCA,"",NO FUE NUNCA,"",NO FUE NUNCA,"",NO FUE NUNCA,"",NO FUE NUNCA,"",NO FUE NUNCA,"",NO FUE NUNCA,"",NO FUE NUNCA,"",NO FUE NUNCA,"",NO FUE NUNCA,"",ENTRE 1 Y 5 AOS,"",NO FUE NUNCA,"",NO FUE NUNCA,"",5,1,0,3,SECUNDARIA COMPLETA,OTRO MIEMBRO DEL HOGAR,SECUNDARIA COMPLETA,TRABAJA,EMPLEADA EMPRESA PRIVADA,TRABAJADOR/OBRERO CALIFICADO. EMPLEADO ADMINISTRATIVO MEDIO, ,"",SI,SI,NO,NO,NO,SI,ALQUILADA,NO,NO,NO,NO,NO,BARRIO CON VIVIENDAS DISTINTAS,BARRIO CON VIVIENDAS DISTINTAS,CASA,54,C3,60,60,1,120,120,2,0,0,0,120,120,2,180,180,3,120,120,2,0,0,0
12,12,2321,2017-05-17T00:00:00,CENTRO,Varn,28,"HABITOS, COSTUMBRES, COMPORTAMIENTOS", ,SI,"", ,NA,SI,ALGUNOS DIAS POR SEMANA,FM,7,0,7,0,TODOS O CASI TODOS LOS DIAS,ALGUNAS VECES AL MES,NUNCA,NUNCA,NUNCA,INFORMATIVOS / NOTICIEROS,NA,NA,NA,NA,NA,NA, ,1,SI,"", ,NA,TODOS O CASI TODOS LOS DIAS,7,0,7,0,ALGUNOS DIAS POR SEMANA,TODOS O CASI TODOS LOS DIAS,ALGUNOS DIAS POR SEMANA,ALGUNOS DIAS POR SEMANA,NUNCA,NUNCA,NUNCA,NUNCA,NUNCA,NUNCA,HABITUALMENTE,HABITUALMENTE,NUNCA,NUNCA,NUNCA,NUNCA,NUNCA,NUNCA,NUNCA,DE VEZ EN CUANDO,NUNCA,NUNCA,NUNCA,8 canciones,SI,TODOS O CASI TODOS LOS DIAS,ALGUNAS VECES AL MES,SPOTIFY,YOUTUBE,NA,NA,NA,NA,NA, ,0,10,1500,1,SI,"", ,NA,ALGUNA VEZ CADA 3 MESES,2,2,2,2,800,800,NO,0,NO,NO,PORQUE NO LE INTERESAN LOS DIARIOS, ,SI,"",0,,,0,0,NA,"",0,"",0,NA,NA,NA,NA,NA,NA,NO,NO,NA,"",0,"",0,"",0,NA,NO,PORQUE YA NO ESTUDIA, ,SI,"",0,"",0,"", ,"",0,"",0,NA,NA,"","","","","",NA,NA,NA,NA,NA,NA,NA,NA,NA,NA,NA,NA,NA,NA,NA,NA,SI,"",NA,4,0,4,0,TELEVISION POR CABLE,NA,ALGUNAS VECES POR SEMANA,VARIAS HORAS AL DIA,ALGUNOS DIAS POR SEMANA,NUNCA,NUNCA,TODOS O CASI TODOS LOS DIAS,NUNCA,HABITUALMENTE,NUNCA,1,NINGUNO,NINGUNO,SI,"", ,NA,NUNCA,NUNCA,TODOS O CASI TODOS LOS DIAS,NUNCA,NUNCA,ALGUNOS DIAS POR SEMANA,TODOS O CASI TODOS LOS DIAS,ALGUNOS DIAS POR SEMANA,TODOS O CASI TODOS LOS DIAS,TODOS O CASI TODOS LOS DIAS,ALGUNAS VECES AL MES,NUNCA,NUNCA,180,10,200,SI,"", ,NA,ALGUNA VEZ AL AO O MENOS,1,1,0,0,"SE LA RECOMENDO UN AMIGO, FAMILIAR O CONOCIDO", ,HABITUALMENTE,NUNCA,HABITUALMENTE,HABITUALMENTE,HABITUALMENTE,HABITUALMENTE,NUNCA,NUNCA,HABITUALMENTE,NUNCA,DE VEZ EN CUANDO,NO,NA,"",0,"",0,"",0,SI,"", ,NA,NA,SI,NA,"",INCLUYE CABLE,NS/NC,NS/NC,TODOS O CASI TODOS LOS DAS,TODOS O CASI TODOS LOS DAS,NUNCA,NUNCA,1,NO USA,1,NO USA,ALGUNOS DIAS POR SEMANA,NUNCA,NUNCA,ALGUNAS VECES AL MES,NUNCA,ALGUNAS VECES AL MES,NUNCA,NUNCA,NUNCA,ALGUNOS DIAS POR SEMANA,SI,NO,NO,NO,NO,ALGUNOS DIAS POR SEMANA,NA,NA,NA,NA,NO,NA, ,NUNCA,NUNCA,NUNCA,NUNCA,NUNCA,NUNCA,NUNCA,0,15,0,15,"OBSERVA LOS CONTENIDOS, SIN HACER COMENTARIOS",NA,"","","","","","","","","","","",1,NINGUNA,NO,1,SI,SI,300,300,NS/NC,NO,NA,,,0,0,NA,NA,NA,NA,"",0,NO,NO,NO,NO,NO,NO,NO,NO,NO,NA,NA,NA,NA,NA,NA,NA,NA,NA,NA,NO,NO,NO,NO,NO,NO,"",0,SI,1,1,UNA VEZ AL AO,NUNCA,NUNCA,NUNCA,NUNCA,NUNCA,FUE GRATUITO,0,0,NO FUE NUNCA,"",NO FUE NUNCA,"",NO FUE NUNCA,"",NO FUE NUNCA,"",NO FUE NUNCA,"",NO FUE NUNCA,"",NO FUE NUNCA,"",NO FUE NUNCA,"",NO FUE NUNCA,"",NO FUE NUNCA,"",NO FUE NUNCA,"",NO FUE NUNCA,"",NO FUE NUNCA,"",1 VEZ EN EL ULTIMO AO,NS/NC,NO FUE NUNCA,"",NO FUE NUNCA,"",NO FUE NUNCA,"",ENTRE 1 Y 5 AOS,"",NO FUE NUNCA,"",NO FUE NUNCA,"",2,0,0,2,SECUNDARIA COMPLETA,OTRO MIEMBRO DEL HOGAR,UNIVERSITARIO COMPLETO,TRABAJA,GERENTE BANCARIO,ALTO EJECUTIVO DE EMPRESA/ DUEO/ SOCIO DE EMPRESAS, ,"",SI,SI,NO,SI,SI,SI,PRESTADA,NO,NO,NO,NO,NO,BARRIO CON VIVIENDAS DISTINTAS,BARRIO CON VIVIENDAS DISTINTAS,CASA,88,C1,420,420,7,420,420,7,0,0,0,240,240,4,60,60,1,0,15,0.25,0,0,0
13,13,4798,2017-05-17T00:00:00,CENTRO,Varn,57,"LA TRADICION, LA HISTORIA", ,SI,"", ,NA,SI,TODOS O CASI TODOS LOS DIAS,AMBAS POR IGUAL,2,0,2,0,TODOS O CASI TODOS LOS DIAS,TODOS O CASI TODOS LOS DIAS,ALGUNOS DIAS POR SEMANA,ALGUNOS DIAS POR SEMANA,NUNCA,INFORMATIVOS / NOTICIEROS,MUSICALES,NA,NA,NA,NA,NA, ,1,SI,"", ,NA,ALGUNOS DIAS POR SEMANA,0,30,0,30,NUNCA,ALGUNOS DIAS POR SEMANA,ALGUNOS DIAS POR SEMANA,ALGUNOS DIAS POR SEMANA,NUNCA,NUNCA,NUNCA,NUNCA,NUNCA,DE VEZ EN CUANDO,DE VEZ EN CUANDO,DE VEZ EN CUANDO,CASI NUNCA,CASI NUNCA,CASI NUNCA,NUNCA,NUNCA,NUNCA,NUNCA,NUNCA,NUNCA,DE VEZ EN CUANDO,NUNCA,8 canciones,SI,ALGUNOS DIAS POR SEMANA,NUNCA,SPOTIFY,NA,NA,NA,NA,NA,NA, ,0,2,110,0,NO,PORQUE NO TIENE CON QUIEN IR, ,SI,NA,"",0,"",0,"",0,NO,0,NO,SI,"", ,NA,2,2,0,30,0,30,ALGUNOS DIAS POR SEMANA,2,2,30,30,ALGUNOS DIAS POR SEMANA,CELULAR,ALGUNOS DIAS POR SEMANA,ALGUNAS VECES AL MES,ALGUNOS DIAS POR SEMANA,AMBAS POR IGUAL,SI,NA,ALGUNOS DIAS POR SEMANA,0,0,0,0,0,0,"NO LEYO REVISTAS EN PANTALLA, SOLO EN PAPEL",SI,"", ,NA,1,1,NS/NC,NS/NC,POR TRABAJO, ,0,0,0,0,ALGUNOS DIAS POR SEMANA,"NO LEYO LIBROS EN PANTALLA, SOLO EN PAPEL","","","","","",NUNCA,NUNCA,NUNCA,NUNCA,HABITUALMENTE,NUNCA,NUNCA,HABITUALMENTE,DE VEZ EN CUANDO,NUNCA,NUNCA,NUNCA,DE VEZ EN CUANDO,NUNCA,NUNCA,NUNCA,SI,"",NA,1,0,1,0,TELEVISION POR CABLE,NA,UNA HORA O MENOS AL DIA,UNA HORA O MENOS AL DIA,NUNCA,NUNCA,NUNCA,TODOS O CASI TODOS LOS DIAS,NUNCA,DE VEZ EN CUANDO,NUNCA,3,NINGUNO,NINGUNO,SI,"", ,NA,NUNCA,NUNCA,ALGUNOS DIAS POR SEMANA,ALGUNOS DIAS POR SEMANA,NUNCA,ALGUNOS DIAS POR SEMANA,NUNCA,TODOS O CASI TODOS LOS DIAS,TODOS O CASI TODOS LOS DIAS,NUNCA,NUNCA,NUNCA,NUNCA,0,0,0,NO,POR FALTA DE TIEMPO, ,SI,NA,"",0,"",0,NA, ,NA,NA,NA,NA,NA,NA,NA,NA,NA,NA,NA,NO,NA,"",0,"",0,"",0,SI,"", ,NA,NA,SI,NA,"",INCLUYE CABLE,850,850,TODOS O CASI TODOS LOS DAS,TODOS O CASI TODOS LOS DAS,NUNCA,NUNCA,1,NO USA,1,NO USA,TODOS O CASI TODOS LOS DAS,TODOS O CASI TODOS LOS DAS,NUNCA,NUNCA,NUNCA,NUNCA,NUNCA,NUNCA,NUNCA,ALGUNAS VECES AL MES,NO,NO,NO,NO,NO,NA,NA,NA,NA,NA,NO,NA, ,NA,NA,NA,NA,NA,NA,NA,,,0,0,"OBSERVA LOS CONTENIDOS, SIN HACER COMENTARIOS",NA,"","","","","","","","","","","",2,NINGUNA,NO,2,SI,SI,LO PAGA MI EMPLEADOR,LO PAGA MI EMPLEADOR,0,NO,NA,,,0,0,NA,NA,NA,NA,"",0,NO,NO,NO,NO,NO,NO,NO,NO,NO,NA,NA,NA,NA,NA,NA,NA,NA,NA,NA,NO,NO,NO,NO,NO,NO,"",0,NO,"",0,NA,NA,NA,NA,NA,NA,"","",0,HACE MAS DE 5 AOS,"",ENTRE 1 Y 5 AOS,"",HACE MAS DE 5 AOS,"",1 VEZ EN EL ULTIMO AO,0,NO FUE NUNCA,"",1 VEZ EN EL ULTIMO AO,NS/NC,NO FUE NUNCA,"",NO FUE NUNCA,"",NO FUE NUNCA,"",HACE MAS DE 5 AOS,"",HACE MAS DE 5 AOS,"",HACE MAS DE 5 AOS,"",HACE MAS DE 5 AOS,"",ENTRE 1 Y 5 AOS,"",NO FUE NUNCA,"",NO FUE NUNCA,"",NO FUE NUNCA,"",1 VEZ EN EL ULTIMO AO,0,1 VEZ EN EL ULTIMO AO,0,1 VEZ EN EL ULTIMO AO,0,5,0,0,3,TERCIARIO COMPLETO,LA PERSONA QUE FUE ENTREVISTADA,"",TRABAJA,INSPECTOR DE OBRAS HIDRICAS,TECNICO ESPECIALIZADO. COMERCIANTE. SUPERVISOR / JEFE / CAP, ,"",SI,SI,NO,SI,SI,SI,PROPIA,NO,NO,NO,NO,NO,BARRIO CON VIVIENDAS DISTINTAS,BARRIO CON VIVIENDAS DISTINTAS,CASA,86,C1,120,120,2,0,30,0.5,0,30,0.5,60,60,1,60,60,1,0,0,0,0,0,0
14,14,4077,2017-05-17T00:00:00,CENTRO,Varn,65,"LA TRADICION, LA HISTORIA", ,SI,"", ,NA,NO,TODOS O CASI TODOS LOS DIAS,AMBAS POR IGUAL,2,0,2,0,TODOS O CASI TODOS LOS DIAS,NUNCA,NUNCA,NUNCA,NUNCA,INFORMATIVOS / NOTICIEROS,MUSICALES,NA,NA,NA,NA,NA, ,2,SI,"", ,NA,TODOS O CASI TODOS LOS DIAS,1,0,1,0,NUNCA,NUNCA,NUNCA,NUNCA,NUNCA,NUNCA,NUNCA,NUNCA,NUNCA,HABITUALMENTE,NUNCA,NUNCA,NUNCA,NUNCA,NUNCA,NUNCA,NUNCA,NUNCA,NUNCA,NUNCA,NUNCA,HABITUALMENTE,NUNCA,10 canciones,NO,NA,NA,NA,NA,NA,NA,NA,NA,NA, ,"",0,0,0,SI,"", ,NA,ALGUNA VEZ AL AO O MENOS,1,1,1,1,0,0,NO,0,NO,NO,PORQUE NO LE GUSTA LEER DIARIOS, ,NO,"",0,,,0,0,NA,"",0,"",0,NA,NA,NA,NA,NA,NA,NO,NO,NA,"",0,"",0,"",0,NA,NO,PORQUE YA NO ESTUDIA, ,NO,"",0,"",0,"", ,"",0,"",0,NA,NA,"","","","","",NA,NA,NA,NA,NA,NA,NA,NA,NA,NA,NA,NA,NA,NA,NA,NA,SI,"",NA,0,30,0,30,TELEVISION POR CABLE,NA,UNA HORA O MENOS AL DIA,ALGUNAS VECES POR SEMANA,NUNCA,NUNCA,NUNCA,TODOS O CASI TODOS LOS DIAS,NUNCA,CASI NUNCA,NUNCA,3,NINGUNO,NINGUNO,NO,PORQUE NO LE INTERESA, ,NO,NA,NA,NA,NA,NA,NA,NA,NA,NA,NA,NA,NA,NA,0,0,0,NO,PORQUE NO LE GUSTA EL CINE, ,NO,NA,"",0,"",0,NA, ,NA,NA,NA,NA,NA,NA,NA,NA,NA,NA,NA,NO,NA,"",0,"",0,"",0,NO,PORQUE NO LE GUSTA, ,NO,NO,NA,NA,"",NA,"",0,NA,NA,NA,NA,,"",0,NO USA,NA,NA,NA,NA,NA,NA,NA,NA,NA,NA,NA,NA,NA,NA,NA,NA,NA,NA,NA,NA,NA,NA, ,NA,NA,NA,NA,NA,NA,NA,,,0,0,NA,NA,"","","","","","","","","","","",1,NINGUNA,SI,NINGUNO,NA,NA,"",0,500,NO,NA,,,0,0,NA,NA,NA,NA,"",0,NO,NO,NO,NO,NO,NO,NO,NO,NO,NA,NA,NA,NA,NA,NA,NA,NA,NA,NA,SI,NO,NO,NO,NO,NO,"",0,NO,"",0,NA,NA,NA,NA,NA,NA,"","",0,HACE MAS DE 5 AOS,"",NO FUE NUNCA,"",1 VEZ EN EL ULTIMO AO,200,NO FUE NUNCA,"",NO FUE NUNCA,"",1 VEZ EN EL ULTIMO AO,NS/NC,NO FUE NUNCA,"",NO FUE NUNCA,"",NO FUE NUNCA,"",NO FUE NUNCA,"",NO FUE NUNCA,"",NO FUE NUNCA,"",NO FUE NUNCA,"",NO FUE NUNCA,"",NO FUE NUNCA,"",NO FUE NUNCA,"",NO FUE NUNCA,"",1 VEZ EN EL ULTIMO AO,9000,NO FUE NUNCA,"",NO FUE NUNCA,"",6,1,1,3,SECUNDARIA COMPLETA,LA PERSONA QUE FUE ENTREVISTADA,"",TRABAJA,EMPLEADO MUNICIPAL,TRABAJADOR/OBRERO CALIFICADO. EMPLEADO ADMINISTRATIVO MEDIO, ,"",SI,SI,SI,NO,SI,SI,PROPIA,SI,NO,NO,NO,NO,BARRIO CON VIVIENDAS DISTINTAS,BARRIO CON VIVIENDAS DISTINTAS,CASA,66,C3,120,120,2,60,60,1,0,0,0,0,30,0.5,0,0,0,0,0,0,0,0,0
15,15,3158,2017-05-17T00:00:00,CENTRO,Mujer,16,"LA TRADICION, LA HISTORIA", ,SI,"", ,NA,NO,TODOS O CASI TODOS LOS DIAS,FM,1,30,1,30,TODOS O CASI TODOS LOS DIAS,ALGUNOS DIAS POR SEMANA,NUNCA,NUNCA,NUNCA,MUSICALES,NA,NA,NA,NA,NA,NA, ,2,SI,"", ,NA,TODOS O CASI TODOS LOS DIAS,1,30,1,30,NUNCA,ALGUNOS DIAS POR SEMANA,NUNCA,NUNCA,NUNCA,ALGUNOS DIAS POR SEMANA,NUNCA,NUNCA,TODOS O CASI TODOS LOS DIAS,NUNCA,DE VEZ EN CUANDO,HABITUALMENTE,NUNCA,NUNCA,DE VEZ EN CUANDO,DE VEZ EN CUANDO,NUNCA,DE VEZ EN CUANDO,DE VEZ EN CUANDO,DE VEZ EN CUANDO,NUNCA,DE VEZ EN CUANDO,HABITUALMENTE,NS/NC,SI,ALGUNOS DIAS POR SEMANA,NUNCA,YOUTUBE,NA,NA,NA,NA,NA,NA, ,0,0,0,0,NO,PORQUE LAS ENTRADAS ESTAN CARAS, ,NO,NA,"",0,"",0,"",0,NO,0,NO,NO,PORQUE NO LE GUSTA LEER DIARIOS, ,NO,"",0,,,0,0,NA,"",0,"",0,NA,NA,NA,NA,NA,NA,NO,NO,NA,"",0,"",0,"",0,NA,SI,"", ,NA,1,1,0,0,PORQUE ESTABA EN SU CASA, ,0,0,0,0,ALGUNOS DIAS POR SEMANA,"NO LEYO LIBROS EN PANTALLA, SOLO EN PAPEL","","","","","",NUNCA,NUNCA,HABITUALMENTE,NUNCA,HABITUALMENTE,HABITUALMENTE,NUNCA,NUNCA,NUNCA,NUNCA,NUNCA,NUNCA,NUNCA,NUNCA,NUNCA,NUNCA,SI,"",NA,1,0,1,0,TELEVISION POR CABLE,NA,UNA HORA O MENOS AL DIA,VARIAS HORAS AL DIA,NUNCA,NUNCA,NUNCA,TODOS O CASI TODOS LOS DIAS,NUNCA,HABITUALMENTE,NUNCA,4,NINGUNO,NINGUNO,SI,"", ,NA,NUNCA,TODOS O CASI TODOS LOS DIAS,NUNCA,NUNCA,NUNCA,ALGUNAS VECES AL MES,NUNCA,ALGUNOS DIAS POR SEMANA,TODOS O CASI TODOS LOS DIAS,NUNCA,ALGUNAS VECES AL MES,NUNCA,NUNCA,0,NS/NC,NS/NC,SI,"", ,NA,ALGUNA VEZ AL AO O MENOS,2,2,0,0,VIO LOS AVANCES EN EL CINE, ,DE VEZ EN CUANDO,DE VEZ EN CUANDO,DE VEZ EN CUANDO,NUNCA,DE VEZ EN CUANDO,DE VEZ EN CUANDO,DE VEZ EN CUANDO,NUNCA,NUNCA,NUNCA,NUNCA,NO,NA,"",0,"",0,"",0,SI,"", ,NA,NA,SI,NA,"",INCLUYE CABLE,NS/NC,NS/NC,TODOS O CASI TODOS LOS DAS,TODOS O CASI TODOS LOS DAS,NUNCA,NUNCA,4,NO USA,4,NO USA,ALGUNAS VECES AL MES,ALGUNOS DIAS POR SEMANA,ALGUNOS DIAS POR SEMANA,NUNCA,TODOS O CASI TODOS LOS DAS,NUNCA,NUNCA,NUNCA,NUNCA,NUNCA,SI,SI,SI,SI,NO,TODOS O CASI TODOS LOS DAS,TODOS O CASI TODOS LOS DAS,TODOS O CASI TODOS LOS DAS,TODOS O CASI TODOS LOS DAS,NA,NO,NA, ,NUNCA,ALGUNAS VECES AL MES,TODOS O CASI TODOS LOS DAS,NUNCA,ALGUNOS DIAS POR SEMANA,ALGUNOS DIAS POR SEMANA,NUNCA,2,0,2,0,"COMENTA, COMPARTE, PARTICIPA Y/U OPINA FRENTE A CONTENIDOS",NA,"","","","","","","","","","","",2,NINGUNA,SI,1,SI,NO,NS/NC,NS/NC,0,NO,NA,,,0,0,NA,NA,NA,NA,"",0,NO,NO,NO,NO,NO,NO,NO,NO,NO,NA,NA,NA,NA,NA,NA,NA,NA,NA,NA,SI,SI,NO,NO,NO,NO,0,0,NO,"",0,NA,NA,NA,NA,NA,NA,"","",0,ENTRE 1 Y 5 AOS,"",NO FUE NUNCA,"",NO FUE NUNCA,"",NO FUE NUNCA,"",NO FUE NUNCA,"",1 VEZ EN EL ULTIMO AO,NS/NC,NO FUE NUNCA,"",NO FUE NUNCA,"",NO FUE NUNCA,"",NO FUE NUNCA,"",NO FUE NUNCA,"",NO FUE NUNCA,"",NO FUE NUNCA,"",NO FUE NUNCA,"",ENTRE 1 Y 5 AOS,"",NO FUE NUNCA,"",NO FUE NUNCA,"",1 VEZ EN EL ULTIMO AO,NS/NC,NO FUE NUNCA,"",NO FUE NUNCA,"",5,2,0,3,PRIMARIA COMPLETA,OTRO MIEMBRO DEL HOGAR,SECUNDARIA COMPLETA,TRABAJA,EMPLEADO MUNICIPAL,TRABAJADOR/OBRERO CALIFICADO. EMPLEADO ADMINISTRATIVO MEDIO, ,"",SI,SI,SI,NO,SI,SI,PROPIA,NO,NO,NO,NO,NO,BARRIO CON VIVIENDAS DISTINTAS,BARRIO CON VIVIENDAS DISTINTAS,CASA,66,C3,60,90,1.5,60,90,1.5,0,0,0,60,60,1,240,240,4,120,120,2,0,0,0
16,16,5297,2017-12-05T00:00:00,CENTRO,Mujer,25,"LA TRADICION, LA HISTORIA", ,SI,"", ,NA,NO,ALGUNOS DIAS POR SEMANA,FM,0,30,0,30,ALGUNOS DIAS POR SEMANA,ALGUNOS DIAS POR SEMANA,NUNCA,NUNCA,NUNCA,INFORMATIVOS / NOTICIEROS,MUSICALES,NA,NA,NA,NA,NA, ,2,SI,"", ,NA,ALGUNOS DIAS POR SEMANA,1,0,1,0,NUNCA,ALGUNOS DIAS POR SEMANA,NUNCA,ALGUNOS DIAS POR SEMANA,NUNCA,NUNCA,NUNCA,NUNCA,ALGUNOS DIAS POR SEMANA,DE VEZ EN CUANDO,NUNCA,DE VEZ EN CUANDO,NUNCA,NUNCA,DE VEZ EN CUANDO,NUNCA,DE VEZ EN CUANDO,DE VEZ EN CUANDO,DE VEZ EN CUANDO,NUNCA,CASI NUNCA,NUNCA,DE VEZ EN CUANDO,5 canciones,SI,ALGUNAS VECES AL MES,NUNCA,YOUTUBE,CIENRADIOS,NA,NA,NA,NA,NA, ,0,0,0,1,NO,PORQUE NO LE INTERESA, ,NO,NA,"",0,"",0,"",0,NO,0,NO,NO,PORQUE NO LE GUSTA LEER DIARIOS, ,NO,"",0,,,0,0,NA,"",0,"",0,NA,NA,NA,NA,NA,NA,SI,NA,ALGUNOS DIAS POR SEMANA,0,0,0,0,0,0,ALGUNOS DIAS POR SEMANA,NO,PORQUE NO TIENE TIEMPO, ,SI,"",0,"",0,"", ,"",0,"",0,NA,NA,"","","","","",NA,NA,NA,NA,NA,NA,NA,NA,NA,NA,NA,NA,NA,NA,NA,NA,SI,"",NA,2,0,2,0,TELEVISION POR CABLE,NA,UNA HORA O MENOS AL DIA,VARIAS HORAS AL DIA,NUNCA,NUNCA,NUNCA,TODOS O CASI TODOS LOS DIAS,NUNCA,HABITUALMENTE,DE VEZ EN CUANDO,4,NINGUNO,NINGUNO,SI,"", ,NA,ALGUNOS DIAS POR SEMANA,ALGUNOS DIAS POR SEMANA,ALGUNA VEZ CADA 3 MESES,ALGUNA VEZ CADA 3 MESES,NUNCA,ALGUNAS VECES AL MES,ALGUNOS DIAS POR SEMANA,NUNCA,ALGUNOS DIAS POR SEMANA,ALGUNOS DIAS POR SEMANA,ALGUNA VEZ AL AO,NUNCA,ALGUNA VEZ AL AO,130,0,0,SI,"", ,NA,ALGUNA VEZ AL AO O MENOS,1,1,0,0,LEYO O VIO UNA AVANCE O COMENTARIO EN LOS MEDIOS, ,DE VEZ EN CUANDO,DE VEZ EN CUANDO,DE VEZ EN CUANDO,DE VEZ EN CUANDO,DE VEZ EN CUANDO,DE VEZ EN CUANDO,NUNCA,DE VEZ EN CUANDO,NUNCA,NUNCA,NUNCA,NO,NA,"",0,"",0,"",0,SI,"", ,NA,NA,SI,NA,"",INCLUYE CABLE,900,900,ALGUNOS DIAS POR SEMANA,TODOS O CASI TODOS LOS DAS,NUNCA,NUNCA,5,NO USA,5,NO USA,ALGUNAS VECES AL MES,ALGUNOS DIAS POR SEMANA,NUNCA,ALGUNA VEZ CADA 3 MESES,NUNCA,NUNCA,NUNCA,NUNCA,NUNCA,ALGUNA VEZ AL AO O MENOS,SI,SI,SI,SI,NO,NUNCA,NUNCA,ALGUNA VEZ CADA 3 MESES,ALGUNOS DIAS POR SEMANA,NA,NO,NA, ,NUNCA,NUNCA,TODOS O CASI TODOS LOS DAS,ALGUNOS DIAS POR SEMANA,ALGUNOS DIAS POR SEMANA,ALGUNOS DIAS POR SEMANA,NUNCA,5,0,5,0,"COMENTA, COMPARTE, PARTICIPA Y/U OPINA FRENTE A CONTENIDOS",NA,"","","","","","","","","","","",1,NINGUNA,NO,1,SI,SI,400,400,0,SI,ALGUNOS DIAS POR SEMANA,1,0,1,0,ALGUNOS DIAS POR SEMANA,ALGUNOS DIAS POR SEMANA,NUNCA,NUNCA,0,0,SI,NO,NO,NO,NO,NO,NO,NO,NO,NO,NO,NO,SI,NO,NO,NO,NO,NO,NO,SI,NO,NO,NO,NO,NO,"",0,NO,"",0,NA,NA,NA,NA,NA,NA,"","",0,ENTRE 1 Y 5 AOS,"",ENTRE 1 Y 5 AOS,"",ENTRE 1 Y 5 AOS,"",NO FUE NUNCA,"",NO FUE NUNCA,"",ENTRE 1 Y 5 AOS,"",NO FUE NUNCA,"",NO FUE NUNCA,"",NO FUE NUNCA,"",ENTRE 1 Y 5 AOS,"",HACE MAS DE 5 AOS,"",HACE MAS DE 5 AOS,"",NO FUE NUNCA,"",HACE MAS DE 5 AOS,"",ENTRE 1 Y 5 AOS,"",NO FUE NUNCA,"",NO FUE NUNCA,"",ENTRE 1 Y 5 AOS,"",NO FUE NUNCA,"",ENTRE 1 Y 5 AOS,"",4,0,0,3,UNIVERSITARIO INCOMPLETO,OTRO MIEMBRO DEL HOGAR,SECUNDARIA COMPLETA,TRABAJA,EMPLEADO DE LA CURTIEMBRE,"OFICIO MENOR, OBRERO NO CALIFICADO/ SERVICIO DOMESTICO", ,"",SI,SI,SI,NO,SI,SI,PROPIA,NO,NO,NO,NO,NO,BARRIO CON VIVIENDAS DISTINTAS,BARRIO CON VIVIENDAS DISTINTAS,CASA,60,C3,0,30,0.5,60,60,1,0,0,0,120,120,2,300,300,5,300,300,5,60,60,1
17,17,4854,2017-05-17T00:00:00,CENTRO,Mujer,35,"LA FORMA DE PENSAR, IDEOLOGIA, VALORES", ,SI,"", ,NA,SI,TODOS O CASI TODOS LOS DIAS,FM,1,0,1,0,NUNCA,ALGUNOS DIAS POR SEMANA,ALGUNOS DIAS POR SEMANA,TODOS O CASI TODOS LOS DIAS,NUNCA,MUSICALES,NA,NA,NA,NA,NA,NA, ,3,SI,"", ,NA,TODOS O CASI TODOS LOS DIAS,2,0,2,0,NUNCA,ALGUNOS DIAS POR SEMANA,ALGUNOS DIAS POR SEMANA,TODOS O CASI TODOS LOS DIAS,NUNCA,NUNCA,NUNCA,NUNCA,TODOS O CASI TODOS LOS DIAS,CASI NUNCA,HABITUALMENTE,HABITUALMENTE,CASI NUNCA,CASI NUNCA,CASI NUNCA,DE VEZ EN CUANDO,DE VEZ EN CUANDO,DE VEZ EN CUANDO,DE VEZ EN CUANDO,CASI NUNCA,CASI NUNCA,CASI NUNCA,DE VEZ EN CUANDO,5 canciones,SI,TODOS O CASI TODOS LOS DIAS,NUNCA,YOUTUBE,NA,NA,NA,NA,NA,NA, ,0,0,0,NS/NC,NO,PORQUE NO TOCAN CERCA, ,SI,NA,"",0,"",0,"",0,SI,1,NO,NO,PORQUE CREE POCO EN LOS DIARIOS/LO DEPRIMEN LAS NOTICIAS, ,NO,"",0,,,0,0,NA,"",0,"",0,NA,NA,NA,NA,NA,NA,SI,NA,ALGUNA VEZ AL AO,NS/NC,NS/NC,NS/NC,NS/NC,NS/NC,NS/NC,ALGUNA VEZ AL AO,SI,"", ,NA,6,6,0,0,POR GUSTO PERSONAL, ,4,4,1000,1000,TODOS O CASI TODOS LOS DIAS,"NO LEYO LIBROS EN PANTALLA, SOLO EN PAPEL","","","","","",DE VEZ EN CUANDO,HABITUALMENTE,HABITUALMENTE,DE VEZ EN CUANDO,DE VEZ EN CUANDO,DE VEZ EN CUANDO,DE VEZ EN CUANDO,DE VEZ EN CUANDO,CASI NUNCA,CASI NUNCA,NUNCA,DE VEZ EN CUANDO,NUNCA,NUNCA,NUNCA,NUNCA,SI,"",NA,2,0,2,0,"TELEVISION DIGITAL ABIERTA, CON DECODIFICADOR/ SINTONIZADOR",TELEVISION POR CABLE,UNA HORA O MENOS AL DIA,VARIAS HORAS AL DIA,ALGUNOS DIAS POR SEMANA,NUNCA,NUNCA,TODOS O CASI TODOS LOS DIAS,DE VEZ EN CUANDO,HABITUALMENTE,NUNCA,3,1,1,SI,"", ,NA,TODOS O CASI TODOS LOS DIAS,TODOS O CASI TODOS LOS DIAS,ALGUNOS DIAS POR SEMANA,NS/NC,NS/NC,TODOS O CASI TODOS LOS DIAS,TODOS O CASI TODOS LOS DIAS,TODOS O CASI TODOS LOS DIAS,TODOS O CASI TODOS LOS DIAS,ALGUNOS DIAS POR SEMANA,NUNCA,ALGUNOS DIAS POR SEMANA,NUNCA,NS/NC,NS/NC,NS/NC,SI,"", ,NA,TODOS O CASI TODOS LOS MESES,2,2,2,2,VIO LOS AVANCES EN EL CINE, ,DE VEZ EN CUANDO,DE VEZ EN CUANDO,DE VEZ EN CUANDO,NUNCA,DE VEZ EN CUANDO,DE VEZ EN CUANDO,CASI NUNCA,DE VEZ EN CUANDO,DE VEZ EN CUANDO,DE VEZ EN CUANDO,DE VEZ EN CUANDO,SI,ALGUNA VEZ AL AO O MENOS,1,1,1,1,NS/NC,NS/NC,SI,"", ,NA,NA,SI,NA,"",INCLUYE TELFONO Y CABLE,NS/NC,NS/NC,ALGUNOS DIAS POR SEMANA,TODOS O CASI TODOS LOS DAS,NUNCA,ALGUNOS DIAS POR SEMANA,4,NO USA,4,NO USA,TODOS O CASI TODOS LOS DAS,ALGUNA VEZ CADA 3 MESES,ALGUNOS DIAS POR SEMANA,ALGUNAS VECES AL MES,NUNCA,ALGUNAS VECES AL MES,NUNCA,ALGUNAS VECES AL MES,NUNCA,ALGUNAS VECES AL MES,SI,SI,NO,NO,NO,TODOS O CASI TODOS LOS DAS,ALGUNOS DIAS POR SEMANA,NA,NA,NA,NO,NA, ,ALGUNA VEZ AL AO O MENOS,ALGUNA VEZ CADA 3 MESES,ALGUNAS VECES AL MES,NUNCA,NUNCA,ALGUNAS VECES AL MES,ALGUNAS VECES AL MES,4,0,4,0,"COMENTA, COMPARTE, PARTICIPA Y/U OPINA FRENTE A CONTENIDOS",NA,"","","","","","","","","","","",2,NINGUNA,SI,2,SI,SI,NS/NC,NS/NC,NS/NC,SI,ALGUNAS VECES AL MES,1,0,1,0,ALGUNAS VECES AL MES,ALGUNAS VECES AL MES,NUNCA,NUNCA,NS/NC,NS/NC,NO,NO,NO,NO,NO,NO,NO,SI,NO,NO,NO,NO,SI,NO,NO,NO,NO,NO,NO,SI,NO,NO,NO,NO,NO,"",0,SI,3,3,UNA VEZ AL AO,NUNCA,NUNCA,UNA VEZ AL AO,UNA VEZ AL AO,NUNCA,TUVO QUE PAGAR ENTRADA,NS/NC,NS/NC,1 VEZ EN EL ULTIMO AO,NS/NC,ENTRE 1 Y 5 AOS,"",ENTRE 1 Y 5 AOS,"",ENTRE 1 Y 5 AOS,"",NO FUE NUNCA,"",HACE MAS DE 5 AOS,"",NO FUE NUNCA,"",1 VEZ EN EL ULTIMO AO,NS/NC,1 VEZ EN EL ULTIMO AO,NS/NC,1 VEZ EN EL ULTIMO AO,NS/NC,1 VEZ EN EL ULTIMO AO,NS/NC,1 VEZ EN EL ULTIMO AO,NS/NC,NO FUE NUNCA,"",1 VEZ EN EL ULTIMO AO,NS/NC,1 VEZ EN EL ULTIMO AO,NS/NC,NO FUE NUNCA,"",NO FUE NUNCA,"",1 VEZ EN EL ULTIMO AO,NS/NC,1 VEZ EN EL ULTIMO AO,NS/NC,ENTRE 1 Y 5 AOS,"",4,1,0,3,TERCIARIO INCOMPLETO,LA PERSONA QUE FUE ENTREVISTADA,"",TRABAJA,ANALISTA EN SISTEMAS,TECNICO ESPECIALIZADO. COMERCIANTE. SUPERVISOR / JEFE / CAP, ,"",SI,SI,SI,NO,SI,SI,PROPIA,NO,NO,NO,NO,NO,BARRIO CON VIVIENDAS DISTINTAS,BARRIO CON VIVIENDAS DISTINTAS,CASA,78,C2,60,60,1,120,120,2,0,0,0,120,120,2,240,240,4,240,240,4,60,60,1
18,18,2225,2017-05-17T00:00:00,CENTRO,Mujer,53,"LA FORMA DE PENSAR, IDEOLOGIA, VALORES", ,SI,"", ,NA,SI,TODOS O CASI TODOS LOS DIAS,FM,1,0,1,0,TODOS O CASI TODOS LOS DIAS,NUNCA,NUNCA,NUNCA,NUNCA,INFORMATIVOS / NOTICIEROS,NA,NA,NA,NA,NA,NA, ,1,SI,"", ,NA,ALGUNOS DIAS POR SEMANA,1,0,1,0,ALGUNAS VECES AL MES,NUNCA,ALGUNAS VECES AL MES,ALGUNOS DIAS POR SEMANA,NUNCA,NUNCA,NUNCA,NUNCA,ALGUNAS VECES AL MES,NUNCA,NUNCA,NUNCA,NUNCA,NUNCA,NUNCA,NUNCA,NUNCA,DE VEZ EN CUANDO,NUNCA,NUNCA,NUNCA,NUNCA,DE VEZ EN CUANDO,10 canciones,SI,ALGUNAS VECES AL MES,ALGUNAS VECES AL MES,YOUTUBE,CLARO MSICA,NA,NA,NA,NA,NA, ,500,0,0,0,SI,"", ,NA,ALGUNA VEZ AL AO O MENOS,1,1,1,1,0,0,NO,0,NO,SI,"", ,NA,4,4,1,0,1,0,ALGUNAS VECES AL MES,0,0,0,0,TODOS O CASI TODOS LOS DIAS,COMPUTADORA,NUNCA,NUNCA,TODOS O CASI TODOS LOS DIAS,PRINCIPALMENTE LEE ARTICULOS Y NOTICIAS DE DISTINTOS MEDIOS,SI,NA,ALGUNA VEZ AL AO,0,0,0,0,0,0,ALGUNOS DIAS POR SEMANA,NO,POR PROBLEMAS DE SALUD PARA LEER, ,SI,"",0,"",0,"", ,"",0,"",0,NA,NA,"","","","","",NA,NA,NA,NA,NA,NA,NA,NA,NA,NA,NA,NA,NA,NA,NA,NA,SI,"",NA,3,0,3,0,TELEVISION POR CABLE,NA,UNA HORA O MENOS AL DIA,VARIAS HORAS AL DIA,ALGUNAS VECES AL MES,ALGUNAS VECES AL MES,NUNCA,TODOS O CASI TODOS LOS DIAS,CASI NUNCA,HABITUALMENTE,NUNCA,3,NINGUNO,NINGUNO,SI,"", ,NA,ALGUNOS DIAS POR SEMANA,ALGUNOS DIAS POR SEMANA,ALGUNA VEZ AL AO,ALGUNAS VECES AL MES,NUNCA,ALGUNA VEZ AL AO,TODOS O CASI TODOS LOS DIAS,NUNCA,TODOS O CASI TODOS LOS DIAS,NUNCA,NUNCA,ALGUNAS VECES AL MES,ALGUNAS VECES AL MES,0,0,0,SI,"", ,NA,ALGUNA VEZ AL AO O MENOS,1,1,0,0,POR COMENTARIOS EN REDES SOCIALES, ,NUNCA,NUNCA,DE VEZ EN CUANDO,NUNCA,NUNCA,DE VEZ EN CUANDO,NUNCA,DE VEZ EN CUANDO,NUNCA,DE VEZ EN CUANDO,NUNCA,NO,NA,"",0,"",0,"",0,SI,"", ,NA,NA,SI,NA,"",INCLUYE CABLE,600,600,TODOS O CASI TODOS LOS DAS,TODOS O CASI TODOS LOS DAS,NUNCA,NUNCA,5,NO USA,5,NO USA,ALGUNAS VECES AL MES,TODOS O CASI TODOS LOS DAS,NUNCA,ALGUNAS VECES AL MES,ALGUNOS DIAS POR SEMANA,NUNCA,NUNCA,NUNCA,NUNCA,ALGUNA VEZ CADA 3 MESES,SI,SI,NO,SI,NO,TODOS O CASI TODOS LOS DAS,ALGUNAS VECES AL MES,NA,ALGUNAS VECES AL MES,NA,NO,NA, ,NUNCA,ALGUNOS DIAS POR SEMANA,ALGUNOS DIAS POR SEMANA,NUNCA,NUNCA,ALGUNAS VECES AL MES,ALGUNAS VECES AL MES,5,0,5,0,"COMENTA, COMPARTE, PARTICIPA Y/U OPINA FRENTE A CONTENIDOS",NA,"","","","","","","","","","","",2,NINGUNA,NO,1,SI,SI,500,500,0,SI,TODOS O CASI TODOS LOS DIAS,1,0,1,0,TODOS O CASI TODOS LOS DIAS,TODOS O CASI TODOS LOS DIAS,NUNCA,NUNCA,0,0,NO,NO,NO,NO,NO,NO,NO,NO,NO,NA,NA,NA,NA,NA,NA,NA,NA,NA,NA,NO,NO,NO,NO,NO,NO,"",0,NO,"",0,NA,NA,NA,NA,NA,NA,"","",0,ENTRE 1 Y 5 AOS,"",HACE MAS DE 5 AOS,"",HACE MAS DE 5 AOS,"",NO FUE NUNCA,"",NO FUE NUNCA,"",1 VEZ EN EL ULTIMO AO,NS/NC,NO FUE NUNCA,"",NO FUE NUNCA,"",NO FUE NUNCA,"",NO FUE NUNCA,"",HACE MAS DE 5 AOS,"",HACE MAS DE 5 AOS,"",HACE MAS DE 5 AOS,"",HACE MAS DE 5 AOS,"",1 VEZ EN EL ULTIMO AO,NS/NC,NO FUE NUNCA,"",NO FUE NUNCA,"",1 VEZ EN EL ULTIMO AO,NS/NC,NO FUE NUNCA,"",NO FUE NUNCA,"",2,0,0,2,SECUNDARIA COMPLETA,LA PERSONA QUE FUE ENTREVISTADA,"",TRABAJA,MUCAMA DEL HOSPITAL,"OFICIO MENOR, OBRERO NO CALIFICADO/ SERVICIO DOMESTICO", ,"",SI,SI,NO,NO,SI,SI,PROPIA,SI,NO,NO,NO,NO,BARRIO CON VIVIENDAS DISTINTAS,BARRIO CON VIVIENDAS DISTINTAS,CASA,56,C3,60,60,1,60,60,1,60,60,1,180,180,3,300,300,5,300,300,5,60,60,1
19,19,1112,2017-05-26T00:00:00,CENTRO,Mujer,63,"INFORMACION, ESTUDIAR, CONOCER", ,SI,"", ,NA,SI,ALGUNOS DIAS POR SEMANA,FM,1,0,1,0,ALGUNAS VECES AL MES,NUNCA,ALGUNOS DIAS POR SEMANA,ALGUNOS DIAS POR SEMANA,NUNCA,MUSICALES,NA,NA,NA,NA,NA,NA, ,2,SI,"", ,NA,TODOS O CASI TODOS LOS DIAS,1,0,1,0,NUNCA,NUNCA,TODOS O CASI TODOS LOS DIAS,TODOS O CASI TODOS LOS DIAS,NUNCA,NUNCA,NUNCA,NUNCA,TODOS O CASI TODOS LOS DIAS,CASI NUNCA,DE VEZ EN CUANDO,DE VEZ EN CUANDO,NUNCA,DE VEZ EN CUANDO,NUNCA,DE VEZ EN CUANDO,DE VEZ EN CUANDO,HABITUALMENTE,HABITUALMENTE,NUNCA,NUNCA,NUNCA,HABITUALMENTE,5 canciones,SI,TODOS O CASI TODOS LOS DIAS,ALGUNAS VECES AL MES,YOUTUBE,NA,NA,NA,NA,NA,NA, ,0,0,0,0,NO,POR FALTA DE DINERO, ,NO,NA,"",0,"",0,"",0,SI,NS/NC,NO,SI,"", ,NA,3,3,1,0,1,0,ALGUNOS DIAS POR SEMANA,1,1,20,20,TODOS O CASI TODOS LOS DIAS,CELULAR,ALGUNOS DIAS POR SEMANA,NUNCA,ALGUNOS DIAS POR SEMANA,PRINCIPALMENTE LEE ARTICULOS Y NOTICIAS DE DISTINTOS MEDIOS,SI,NA,ALGUNOS DIAS POR SEMANA,0,0,0,0,0,0,TODOS O CASI TODOS LOS DIAS,NO,PORQUE NO TIENE TIEMPO, ,SI,"",0,"",0,"", ,"",0,"",0,NA,NA,"","","","","",NA,NA,NA,NA,NA,NA,NA,NA,NA,NA,NA,NA,NA,NA,NA,NA,SI,"",NA,2,0,2,0,TELEVISION POR CABLE,NA,VARIAS HORAS AL DIA,UNA HORA O MENOS AL DIA,TODOS O CASI TODOS LOS DIAS,TODOS O CASI TODOS LOS DIAS,NUNCA,TODOS O CASI TODOS LOS DIAS,DE VEZ EN CUANDO,HABITUALMENTE,NUNCA,3,1,1,SI,"", ,NA,TODOS O CASI TODOS LOS DIAS,TODOS O CASI TODOS LOS DIAS,ALGUNAS VECES AL MES,NUNCA,ALGUNOS DIAS POR SEMANA,ALGUNOS DIAS POR SEMANA,ALGUNOS DIAS POR SEMANA,ALGUNOS DIAS POR SEMANA,TODOS O CASI TODOS LOS DIAS,ALGUNAS VECES AL MES,NUNCA,TODOS O CASI TODOS LOS DIAS,NUNCA,NS/NC,0,0,SI,"", ,NA,ALGUNA VEZ AL AO O MENOS,1,1,0,0,POR COMENTARIOS EN REDES SOCIALES, ,NUNCA,NUNCA,NUNCA,NUNCA,NUNCA,DE VEZ EN CUANDO,DE VEZ EN CUANDO,DE VEZ EN CUANDO,NUNCA,DE VEZ EN CUANDO,DE VEZ EN CUANDO,NO,NA,"",0,"",0,"",0,SI,"", ,NA,NA,SI,NA,"",INCLUYE CABLE,900,900,TODOS O CASI TODOS LOS DAS,TODOS O CASI TODOS LOS DAS,NUNCA,ALGUNAS VECES AL MES,5,NO USA,5,NO USA,TODOS O CASI TODOS LOS DAS,TODOS O CASI TODOS LOS DAS,NUNCA,ALGUNAS VECES AL MES,ALGUNOS DIAS POR SEMANA,NUNCA,NUNCA,NUNCA,NUNCA,ALGUNAS VECES AL MES,SI,SI,NO,SI,NO,TODOS O CASI TODOS LOS DAS,TODOS O CASI TODOS LOS DAS,NA,ALGUNOS DIAS POR SEMANA,NA,NO,NA, ,NUNCA,ALGUNOS DIAS POR SEMANA,ALGUNOS DIAS POR SEMANA,NUNCA,NUNCA,ALGUNOS DIAS POR SEMANA,NUNCA,1,0,1,0,"COMENTA, COMPARTE, PARTICIPA Y/U OPINA FRENTE A CONTENIDOS",NA,"","","","","","","","","","","",1,NINGUNA,SI,1,SI,SI,600,600,0,SI,TODOS O CASI TODOS LOS DIAS,3,0,3,0,NUNCA,TODOS O CASI TODOS LOS DIAS,NUNCA,NUNCA,0,0,NO,NO,NO,NO,NO,NO,NO,NO,NO,NA,NA,NA,NA,NA,NA,NA,NA,NA,NA,SI,NO,NO,NO,NO,NO,"",0,NO,"",0,NA,NA,NA,NA,NA,NA,"","",0,HACE MAS DE 5 AOS,"",1 VEZ EN EL ULTIMO AO,NS/NC,HACE MAS DE 5 AOS,"",NO FUE NUNCA,"",NO FUE NUNCA,"",NO FUE NUNCA,"",NO FUE NUNCA,"",NO FUE NUNCA,"",NO FUE NUNCA,"",1 VEZ EN EL ULTIMO AO,100,HACE MAS DE 5 AOS,"",HACE MAS DE 5 AOS,"",HACE MAS DE 5 AOS,"",HACE MAS DE 5 AOS,"",HACE MAS DE 5 AOS,"",HACE MAS DE 5 AOS,"",HACE MAS DE 5 AOS,"",1 VEZ EN EL ULTIMO AO,0,HACE MAS DE 5 AOS,"",HACE MAS DE 5 AOS,"",1,,,3,TERCIARIO INCOMPLETO,OTRO MIEMBRO DEL HOGAR,TERCIARIO COMPLETO,TRABAJA,JERARQUICA,EJECUTIVO MEDIO DE EMPRESA/ PROFESIONAL INDEPENDIENTE/ FUNCI, ,"",SI,SI,SI,NO,SI,SI,PROPIA,SI,NO,NO,NO,NO,BARRIO CON VIVIENDAS DISTINTAS,BARRIO CON VIVIENDAS DISTINTAS,CASA,89,C1,60,60,1,60,60,1,60,60,1,120,120,2,300,300,5,60,60,1,180,180,3
20,20,1454,2017-05-17T00:00:00,CENTRO,Varn,31,"LA FORMA DE PENSAR, IDEOLOGIA, VALORES", ,SI,"", ,NA,NO,ALGUNOS DIAS POR SEMANA,FM,0,30,0,30,TODOS O CASI TODOS LOS DIAS,TODOS O CASI TODOS LOS DIAS,NUNCA,NUNCA,NUNCA,MUSICALES,NA,NA,NA,NA,NA,NA, ,0,SI,"", ,NA,TODOS O CASI TODOS LOS DIAS,2,0,2,0,NUNCA,TODOS O CASI TODOS LOS DIAS,TODOS O CASI TODOS LOS DIAS,TODOS O CASI TODOS LOS DIAS,NUNCA,NUNCA,NUNCA,NUNCA,NUNCA,NUNCA,CASI NUNCA,HABITUALMENTE,NUNCA,NUNCA,DE VEZ EN CUANDO,DE VEZ EN CUANDO,NUNCA,NUNCA,NUNCA,HABITUALMENTE,NS/NC,NUNCA,NUNCA,9 canciones,SI,TODOS O CASI TODOS LOS DIAS,ALGUNA VEZ AL AO O MENOS,GOOGLE PLAY,YOUTUBE,NA,NA,NA,NA,NA, ,0,0,0,0,SI,"", ,NA,ALGUNA VEZ CADA 3 MESES,3,3,3,3,600,600,NO,0,NO,NO,PORQUE CREE POCO EN LOS DIARIOS/LO DEPRIMEN LAS NOTICIAS, ,NO,"",0,,,0,0,NA,"",0,"",0,NA,NA,NA,NA,NA,NA,NO,NO,NA,"",0,"",0,"",0,NA,NO,PORQUE NO LE INTERESA, ,NO,"",0,"",0,"", ,"",0,"",0,NA,NA,"","","","","",NA,NA,NA,NA,NA,NA,NA,NA,NA,NA,NA,NA,NA,NA,NA,NA,NO,PORQUE NO LE GUSTA LA TELEVISION,SI,,,0,0,NA,NA,NA,NA,NA,NA,NA,NA,NA,NA,NA,1,NINGUNO,NINGUNO,SI,"", ,NA,NUNCA,NUNCA,NUNCA,NUNCA,NUNCA,ALGUNOS DIAS POR SEMANA,ALGUNOS DIAS POR SEMANA,NUNCA,NUNCA,ALGUNOS DIAS POR SEMANA,NUNCA,ALGUNOS DIAS POR SEMANA,ALGUNOS DIAS POR SEMANA,0,0,0,NO,POR FALTA DE TIEMPO, ,SI,NA,"",0,"",0,NA, ,NA,NA,NA,NA,NA,NA,NA,NA,NA,NA,NA,NO,NA,"",0,"",0,"",0,SI,"", ,NA,NA,SI,NA,"","NO, ES SOLO LO QUE PAGO DE INTERNET",NS/NC,NS/NC,TODOS O CASI TODOS LOS DAS,TODOS O CASI TODOS LOS DAS,NUNCA,NUNCA,15,NO USA,15,NO USA,ALGUNAS VECES AL MES,ALGUNOS DIAS POR SEMANA,NUNCA,NUNCA,NUNCA,NUNCA,NUNCA,ALGUNAS VECES AL MES,NUNCA,ALGUNAS VECES AL MES,SI,SI,NO,NO,NO,TODOS O CASI TODOS LOS DAS,ALGUNOS DIAS POR SEMANA,NA,NA,NA,SI,WHATSAPP, ,NUNCA,ALGUNA VEZ AL AO O MENOS,TODOS O CASI TODOS LOS DAS,NUNCA,NUNCA,ALGUNAS VECES AL MES,ALGUNAS VECES AL MES,4,0,4,0,"COMENTA, COMPARTE, PARTICIPA Y/U OPINA FRENTE A CONTENIDOS",NA,"","","","","","","","","","","",1,NINGUNA,NO,1,SI,NO,NS/NC,NS/NC,0,NO,NA,,,0,0,NA,NA,NA,NA,"",0,NO,NO,NO,NO,NO,NO,NO,NO,NO,NA,NA,NA,NA,NA,NA,NA,NA,NA,NA,SI,NO,NO,NO,NO,NO,"",0,NO,"",0,NA,NA,NA,NA,NA,NA,"","",0,HACE MAS DE 5 AOS,"",VARIAS VECES EN EL ULTIMO AO,NS/NC,HACE MAS DE 5 AOS,"",NO FUE NUNCA,"",NO FUE NUNCA,"",ENTRE 1 Y 5 AOS,"",HACE MAS DE 5 AOS,"",ENTRE 1 Y 5 AOS,"",HACE MAS DE 5 AOS,"",ENTRE 1 Y 5 AOS,"",ENTRE 1 Y 5 AOS,"",HACE MAS DE 5 AOS,"",1 VEZ EN EL ULTIMO AO,NS/NC,HACE MAS DE 5 AOS,"",HACE MAS DE 5 AOS,"",NO FUE NUNCA,"",NO FUE NUNCA,"",1 VEZ EN EL ULTIMO AO,NS/NC,HACE MAS DE 5 AOS,"",NO FUE NUNCA,"",1,,,1,UNIVERSITARIO INCOMPLETO,LA PERSONA QUE FUE ENTREVISTADA,"",TRABAJA,EMPLEADO DE COMERCIO,TRABAJADOR/OBRERO CALIFICADO. EMPLEADO ADMINISTRATIVO MEDIO, ,"",SI,SI,SI,NO,NO,SI,ALQUILADA,NO,NO,NO,NO,NO,BARRIO CON VIVIENDAS DISTINTAS,BARRIO CON VIVIENDAS DISTINTAS,DEPARTAMENTO,64,C3,0,30,0.5,120,120,2,0,0,0,0,0,0,900,900,15,240,240,4,0,0,0
21,21,3318,2017-12-05T00:00:00,CENTRO,Varn,27,"LA TRADICION, LA HISTORIA", ,NO,PORQUE NO LE GUSTA LA RADIO, ,NO,NA,NA,NA,,,0,0,NA,NA,NA,NA,NA,NA,NA,NA,NA,NA,NA,NA, ,2,SI,"", ,NA,TODOS O CASI TODOS LOS DIAS,1,0,1,0,ALGUNAS VECES AL MES,NUNCA,ALGUNOS DIAS POR SEMANA,ALGUNOS DIAS POR SEMANA,NUNCA,ALGUNOS DIAS POR SEMANA,NUNCA,NUNCA,ALGUNOS DIAS POR SEMANA,NUNCA,CASI NUNCA,HABITUALMENTE,NUNCA,NUNCA,DE VEZ EN CUANDO,DE VEZ EN CUANDO,NUNCA,NUNCA,NUNCA,DE VEZ EN CUANDO,NUNCA,NUNCA,NUNCA,3 canciones,SI,ALGUNOS DIAS POR SEMANA,ALGUNAS VECES AL MES,SPOTIFY,YOUTUBE,ARES,NA,NA,NA,NA, ,50,1,0,1,NO,POR FALTA DE DINERO, ,SI,NA,"",0,"",0,"",0,NO,0,NO,NO,PORQUE NO LE INTERESAN LOS DIARIOS, ,SI,"",0,,,0,0,NA,"",0,"",0,NA,NA,NA,NA,NA,NA,NO,NO,NA,"",0,"",0,"",0,NA,NO,PORQUE NO TIENE TIEMPO, ,SI,"",0,"",0,"", ,"",0,"",0,NA,NA,"","","","","",NA,NA,NA,NA,NA,NA,NA,NA,NA,NA,NA,NA,NA,NA,NA,NA,SI,"",NA,1,30,1,30,TELEVISION POR CABLE,NA,UNA HORA O MENOS AL DIA,UNA HORA O MENOS AL DIA,NUNCA,NUNCA,NUNCA,TODOS O CASI TODOS LOS DIAS,NUNCA,DE VEZ EN CUANDO,CASI NUNCA,2,1,1,SI,"", ,NA,NUNCA,ALGUNAS VECES AL MES,ALGUNAS VECES AL MES,NUNCA,NUNCA,ALGUNAS VECES AL MES,ALGUNOS DIAS POR SEMANA,ALGUNOS DIAS POR SEMANA,TODOS O CASI TODOS LOS DIAS,ALGUNOS DIAS POR SEMANA,NUNCA,NUNCA,NUNCA,150,0,0,NO,PORQUE NO LE GUSTA EL CINE, ,NO,NA,"",0,"",0,NA, ,NA,NA,NA,NA,NA,NA,NA,NA,NA,NA,NA,NO,NA,"",0,"",0,"",0,SI,"", ,NA,NA,SI,NA,"",INCLUYE CABLE,800,800,TODOS O CASI TODOS LOS DAS,TODOS O CASI TODOS LOS DAS,NUNCA,ALGUNOS DIAS POR SEMANA,2,NO USA,2,NO USA,NUNCA,ALGUNOS DIAS POR SEMANA,NUNCA,ALGUNAS VECES AL MES,ALGUNOS DIAS POR SEMANA,NUNCA,NUNCA,NUNCA,NUNCA,NUNCA,SI,SI,NO,NO,NO,ALGUNOS DIAS POR SEMANA,ALGUNOS DIAS POR SEMANA,NA,NA,NA,NO,NA, ,NUNCA,NUNCA,NUNCA,NUNCA,NUNCA,ALGUNAS VECES AL MES,NUNCA,0,30,0,30,"OBSERVA LOS CONTENIDOS, SIN HACER COMENTARIOS",NA,"","","","","","","","","","","",1,NINGUNA,SI,1,SI,SI,400,400,0,SI,ALGUNOS DIAS POR SEMANA,1,0,1,0,NUNCA,NUNCA,NUNCA,ALGUNOS DIAS POR SEMANA,500,500,NO,NO,NO,NO,NO,NO,NO,NO,NO,NA,NA,NA,NA,NA,NA,NA,NA,NA,NA,SI,NO,NO,NO,NO,NO,"",0,NO,"",0,NA,NA,NA,NA,NA,NA,"","",0,ENTRE 1 Y 5 AOS,"",NO FUE NUNCA,"",ENTRE 1 Y 5 AOS,"",NO FUE NUNCA,"",NO FUE NUNCA,"",NO FUE NUNCA,"",NO FUE NUNCA,"",NO FUE NUNCA,"",NO FUE NUNCA,"",NO FUE NUNCA,"",NO FUE NUNCA,"",NO FUE NUNCA,"",NO FUE NUNCA,"",NO FUE NUNCA,"",NO FUE NUNCA,"",NO FUE NUNCA,"",NO FUE NUNCA,"",1 VEZ EN EL ULTIMO AO,150,NO FUE NUNCA,"",NO FUE NUNCA,"",4,1,0,3,SECUNDARIA COMPLETA,OTRO MIEMBRO DEL HOGAR,PRIMARIA COMPLETA,TRABAJA,EMPLEADO MUNICIPAL,TRABAJADOR/OBRERO CALIFICADO. EMPLEADO ADMINISTRATIVO MEDIO, ,"",SI,SI,NO,NO,SI,SI,PROPIA,NO,NO,NO,NO,NO,BARRIO CON VIVIENDAS DISTINTAS,BARRIO CON VIVIENDAS DISTINTAS,CASA,50,D1,0,0,0,60,60,1,0,0,0,60,90,1.5,120,120,2,0,30,0.5,60,60,1
22,22,4571,2017-12-05T00:00:00,CENTRO,Varn,53,"LA TRADICION, LA HISTORIA", ,SI,"", ,NA,NO,TODOS O CASI TODOS LOS DIAS,AMBAS POR IGUAL,2,0,2,0,TODOS O CASI TODOS LOS DIAS,NUNCA,NUNCA,NUNCA,NUNCA,INFORMATIVOS / NOTICIEROS,NA,NA,NA,NA,NA,NA, ,2,SI,"", ,NA,ALGUNAS VECES AL MES,0,15,0,15,NUNCA,NUNCA,NUNCA,NUNCA,NUNCA,NUNCA,NUNCA,NUNCA,NUNCA,DE VEZ EN CUANDO,NUNCA,NUNCA,NUNCA,NUNCA,NUNCA,NUNCA,NUNCA,NUNCA,NUNCA,NUNCA,NUNCA,NUNCA,NUNCA,NS/NC,NO,NA,NA,NA,NA,NA,NA,NA,NA,NA, ,"",0,0,0,NO,PORQUE NO LE INTERESA, ,NO,NA,"",0,"",0,"",0,SI,1,NO,SI,"", ,NA,1,1,1,0,1,0,ALGUNAS VECES AL MES,0,0,0,0,"NO LEYO DIARIOS EN PANTALLA, SOLO EN PAPEL",NA,ALGUNAS VECES AL MES,NUNCA,NUNCA,PRINCIPALMENTE LEE EN PAPEL O POR INTERNET SU DIARIO O DIARIOS PREFERIDOS,NO,NO,NA,"",0,"",0,"",0,NA,NO,PORQUE YA NO ESTUDIA, ,NO,"",0,"",0,"", ,"",0,"",0,NA,NA,"","","","","",NA,NA,NA,NA,NA,NA,NA,NA,NA,NA,NA,NA,NA,NA,NA,NA,SI,"",NA,0,30,0,30,TELEVISION POR CABLE,NA,UNA HORA O MENOS AL DIA,NO MIRA,NUNCA,NUNCA,NUNCA,TODOS O CASI TODOS LOS DIAS,NUNCA,HABITUALMENTE,NUNCA,2,NINGUNO,NINGUNO,NO,"PORQUE NO LE GUSTAN LAS PELICULAS, SERIES NI PRODUCCIONES AUOVISUALES EN GENERAL", ,NO,NA,NA,NA,NA,NA,NA,NA,NA,NA,NA,NA,NA,NA,NS/NC,0,0,NO,PORQUE NO LE GUSTA EL CINE, ,NO,NA,"",0,"",0,NA, ,NA,NA,NA,NA,NA,NA,NA,NA,NA,NA,NA,NO,NA,"",0,"",0,"",0,NO,PORQUE NO LE GUSTA, ,NO,NO,NA,NA,"",NA,"",0,NA,NA,NA,NA,,"",0,NO USA,NA,NA,NA,NA,NA,NA,NA,NA,NA,NA,NA,NA,NA,NA,NA,NA,NA,NA,NA,NA,NA,NA, ,NA,NA,NA,NA,NA,NA,NA,,,0,0,NA,NA,"","","","","","","","","","","",1,NINGUNA,SI,NINGUNO,NA,NA,"",0,0,NO,NA,,,0,0,NA,NA,NA,NA,"",0,NO,SI,NO,NO,NO,NO,NO,NO,NO,NO,SI,NO,NO,NO,NO,NO,NO,NO,NO,NO,NO,NO,NO,NO,NO,"",0,NO,"",0,NA,NA,NA,NA,NA,NA,"","",0,HACE MAS DE 5 AOS,"",NO FUE NUNCA,"",HACE MAS DE 5 AOS,"",NO FUE NUNCA,"",NO FUE NUNCA,"",HACE MAS DE 5 AOS,"",NO FUE NUNCA,"",NO FUE NUNCA,"",NO FUE NUNCA,"",NO FUE NUNCA,"",HACE MAS DE 5 AOS,"",HACE MAS DE 5 AOS,"",HACE MAS DE 5 AOS,"",HACE MAS DE 5 AOS,"",NO FUE NUNCA,"",NO FUE NUNCA,"",NO FUE NUNCA,"",HACE MAS DE 5 AOS,"",HACE MAS DE 5 AOS,"",NO FUE NUNCA,"",6,1,1,3,SECUNDARIA COMPLETA,LA PERSONA QUE FUE ENTREVISTADA,"",TRABAJA,CARPINTERO METALURGICO,"OFICIO MENOR, OBRERO NO CALIFICADO/ SERVICIO DOMESTICO", ,"",SI,SI,NO,NO,SI,SI,PROPIA,NO,NO,NO,NO,NO,BARRIO CON VIVIENDAS DISTINTAS,BARRIO CON VIVIENDAS DISTINTAS,INQUILINATO O CONVENTILLO,56,C3,120,120,2,0,15,0.25,60,60,1,0,30,0.5,0,0,0,0,0,0,0,0,0
23,23,3811,2017-05-05T00:00:00,CENTRO,Varn,75,"HABITOS, COSTUMBRES, COMPORTAMIENTOS", ,SI,"", ,NA,NO,TODOS O CASI TODOS LOS DIAS,AMBAS POR IGUAL,2,0,2,0,TODOS O CASI TODOS LOS DIAS,NUNCA,NUNCA,NUNCA,NUNCA,INFORMATIVOS / NOTICIEROS,MUSICALES,NA,NA,NA,NA,NA, ,2,SI,"", ,NA,TODOS O CASI TODOS LOS DIAS,1,0,1,0,NUNCA,NUNCA,NUNCA,NUNCA,NUNCA,NUNCA,NUNCA,NUNCA,NUNCA,HABITUALMENTE,NUNCA,NUNCA,NUNCA,NUNCA,NUNCA,NUNCA,NUNCA,NUNCA,NUNCA,NUNCA,NUNCA,DE VEZ EN CUANDO,NUNCA,8 canciones,NO,NA,NA,NA,NA,NA,NA,NA,NA,NA, ,"",0,0,0,NO,POR PROBLEMAS DE SALUD, ,SI,NA,"",0,"",0,"",0,NO,0,NO,NO,POR PROBLEMAS DE SALUD PARA LEER, ,SI,"",0,,,0,0,NA,"",0,"",0,NA,NA,NA,NA,NA,NA,NO,NO,NA,"",0,"",0,"",0,NA,NO,POR PROBLEMAS DE SALUD PARA LEER, ,NO,"",0,"",0,"", ,"",0,"",0,NA,NA,"","","","","",NA,NA,NA,NA,NA,NA,NA,NA,NA,NA,NA,NA,NA,NA,NA,NA,NO,PORQUE NO TIENE TELEVISION,NO,,,0,0,NA,NA,NA,NA,NA,NA,NA,NA,NA,NA,NA,NINGUNO,"",NINGUNO,NO,PORQUE NO TIENE TELEVISION Y/O REPRODUCTOR DE VIDEO, ,NO,NA,NA,NA,NA,NA,NA,NA,NA,NA,NA,NA,NA,NA,0,0,0,NO,PORQUE NO LE GUSTA EL CINE, ,NO,NA,"",0,"",0,NA, ,NA,NA,NA,NA,NA,NA,NA,NA,NA,NA,NA,NO,NA,"",0,"",0,"",0,NO,PORQUE NO LO PUEDE PAGAR, ,NO,NO,NA,NA,"",NA,"",0,NA,NA,NA,NA,,"",0,NO USA,NA,NA,NA,NA,NA,NA,NA,NA,NA,NA,NA,NA,NA,NA,NA,NA,NA,NA,NA,NA,NA,NA, ,NA,NA,NA,NA,NA,NA,NA,,,0,0,NA,NA,"","","","","","","","","","","",NINGUNA,NINGUNA,NO,NINGUNO,NA,NA,"",0,0,NO,NA,,,0,0,NA,NA,NA,NA,"",0,NO,SI,NO,NO,NO,NO,NO,SI,NO,NO,NO,NO,SI,NO,NO,NO,NO,NO,NO,NO,NO,NO,NO,NO,NO,"",0,NO,"",0,NA,NA,NA,NA,NA,NA,"","",0,NO FUE NUNCA,"",NO FUE NUNCA,"",NO FUE NUNCA,"",NO FUE NUNCA,"",HACE MAS DE 5 AOS,"",ENTRE 1 Y 5 AOS,"",NO FUE NUNCA,"",NO FUE NUNCA,"",NO FUE NUNCA,"",NO FUE NUNCA,"",NO FUE NUNCA,"",NO FUE NUNCA,"",NO FUE NUNCA,"",NO FUE NUNCA,"",NO FUE NUNCA,"",NO FUE NUNCA,"",NO FUE NUNCA,"",HACE MAS DE 5 AOS,"",NO FUE NUNCA,"",NO FUE NUNCA,"",2,0,2,2,PRIMARIA COMPLETA,LA PERSONA QUE FUE ENTREVISTADA,"",ES JUBILADO/PENSIONADO, ,"",ALBAIL,"OFICIO MENOR, OBRERO NO CALIFICADO/ SERVICIO DOMESTICO",SI,NO,NO,NO,NO,NO,PROPIA,NO,NO,NO,SI,NO,BARRIO CON VIVIENDAS DISTINTAS,BARRIO CON VIVIENDAS DISTINTAS,CASA,32,D2,120,120,2,60,60,1,0,0,0,0,0,0,0,0,0,0,0,0,0,0,0
24,24,3009,2017-05-16T00:00:00,CENTRO,Mujer,15,"LA TRADICION, LA HISTORIA", ,NO,PORQUE NO LE GUSTA LA RADIO, ,NO,NA,NA,NA,,,0,0,NA,NA,NA,NA,NA,NA,NA,NA,NA,NA,NA,NA, ,1,SI,"", ,NA,TODOS O CASI TODOS LOS DIAS,2,0,2,0,NUNCA,NUNCA,TODOS O CASI TODOS LOS DIAS,NS/NC,NUNCA,NUNCA,NUNCA,NUNCA,NUNCA,NUNCA,NUNCA,NUNCA,NUNCA,NUNCA,CASI NUNCA,DE VEZ EN CUANDO,NUNCA,NUNCA,HABITUALMENTE,NUNCA,NUNCA,NUNCA,HABITUALMENTE,5 canciones,SI,TODOS O CASI TODOS LOS DIAS,ALGUNOS DIAS POR SEMANA,YOUTUBE,ARES,NA,NA,NA,NA,NA, ,0,1,300,0,SI,"", ,NA,ALGUNA VEZ AL AO O MENOS,2,2,1,1,1000,1000,NO,0,NO,NO,PORQUE NO LE GUSTA LEER DIARIOS, ,NO,"",0,,,0,0,NA,"",0,"",0,NA,NA,NA,NA,NA,NA,SI,NA,ALGUNAS VECES AL MES,3,3,3,3,225,225,"NO LEYO REVISTAS EN PANTALLA, SOLO EN PAPEL",NO,NO ME GUSTA LEER, ,NO,"",0,"",0,"", ,"",0,"",0,NA,NA,"","","","","",NA,NA,NA,NA,NA,NA,NA,NA,NA,NA,NA,NA,NA,NA,NA,NA,SI,"",NA,2,0,2,0,TELEVISION POR CABLE,NA,NS/NC,VARIAS HORAS AL DIA,NUNCA,NUNCA,NUNCA,TODOS O CASI TODOS LOS DIAS,NUNCA,HABITUALMENTE,NUNCA,3,1,1,SI,"", ,NA,ALGUNOS DIAS POR SEMANA,NUNCA,NUNCA,NUNCA,NUNCA,ALGUNOS DIAS POR SEMANA,TODOS O CASI TODOS LOS DIAS,NS/NC,TODOS O CASI TODOS LOS DIAS,NUNCA,NUNCA,TODOS O CASI TODOS LOS DIAS,NUNCA,0,0,0,SI,"", ,NA,ALGUNA VEZ AL AO O MENOS,1,1,0,0,VIO O ESCUCHO EN UNA PUBLICIDAD, ,NUNCA,DE VEZ EN CUANDO,NUNCA,NUNCA,NUNCA,NUNCA,NUNCA,NUNCA,NUNCA,DE VEZ EN CUANDO,DE VEZ EN CUANDO,SI,ALGUNA VEZ AL AO O MENOS,2,2,2,2,NS/NC,NS/NC,SI,"", ,NA,NA,SI,NA,"",INCLUYE CABLE,NS/NC,NS/NC,TODOS O CASI TODOS LOS DAS,TODOS O CASI TODOS LOS DAS,ALGUNOS DIAS POR SEMANA,NUNCA,2,NO USA,2,NO USA,NUNCA,TODOS O CASI TODOS LOS DAS,ALGUNOS DIAS POR SEMANA,NUNCA,TODOS O CASI TODOS LOS DAS,NUNCA,NUNCA,ALGUNAS VECES AL MES,NUNCA,NUNCA,SI,SI,NO,NO,NO,TODOS O CASI TODOS LOS DAS,TODOS O CASI TODOS LOS DAS,NA,NA,NA,NO,NA, ,ALGUNOS DIAS POR SEMANA,ALGUNOS DIAS POR SEMANA,TODOS O CASI TODOS LOS DAS,ALGUNAS VECES AL MES,ALGUNAS VECES AL MES,ALGUNAS VECES AL MES,NUNCA,1,0,1,0,"COMENTA, COMPARTE, PARTICIPA Y/U OPINA FRENTE A CONTENIDOS",NA,"","","","","","","","","","","",1,1,SI,1,SI,NO,NS/NC,NS/NC,0,SI,ALGUNOS DIAS POR SEMANA,1,0,1,0,ALGUNOS DIAS POR SEMANA,NUNCA,ALGUNOS DIAS POR SEMANA,NUNCA,0,0,NO,NO,NO,NO,NO,NO,NO,NO,NO,NA,NA,NA,NA,NA,NA,NA,NA,NA,NA,NO,SI,NO,NO,NO,NO,3600,3600,SI,1,1,UNA VEZ AL AO,NUNCA,UNA VEZ AL AO,UNA VEZ AL AO,NUNCA,NUNCA,FUE GRATUITO,0,0,ENTRE 1 Y 5 AOS,"",NO FUE NUNCA,"",1 VEZ EN EL ULTIMO AO,NS/NC,NO FUE NUNCA,"",NO FUE NUNCA,"",NO FUE NUNCA,"",NO FUE NUNCA,"",NO FUE NUNCA,"",NO FUE NUNCA,"",NO FUE NUNCA,"",1 VEZ EN EL ULTIMO AO,NS/NC,1 VEZ EN EL ULTIMO AO,NS/NC,NO FUE NUNCA,"",NO FUE NUNCA,"",1 VEZ EN EL ULTIMO AO,NS/NC,NO FUE NUNCA,"",NO FUE NUNCA,"",1 VEZ EN EL ULTIMO AO,NS/NC,NO FUE NUNCA,"",NO FUE NUNCA,"",4,1,0,3,PRIMARIA COMPLETA,OTRO MIEMBRO DEL HOGAR,SECUNDARIA COMPLETA,TRABAJA,EMPLEADO DEL ESTADO,TRABAJADOR/OBRERO CALIFICADO. EMPLEADO ADMINISTRATIVO MEDIO, ,"",SI,SI,NO,NO,SI,SI,ALQUILADA,NO,NO,NO,NO,NO,BARRIO CON VIVIENDAS DISTINTAS,BARRIO CON VIVIENDAS DISTINTAS,CASA,58,C3,0,0,0,120,120,2,0,0,0,120,120,2,120,120,2,60,60,1,60,60,1
25,25,2523,2017-05-16T00:00:00,CENTRO,Mujer,29,"HABITOS, COSTUMBRES, COMPORTAMIENTOS", ,NO,PORQUE NO TIENE EQUIPOS DE RADIO, ,SI,NA,NA,NA,,,0,0,NA,NA,NA,NA,NA,NA,NA,NA,NA,NA,NA,NA, ,0,SI,"", ,NA,TODOS O CASI TODOS LOS DIAS,8,0,8,0,TODOS O CASI TODOS LOS DIAS,TODOS O CASI TODOS LOS DIAS,NUNCA,ALGUNOS DIAS POR SEMANA,NUNCA,NUNCA,NUNCA,NUNCA,NUNCA,NUNCA,HABITUALMENTE,HABITUALMENTE,NUNCA,NUNCA,NUNCA,NUNCA,NUNCA,NUNCA,NUNCA,DE VEZ EN CUANDO,NUNCA,NUNCA,NUNCA,3 canciones,SI,ALGUNOS DIAS POR SEMANA,NUNCA,SPOTIFY,YOUTUBE,NA,NA,NA,NA,NA, ,0,50,500,0,SI,"", ,NA,TODOS O CASI TODOS LOS MESES,20,20,18,18,6000,6000,SI,3,SI,SI,"", ,NA,1,1,0,15,0,15,ALGUNOS DIAS POR SEMANA,0,0,0,0,ALGUNOS DIAS POR SEMANA,CELULAR,NUNCA,NUNCA,TODOS O CASI TODOS LOS DIAS,PRINCIPALMENTE LEE EN PAPEL O POR INTERNET SU DIARIO O DIARIOS PREFERIDOS,SI,NA,ALGUNOS DIAS POR SEMANA,0,0,0,0,0,0,ALGUNOS DIAS POR SEMANA,SI,"", ,NA,5,5,3,3,SE LO REGALARON, ,5,5,1800,1800,ALGUNOS DIAS POR SEMANA,"NO LEYO LIBROS EN PANTALLA, SOLO EN PAPEL","","","","","",HABITUALMENTE,NUNCA,NUNCA,NUNCA,HABITUALMENTE,NUNCA,NUNCA,NUNCA,DE VEZ EN CUANDO,NUNCA,NUNCA,HABITUALMENTE,CASI NUNCA,NUNCA,CASI NUNCA,NUNCA,SI,"",NA,3,0,3,0,TELEVISION POR CABLE,NA,UNA HORA O MENOS AL DIA,VARIAS HORAS AL DIA,ALGUNAS VECES AL MES,NUNCA,NUNCA,TODOS O CASI TODOS LOS DIAS,NUNCA,HABITUALMENTE,NUNCA,2,NINGUNO,NINGUNO,SI,"", ,NA,NUNCA,ALGUNOS DIAS POR SEMANA,TODOS O CASI TODOS LOS DIAS,NUNCA,NUNCA,TODOS O CASI TODOS LOS DIAS,TODOS O CASI TODOS LOS DIAS,TODOS O CASI TODOS LOS DIAS,TODOS O CASI TODOS LOS DIAS,TODOS O CASI TODOS LOS DIAS,NUNCA,NUNCA,NUNCA,150,0,0,SI,"", ,NA,TODOS O CASI TODOS LOS MESES,10,10,2,2,VIO LOS AVANCES EN EL CINE, ,DE VEZ EN CUANDO,DE VEZ EN CUANDO,HABITUALMENTE,HABITUALMENTE,HABITUALMENTE,HABITUALMENTE,NUNCA,NUNCA,HABITUALMENTE,NUNCA,DE VEZ EN CUANDO,NO,NA,"",0,"",0,"",0,SI,"", ,NA,NA,SI,NA,"",INCLUYE CABLE,300,300,TODOS O CASI TODOS LOS DAS,TODOS O CASI TODOS LOS DAS,NUNCA,NUNCA,8,NO USA,8,NO USA,TODOS O CASI TODOS LOS DAS,TODOS O CASI TODOS LOS DAS,ALGUNOS DIAS POR SEMANA,TODOS O CASI TODOS LOS DAS,ALGUNOS DIAS POR SEMANA,NUNCA,ALGUNA VEZ CADA 3 MESES,ALGUNAS VECES AL MES,ALGUNOS DIAS POR SEMANA,TODOS O CASI TODOS LOS DAS,SI,SI,SI,NO,NO,TODOS O CASI TODOS LOS DAS,ALGUNAS VECES AL MES,ALGUNAS VECES AL MES,NA,NA,NO,NA, ,NUNCA,ALGUNOS DIAS POR SEMANA,ALGUNOS DIAS POR SEMANA,NUNCA,NUNCA,ALGUNAS VECES AL MES,NUNCA,4,0,4,0,"OBSERVA LOS CONTENIDOS, SIN HACER COMENTARIOS",NA,"","","","","","","","","","","",2,NINGUNA,NO,1,SI,NO,400,400,0,NO,NA,,,0,0,NA,NA,NA,NA,"",0,NO,NO,NO,NO,NO,NO,NO,NO,NO,NA,NA,NA,NA,NA,NA,NA,NA,NA,NA,SI,SI,NO,NO,NO,NO,3000,3000,NO,"",0,NA,NA,NA,NA,NA,NA,"","",0,ENTRE 1 Y 5 AOS,"",1 VEZ EN EL ULTIMO AO,NS/NC,NO FUE NUNCA,"",NO FUE NUNCA,"",NO FUE NUNCA,"",1 VEZ EN EL ULTIMO AO,NS/NC,NO FUE NUNCA,"",NO FUE NUNCA,"",NO FUE NUNCA,"",ENTRE 1 Y 5 AOS,"",NO FUE NUNCA,"",NO FUE NUNCA,"",NO FUE NUNCA,"",NO FUE NUNCA,"",NO FUE NUNCA,"",NO FUE NUNCA,"",NO FUE NUNCA,"",1 VEZ EN EL ULTIMO AO,NS/NC,NO FUE NUNCA,"",NO FUE NUNCA,"",2,0,0,1,UNIVERSITARIO INCOMPLETO,LA PERSONA QUE FUE ENTREVISTADA,"",TRABAJA,MANDATARIO DEL AUTOMOTOR,ALTO EJECUTIVO DE EMPRESA/ DUEO/ SOCIO DE EMPRESAS, ,"",SI,SI,SI,NO,SI,SI,ALQUILADA,NO,NO,NO,NO,NO,BARRIO CON VIVIENDAS DISTINTAS,BARRIO CON VIVIENDAS DISTINTAS,DEPARTAMENTO,80,C2,0,0,0,480,480,8,0,15,0.25,180,180,3,480,480,8,240,240,4,0,0,0
26,26,2565,2017-05-16T00:00:00,CENTRO,Varn,14,"LA TRADICION, LA HISTORIA", ,NO,PORQUE NO LE GUSTA LA RADIO, ,NO,NA,NA,NA,,,0,0,NA,NA,NA,NA,NA,NA,NA,NA,NA,NA,NA,NA, ,1,SI,"", ,NA,TODOS O CASI TODOS LOS DIAS,2,0,2,0,NUNCA,ALGUNOS DIAS POR SEMANA,ALGUNOS DIAS POR SEMANA,ALGUNOS DIAS POR SEMANA,ALGUNOS DIAS POR SEMANA,NUNCA,NUNCA,NUNCA,ALGUNOS DIAS POR SEMANA,NUNCA,NUNCA,NUNCA,NUNCA,NUNCA,DE VEZ EN CUANDO,HABITUALMENTE,DE VEZ EN CUANDO,NUNCA,HABITUALMENTE,NUNCA,NUNCA,NUNCA,HABITUALMENTE,NS/NC,SI,ALGUNOS DIAS POR SEMANA,ALGUNOS DIAS POR SEMANA,YOUTUBE,ARES,NA,NA,NA,NA,NA, ,0,0,0,1,NO,PORQUE NO TIENE CON QUIEN IR, ,NO,NA,"",0,"",0,"",0,NO,0,NO,NO,PORQUE NO LE GUSTA LEER DIARIOS, ,NO,"",0,,,0,0,NA,"",0,"",0,NA,NA,NA,NA,NA,NA,NO,NO,NA,"",0,"",0,"",0,NA,SI,"", ,NA,1,1,NS/NC,NS/NC,POR ESTUDIO, ,0,0,0,0,ALGUNA VEZ AL AO,"NO LEYO LIBROS EN PANTALLA, SOLO EN PAPEL","","","","","",NUNCA,DE VEZ EN CUANDO,DE VEZ EN CUANDO,NUNCA,HABITUALMENTE,DE VEZ EN CUANDO,NUNCA,NUNCA,NUNCA,NUNCA,NUNCA,DE VEZ EN CUANDO,NUNCA,NUNCA,NUNCA,NUNCA,SI,"",NA,2,0,2,0,TELEVISION POR CABLE,NA,NO MIRA,VARIAS HORAS AL DIA,NUNCA,NUNCA,NUNCA,TODOS O CASI TODOS LOS DIAS,CASI NUNCA,HABITUALMENTE,CASI NUNCA,3,NINGUNO,NINGUNO,SI,"", ,NA,ALGUNA VEZ AL AO,TODOS O CASI TODOS LOS DIAS,ALGUNAS VECES AL MES,NUNCA,NUNCA,ALGUNAS VECES AL MES,ALGUNOS DIAS POR SEMANA,ALGUNA VEZ AL AO,ALGUNOS DIAS POR SEMANA,ALGUNOS DIAS POR SEMANA,NUNCA,ALGUNOS DIAS POR SEMANA,ALGUNA VEZ AL AO,NS/NC,0,0,NO,PORQUE NO LE GUSTA EL CINE, ,NO,NA,"",0,"",0,NA, ,NA,NA,NA,NA,NA,NA,NA,NA,NA,NA,NA,NO,NA,"",0,"",0,"",0,SI,"", ,NA,NA,SI,NA,"",INCLUYE CABLE,NS/NC,NS/NC,TODOS O CASI TODOS LOS DAS,TODOS O CASI TODOS LOS DAS,TODOS O CASI TODOS LOS DAS,ALGUNOS DIAS POR SEMANA,1,NO USA,1,NO USA,NUNCA,NUNCA,ALGUNAS VECES AL MES,NUNCA,TODOS O CASI TODOS LOS DAS,NUNCA,NUNCA,NUNCA,NUNCA,NUNCA,SI,NO,NO,NO,NO,ALGUNOS DIAS POR SEMANA,NA,NA,NA,NA,NO,NA, ,NUNCA,NUNCA,NUNCA,NUNCA,NUNCA,NUNCA,NUNCA,0,30,0,30,"OBSERVA LOS CONTENIDOS, SIN HACER COMENTARIOS",NA,"","","","","","","","","","","",2,1,SI,1,SI,SI,NS/NC,NS/NC,NS/NC,SI,ALGUNOS DIAS POR SEMANA,1,0,1,0,ALGUNOS DIAS POR SEMANA,NUNCA,ALGUNOS DIAS POR SEMANA,NUNCA,0,0,NO,NO,NO,NO,NO,NO,NO,NO,NO,NA,NA,NA,NA,NA,NA,NA,NA,NA,NA,NO,NO,NO,NO,NO,NO,"",0,NO,"",0,NA,NA,NA,NA,NA,NA,"","",0,ENTRE 1 Y 5 AOS,"",NO FUE NUNCA,"",1 VEZ EN EL ULTIMO AO,100,NO FUE NUNCA,"",NO FUE NUNCA,"",NO FUE NUNCA,"",NO FUE NUNCA,"",NO FUE NUNCA,"",ENTRE 1 Y 5 AOS,"",ENTRE 1 Y 5 AOS,"",NO FUE NUNCA,"",NO FUE NUNCA,"",NO FUE NUNCA,"",ENTRE 1 Y 5 AOS,"",NO FUE NUNCA,"",NO FUE NUNCA,"",NO FUE NUNCA,"",1 VEZ EN EL ULTIMO AO,NS/NC,NO FUE NUNCA,"",NO FUE NUNCA,"",5,2,0,3,PRIMARIA COMPLETA,OTRO MIEMBRO DEL HOGAR,UNIVERSITARIO COMPLETO,TRABAJA,CONTADOR,EJECUTIVO MEDIO DE EMPRESA/ PROFESIONAL INDEPENDIENTE/ FUNCI, ,"",SI,SI,SI,NO,SI,SI,PROPIA,NO,NO,NO,NO,NO,BARRIO CON VIVIENDAS DISTINTAS,BARRIO CON VIVIENDAS DISTINTAS,CASA,89,C1,0,0,0,120,120,2,0,0,0,120,120,2,60,60,1,0,30,0.5,60,60,1
27,27,4625,2017-05-16T00:00:00,CENTRO,Mujer,34,"LA FORMA DE PENSAR, IDEOLOGIA, VALORES", ,SI,"", ,NA,NO,ALGUNOS DIAS POR SEMANA,FM,0,15,0,15,NS/NC,ALGUNOS DIAS POR SEMANA,NS/NC,NS/NC,NS/NC,MUSICALES,NA,NA,NA,NA,NA,NA, ,0,SI,"", ,NA,TODOS O CASI TODOS LOS DIAS,0,30,0,30,TODOS O CASI TODOS LOS DIAS,TODOS O CASI TODOS LOS DIAS,NUNCA,NUNCA,NUNCA,NUNCA,NUNCA,NUNCA,ALGUNOS DIAS POR SEMANA,NUNCA,CASI NUNCA,HABITUALMENTE,NUNCA,NUNCA,CASI NUNCA,DE VEZ EN CUANDO,NUNCA,NUNCA,NUNCA,DE VEZ EN CUANDO,NUNCA,NUNCA,DE VEZ EN CUANDO,7 canciones,NO,NA,NA,NA,NA,NA,NA,NA,NA,NA, ,"",1,290,1,SI,"", ,NA,ALGUNA VEZ AL AO O MENOS,1,1,1,1,150,150,NO,0,NO,SI,"", ,NA,2,2,0,15,0,15,ALGUNA VEZ AL AO,0,0,0,0,ALGUNOS DIAS POR SEMANA,CELULAR,NUNCA,NUNCA,ALGUNOS DIAS POR SEMANA,PRINCIPALMENTE LEE EN PAPEL O POR INTERNET SU DIARIO O DIARIOS PREFERIDOS,SI,NA,ALGUNA VEZ AL AO,NS/NC,NS/NC,NS/NC,NS/NC,NS/NC,NS/NC,ALGUNOS DIAS POR SEMANA,NO,PORQUE NO TIENE TIEMPO, ,SI,"",0,"",0,"", ,"",0,"",0,NA,NA,"","","","","",NA,NA,NA,NA,NA,NA,NA,NA,NA,NA,NA,NA,NA,NA,NA,NA,SI,"",NA,0,30,0,30,TELEVISION POR CABLE,NA,UNA HORA O MENOS AL DIA,UNA HORA O MENOS AL DIA,NUNCA,ALGUNAS VECES AL MES,NUNCA,TODOS O CASI TODOS LOS DIAS,NUNCA,DE VEZ EN CUANDO,DE VEZ EN CUANDO,2,NINGUNO,NINGUNO,SI,"", ,NA,NUNCA,ALGUNOS DIAS POR SEMANA,ALGUNAS VECES AL MES,NUNCA,NUNCA,ALGUNA VEZ CADA 3 MESES,NUNCA,NUNCA,ALGUNAS VECES AL MES,NUNCA,ALGUNAS VECES AL MES,NUNCA,NUNCA,NS/NC,5,300,SI,"", ,NA,ALGUNA VEZ AL AO O MENOS,2,2,0,0,VIO LOS AVANCES EN EL CINE, ,DE VEZ EN CUANDO,NUNCA,DE VEZ EN CUANDO,DE VEZ EN CUANDO,HABITUALMENTE,NUNCA,NUNCA,NUNCA,NUNCA,NUNCA,NUNCA,NO,NA,"",0,"",0,"",0,SI,"", ,NA,NA,SI,NA,"",INCLUYE CABLE,NS/NC,NS/NC,ALGUNAS VECES AL MES,TODOS O CASI TODOS LOS DAS,NUNCA,NUNCA,10,NO USA,10,NO USA,ALGUNOS DIAS POR SEMANA,TODOS O CASI TODOS LOS DAS,NUNCA,ALGUNAS VECES AL MES,NUNCA,NUNCA,NUNCA,NUNCA,NUNCA,ALGUNOS DIAS POR SEMANA,SI,SI,NO,SI,NO,TODOS O CASI TODOS LOS DAS,TODOS O CASI TODOS LOS DAS,NA,ALGUNA VEZ CADA 3 MESES,NA,NO,NA, ,NUNCA,ALGUNA VEZ CADA 3 MESES,TODOS O CASI TODOS LOS DAS,NUNCA,NUNCA,ALGUNA VEZ CADA 3 MESES,ALGUNAS VECES AL MES,10,0,10,0,"OBSERVA LOS CONTENIDOS, SIN HACER COMENTARIOS",NA,"","","","","","","","","","","",NINGUNA,1,NO,1,SI,SI,NS/NC,NS/NC,0,NO,NA,,,0,0,NA,NA,NA,NA,"",0,NO,NO,NO,NO,NO,NO,NO,NO,NO,NA,NA,NA,NA,NA,NA,NA,NA,NA,NA,SI,NO,NO,NO,NO,NO,"",0,SI,1,1,NUNCA,NUNCA,NUNCA,UNA VEZ AL AO,NUNCA,NUNCA,FUE GRATUITO,0,0,ENTRE 1 Y 5 AOS,"",ENTRE 1 Y 5 AOS,"",NO FUE NUNCA,"",1 VEZ EN EL ULTIMO AO,NS/NC,NO FUE NUNCA,"",NO FUE NUNCA,"",NO FUE NUNCA,"",NO FUE NUNCA,"",NO FUE NUNCA,"",NO FUE NUNCA,"",1 VEZ EN EL ULTIMO AO,NS/NC,1 VEZ EN EL ULTIMO AO,NS/NC,NO FUE NUNCA,"",NO FUE NUNCA,"",NO FUE NUNCA,"",NO FUE NUNCA,"",NO FUE NUNCA,"",1 VEZ EN EL ULTIMO AO,NS/NC,NO FUE NUNCA,"",NO FUE NUNCA,"",5,2,0,2,SECUNDARIA COMPLETA,OTRO MIEMBRO DEL HOGAR,TERCIARIO COMPLETO,TRABAJA,HEMODINAMISTA,TECNICO ESPECIALIZADO. COMERCIANTE. SUPERVISOR / JEFE / CAP, ,"",SI,SI,NO,SI,SI,SI,OTRA SITUACIN,NO,NO,NO,NO,NO,BARRIO CON VIVIENDAS DISTINTAS,BARRIO CON VIVIENDAS DISTINTAS,DEPARTAMENTO,82,C2,0,15,0.25,0,30,0.5,0,15,0.25,0,30,0.5,600,600,10,600,600,10,0,0,0
28,28,4625,2017-05-15T00:00:00,CENTRO,Mujer,46,"LA TRADICION, LA HISTORIA", ,NO,PORQUE NO LE GUSTA LA RADIO, ,NO,NA,NA,NA,,,0,0,NA,NA,NA,NA,NA,NA,NA,NA,NA,NA,NA,NA, ,NS/NC,SI,"", ,NA,TODOS O CASI TODOS LOS DIAS,1,0,1,0,NUNCA,TODOS O CASI TODOS LOS DIAS,ALGUNOS DIAS POR SEMANA,NUNCA,NUNCA,NUNCA,NUNCA,NUNCA,ALGUNOS DIAS POR SEMANA,NUNCA,NUNCA,NUNCA,NUNCA,NUNCA,NUNCA,DE VEZ EN CUANDO,DE VEZ EN CUANDO,HABITUALMENTE,HABITUALMENTE,NUNCA,NUNCA,NUNCA,DE VEZ EN CUANDO,5 canciones,SI,ALGUNOS DIAS POR SEMANA,NUNCA,YOUTUBE,CIENRADIOS,NA,NA,NA,NA,NA, ,0,0,0,0,SI,"", ,NA,ALGUNA VEZ AL AO O MENOS,3,3,2,2,1500,1500,NO,0,NO,SI,"", ,NA,2,2,0,15,0,15,"NO LEYO DIARIOS EN PAPEL, SOLO EN PANTALLA","",0,"",0,ALGUNOS DIAS POR SEMANA,CELULAR,NUNCA,NUNCA,ALGUNOS DIAS POR SEMANA,PRINCIPALMENTE LEE ARTICULOS Y NOTICIAS DE DISTINTOS MEDIOS,SI,NA,ALGUNAS VECES AL MES,5,5,0,0,150,150,ALGUNOS DIAS POR SEMANA,SI,"", ,NA,4,4,1,1,POR TRABAJO, ,4,4,1000,1000,ALGUNOS DIAS POR SEMANA,"NO LEYO LIBROS EN PANTALLA, SOLO EN PAPEL","","","","","",DE VEZ EN CUANDO,NUNCA,NUNCA,NUNCA,HABITUALMENTE,NUNCA,NUNCA,NUNCA,NUNCA,NUNCA,NUNCA,DE VEZ EN CUANDO,NUNCA,CASI NUNCA,NUNCA,NUNCA,SI,"",NA,1,0,1,0,TELEVISION POR CABLE,NA,UNA HORA O MENOS AL DIA,UNA HORA O MENOS AL DIA,NUNCA,NUNCA,NUNCA,TODOS O CASI TODOS LOS DIAS,CASI NUNCA,HABITUALMENTE,NUNCA,4,NINGUNO,NINGUNO,SI,"", ,NA,NUNCA,ALGUNOS DIAS POR SEMANA,ALGUNAS VECES AL MES,NUNCA,NUNCA,ALGUNAS VECES AL MES,TODOS O CASI TODOS LOS DIAS,NUNCA,TODOS O CASI TODOS LOS DIAS,NUNCA,NUNCA,NUNCA,NUNCA,0,0,0,NO,PORQUE NO LE GUSTA EL CINE, ,NO,NA,"",0,"",0,NA, ,NA,NA,NA,NA,NA,NA,NA,NA,NA,NA,NA,NO,NA,"",0,"",0,"",0,SI,"", ,NA,NA,SI,NA,"",INCLUYE CABLE,900,900,ALGUNOS DIAS POR SEMANA,TODOS O CASI TODOS LOS DAS,NUNCA,NUNCA,3,NO USA,3,NO USA,ALGUNOS DIAS POR SEMANA,ALGUNOS DIAS POR SEMANA,ALGUNOS DIAS POR SEMANA,NUNCA,ALGUNOS DIAS POR SEMANA,NUNCA,NUNCA,NUNCA,NUNCA,ALGUNAS VECES AL MES,SI,SI,NO,SI,NO,TODOS O CASI TODOS LOS DAS,TODOS O CASI TODOS LOS DAS,NA,ALGUNOS DIAS POR SEMANA,NA,NO,NA, ,NUNCA,ALGUNAS VECES AL MES,TODOS O CASI TODOS LOS DAS,NUNCA,NUNCA,ALGUNOS DIAS POR SEMANA,ALGUNOS DIAS POR SEMANA,1,0,1,0,"COMENTA, COMPARTE, PARTICIPA Y/U OPINA FRENTE A CONTENIDOS",NA,"","","","","","","","","","","",2,1,NO,1,SI,SI,500,500,0,SI,ALGUNOS DIAS POR SEMANA,1,0,1,0,ALGUNOS DIAS POR SEMANA,ALGUNOS DIAS POR SEMANA,NUNCA,NUNCA,0,0,NO,NO,NO,NO,NO,NO,NO,NO,NO,NA,NA,NA,NA,NA,NA,NA,NA,NA,NA,SI,SI,NO,NO,NO,NO,6000,6000,NO,"",0,NA,NA,NA,NA,NA,NA,"","",0,ENTRE 1 Y 5 AOS,"",HACE MAS DE 5 AOS,"",ENTRE 1 Y 5 AOS,"",ENTRE 1 Y 5 AOS,"",NO FUE NUNCA,"",NO FUE NUNCA,"",NO FUE NUNCA,"",NO FUE NUNCA,"",NO FUE NUNCA,"",HACE MAS DE 5 AOS,"",ENTRE 1 Y 5 AOS,"",NO FUE NUNCA,"",NO FUE NUNCA,"",HACE MAS DE 5 AOS,"",ENTRE 1 Y 5 AOS,"",NO FUE NUNCA,"",NO FUE NUNCA,"",1 VEZ EN EL ULTIMO AO,NS/NC,ENTRE 1 Y 5 AOS,"",ENTRE 1 Y 5 AOS,"",4,1,0,4,TERCIARIO COMPLETO,OTRO MIEMBRO DEL HOGAR,UNIVERSITARIO COMPLETO,TRABAJA,EMPRESARIO,ALTO EJECUTIVO DE EMPRESA/ DUEO/ SOCIO DE EMPRESAS, ,"",SI,SI,NO,SI,SI,SI,PROPIA,NO,NO,NO,NO,NO,BARRIO CON VIVIENDAS DISTINTAS,BARRIO CON VIVIENDAS DISTINTAS,CASA,92,C1,0,0,0,60,60,1,0,15,0.25,60,60,1,180,180,3,60,60,1,60,60,1
29,29,2029,2017-12-05T00:00:00,CENTRO,Mujer,76,"LA TRADICION, LA HISTORIA", ,SI,"", ,NA,NO,TODOS O CASI TODOS LOS DIAS,AMBAS POR IGUAL,2,0,2,0,TODOS O CASI TODOS LOS DIAS,NUNCA,NUNCA,NUNCA,NUNCA,INFORMATIVOS / NOTICIEROS,NA,NA,NA,NA,NA,NA, ,2,NO,PORQUE NO LE INTERESA, ,SI,NA,,,0,0,NA,NA,NA,NA,NA,NA,NA,NA,NA,NA,NA,NA,NA,NA,NA,NA,NA,NA,NA,NA,NA,NA,NA,"",NA,NA,NA,NA,NA,NA,NA,NA,NA,NA, ,"",0,0,0,NO,PORQUE NO LE INTERESA, ,NO,NA,"",0,"",0,"",0,NO,0,NO,SI,"", ,NA,1,1,1,0,1,0,ALGUNOS DIAS POR SEMANA,1,1,18,18,"NO LEYO DIARIOS EN PANTALLA, SOLO EN PAPEL",NA,ALGUNOS DIAS POR SEMANA,NUNCA,NUNCA,PRINCIPALMENTE LEE EN PAPEL O POR INTERNET SU DIARIO O DIARIOS PREFERIDOS,SI,NA,ALGUNOS DIAS POR SEMANA,2,2,0,0,30,30,"NO LEYO REVISTAS EN PANTALLA, SOLO EN PAPEL",NO,POR PROBLEMAS DE SALUD PARA LEER, ,SI,"",0,"",0,"", ,"",0,"",0,NA,NA,"","","","","",NA,NA,NA,NA,NA,NA,NA,NA,NA,NA,NA,NA,NA,NA,NA,NA,SI,"",NA,3,0,3,0,TELEVISION POR CABLE,NA,UNA HORA O MENOS AL DIA,VARIAS HORAS AL DIA,NUNCA,NUNCA,NUNCA,TODOS O CASI TODOS LOS DIAS,NUNCA,HABITUALMENTE,NUNCA,3,NINGUNO,NINGUNO,NO,"PORQUE NO LE GUSTAN LAS PELICULAS, SERIES NI PRODUCCIONES AUOVISUALES EN GENERAL", ,SI,NA,NA,NA,NA,NA,NA,NA,NA,NA,NA,NA,NA,NA,0,0,0,NO,POR PROBLEMAS DE SALUD EN LA VISTA, ,SI,NA,"",0,"",0,NA, ,NA,NA,NA,NA,NA,NA,NA,NA,NA,NA,NA,NO,NA,"",0,"",0,"",0,NO,PORQUE NO APRENDI A USAR INTERNET, ,NO,NO,NA,NA,"",NA,"",0,NA,NA,NA,NA,,"",0,NO USA,NA,NA,NA,NA,NA,NA,NA,NA,NA,NA,NA,NA,NA,NA,NA,NA,NA,NA,NA,NA,NA,NA, ,NA,NA,NA,NA,NA,NA,NA,,,0,0,NA,NA,"","","","","","","","","","","",1,NINGUNA,SI,NINGUNO,NA,NA,"",0,0,NO,NA,,,0,0,NA,NA,NA,NA,"",0,NO,SI,NO,NO,NO,NO,NO,NO,NO,NO,NO,NO,SI,NO,NO,NO,NO,NO,NO,NO,NO,NO,NO,NO,NO,"",0,NO,"",0,NA,NA,NA,NA,NA,NA,"","",0,HACE MAS DE 5 AOS,"",ENTRE 1 Y 5 AOS,"",HACE MAS DE 5 AOS,"",HACE MAS DE 5 AOS,"",NO FUE NUNCA,"",ENTRE 1 Y 5 AOS,"",NO FUE NUNCA,"",NO FUE NUNCA,"",NO FUE NUNCA,"",HACE MAS DE 5 AOS,"",HACE MAS DE 5 AOS,"",HACE MAS DE 5 AOS,"",HACE MAS DE 5 AOS,"",HACE MAS DE 5 AOS,"",HACE MAS DE 5 AOS,"",HACE MAS DE 5 AOS,"",NO FUE NUNCA,"",ENTRE 1 Y 5 AOS,"",ENTRE 1 Y 5 AOS,"",NO FUE NUNCA,"",1,,,2,TERCIARIO COMPLETO,LA PERSONA QUE FUE ENTREVISTADA,"",ES JUBILADO/PENSIONADO, ,"",DOCENTE,TRABAJADOR/OBRERO CALIFICADO. EMPLEADO ADMINISTRATIVO MEDIO,SI,NO,NO,NO,NO,NO,PROPIA,NO,NO,NO,NO,NO,BARRIO CON VIVIENDAS DISTINTAS,BARRIO CON VIVIENDAS DISTINTAS,CASA,58,C3,120,120,2,0,0,0,60,60,1,180,180,3,0,0,0,0,0,0,0,0,0
30,30,4157,2017-12-05T00:00:00,CENTRO,Varn,34,"LA FORMA DE PENSAR, IDEOLOGIA, VALORES", ,SI,"", ,NA,NO,ALGUNOS DIAS POR SEMANA,FM,0,30,0,30,NUNCA,ALGUNOS DIAS POR SEMANA,NUNCA,NUNCA,NUNCA,INFORMATIVOS / NOTICIEROS,DEPORTIVOS,NA,NA,NA,NA,NA, ,0,SI,"", ,NA,ALGUNOS DIAS POR SEMANA,0,30,0,30,NUNCA,ALGUNOS DIAS POR SEMANA,NUNCA,NUNCA,NUNCA,NUNCA,NUNCA,NUNCA,ALGUNOS DIAS POR SEMANA,NUNCA,DE VEZ EN CUANDO,DE VEZ EN CUANDO,NUNCA,NUNCA,NUNCA,NUNCA,NUNCA,NUNCA,CASI NUNCA,DE VEZ EN CUANDO,NUNCA,DE VEZ EN CUANDO,DE VEZ EN CUANDO,8 canciones,NO,NA,NA,NA,NA,NA,NA,NA,NA,NA, ,"",0,0,0,SI,"", ,NA,ALGUNA VEZ AL AO O MENOS,2,2,2,2,600,600,NO,0,NO,SI,"", ,NA,2,2,0,10,0,10,ALGUNA VEZ AL AO,0,0,0,0,ALGUNOS DIAS POR SEMANA,CELULAR,NUNCA,NUNCA,ALGUNOS DIAS POR SEMANA,AMBAS POR IGUAL,SI,NA,ALGUNOS DIAS POR SEMANA,0,0,0,0,0,0,ALGUNOS DIAS POR SEMANA,NO,PORQUE NO TIENE TIEMPO, ,SI,"",0,"",0,"", ,"",0,"",0,NA,NA,"","","","","",NA,NA,NA,NA,NA,NA,NA,NA,NA,NA,NA,NA,NA,NA,NA,NA,SI,"",NA,1,30,1,30,TELEVISION POR CABLE,NA,NO MIRA,UNA HORA O MENOS AL DIA,NUNCA,NUNCA,NUNCA,TODOS O CASI TODOS LOS DIAS,NUNCA,DE VEZ EN CUANDO,NUNCA,3,NINGUNO,NINGUNO,SI,"", ,NA,NUNCA,ALGUNAS VECES AL MES,ALGUNOS DIAS POR SEMANA,NUNCA,NUNCA,ALGUNOS DIAS POR SEMANA,ALGUNAS VECES AL MES,NUNCA,ALGUNOS DIAS POR SEMANA,NUNCA,ALGUNAS VECES AL MES,NUNCA,NUNCA,0,4,200,SI,"", ,NA,ALGUNA VEZ AL AO O MENOS,2,2,0,0,VIO LOS AVANCES EN EL CINE, ,HABITUALMENTE,CASI NUNCA,DE VEZ EN CUANDO,DE VEZ EN CUANDO,HABITUALMENTE,NUNCA,NUNCA,NUNCA,DE VEZ EN CUANDO,NUNCA,NUNCA,NO,NA,"",0,"",0,"",0,SI,"", ,NA,NA,SI,NA,"",INCLUYE CABLE,500,500,NUNCA,TODOS O CASI TODOS LOS DAS,NUNCA,NUNCA,0,30,0,30,NUNCA,ALGUNOS DIAS POR SEMANA,NUNCA,NUNCA,NUNCA,NUNCA,NUNCA,NUNCA,NUNCA,ALGUNA VEZ AL AO O MENOS,SI,NO,NO,NO,NO,ALGUNOS DIAS POR SEMANA,NA,NA,NA,NA,NO,NA, ,NUNCA,ALGUNA VEZ CADA 3 MESES,ALGUNAS VECES AL MES,NUNCA,NUNCA,NUNCA,ALGUNAS VECES AL MES,0,30,0,30,"OBSERVA LOS CONTENIDOS, SIN HACER COMENTARIOS",NA,"","","","","","","","","","","",2,1,NO,1,SI,NO,400,400,0,NO,NA,,,0,0,NA,NA,NA,NA,"",0,NO,NO,NO,NO,NO,NO,NO,NO,NO,NA,NA,NA,NA,NA,NA,NA,NA,NA,NA,NO,NO,NO,NO,NO,NO,"",0,NO,"",0,NA,NA,NA,NA,NA,NA,"","",0,ENTRE 1 Y 5 AOS,"",ENTRE 1 Y 5 AOS,"",HACE MAS DE 5 AOS,"",NO FUE NUNCA,"",NO FUE NUNCA,"",1 VEZ EN EL ULTIMO AO,NS/NC,NO FUE NUNCA,"",NO FUE NUNCA,"",NO FUE NUNCA,"",HACE MAS DE 5 AOS,"",NO FUE NUNCA,"",HACE MAS DE 5 AOS,"",NO FUE NUNCA,"",NO FUE NUNCA,"",NO FUE NUNCA,"",NO FUE NUNCA,"",NO FUE NUNCA,"",ENTRE 1 Y 5 AOS,"",NO FUE NUNCA,"",NO FUE NUNCA,"",4,1,0,3,TERCIARIO COMPLETO,OTRO MIEMBRO DEL HOGAR,SECUNDARIA COMPLETA,TRABAJA,DOCENTE DE NIVEL INICIAL,TRABAJADOR/OBRERO CALIFICADO. EMPLEADO ADMINISTRATIVO MEDIO, ,"",SI,SI,NO,NO,SI,SI,ALQUILADA,NO,NO,NO,NO,NO,BARRIO CON VIVIENDAS DISTINTAS,BARRIO CON VIVIENDAS DISTINTAS,CASA,58,C3,0,30,0.5,0,30,0.5,0,10,0.166666667,60,90,1.5,0,30,0.5,0,30,0.5,0,0,0
31,31,2012,2017-05-18T00:00:00,CENTRO,Varn,19,"HABITOS, COSTUMBRES, COMPORTAMIENTOS", ,NO,PORQUE NO LE INTERESA, ,NO,NA,NA,NA,,,0,0,NA,NA,NA,NA,NA,NA,NA,NA,NA,NA,NA,NA, ,1,SI,"", ,NA,TODOS O CASI TODOS LOS DIAS,6,30,6,30,ALGUNOS DIAS POR SEMANA,NUNCA,NUNCA,ALGUNOS DIAS POR SEMANA,NUNCA,NUNCA,NUNCA,NUNCA,TODOS O CASI TODOS LOS DIAS,NUNCA,NUNCA,NUNCA,NUNCA,NUNCA,HABITUALMENTE,HABITUALMENTE,NUNCA,NUNCA,NUNCA,DE VEZ EN CUANDO,NUNCA,NUNCA,NUNCA,7 canciones,NO,NA,NA,NA,NA,NA,NA,NA,NA,NA, ,"",0,0,0,SI,"", ,NA,ALGUNA VEZ CADA 3 MESES,4,4,4,4,0,0,NO,0,NO,NO,PORQUE NO LE GUSTA LEER DIARIOS, ,NO,"",0,,,0,0,NA,"",0,"",0,NA,NA,NA,NA,NA,NA,NO,NO,NA,"",0,"",0,"",0,NA,NO,PORQUE NO LE INTERESA, ,NO,"",0,"",0,"", ,"",0,"",0,NA,NA,"","","","","",NA,NA,NA,NA,NA,NA,NA,NA,NA,NA,NA,NA,NA,NA,NA,NA,SI,"",NA,3,30,3,30,TELEVISION POR CABLE,NA,ALGUNAS VECES POR SEMANA,UNA HORA O MENOS AL DIA,NUNCA,NUNCA,NUNCA,TODOS O CASI TODOS LOS DIAS,CASI NUNCA,DE VEZ EN CUANDO,NUNCA,3,NINGUNO,NINGUNO,SI,"", ,NA,ALGUNOS DIAS POR SEMANA,ALGUNOS DIAS POR SEMANA,NUNCA,NUNCA,ALGUNOS DIAS POR SEMANA,TODOS O CASI TODOS LOS DIAS,TODOS O CASI TODOS LOS DIAS,ALGUNOS DIAS POR SEMANA,TODOS O CASI TODOS LOS DIAS,NUNCA,ALGUNAS VECES AL MES,NUNCA,NUNCA,NS/NC,NS/NC,NS/NC,NO,POR FALTA DE DINERO, ,NO,NA,"",0,"",0,NA, ,NA,NA,NA,NA,NA,NA,NA,NA,NA,NA,NA,NO,NA,"",0,"",0,"",0,SI,"", ,NA,NA,SI,NA,"",NS/NC,NS/NC,NS/NC,ALGUNAS VECES AL MES,TODOS O CASI TODOS LOS DAS,NUNCA,NUNCA,24,NO USA,24,NO USA,NUNCA,NUNCA,NUNCA,NUNCA,ALGUNOS DIAS POR SEMANA,NUNCA,NUNCA,NUNCA,NUNCA,NUNCA,SI,NO,NO,NO,NO,TODOS O CASI TODOS LOS DAS,NA,NA,NA,NA,NO,NA, ,ALGUNAS VECES AL MES,NUNCA,NUNCA,NUNCA,NUNCA,ALGUNOS DIAS POR SEMANA,NUNCA,2,0,2,0,"OBSERVA LOS CONTENIDOS, SIN HACER COMENTARIOS",NA,"","","","","","","","","","","",1,NINGUNA,SI,1,SI,NO,NS/NC,NS/NC,NS/NC,SI,ALGUNOS DIAS POR SEMANA,5,30,5,30,ALGUNOS DIAS POR SEMANA,TODOS O CASI TODOS LOS DIAS,NUNCA,NUNCA,NS/NC,NS/NC,NO,NO,NO,NO,NO,NO,NO,NO,NO,NA,NA,NA,NA,NA,NA,NA,NA,NA,NA,NO,NO,NO,NO,NO,NO,"",0,NO,"",0,NA,NA,NA,NA,NA,NA,"","",0,HACE MAS DE 5 AOS,"",NO FUE NUNCA,"",ENTRE 1 Y 5 AOS,"",NO FUE NUNCA,"",NO FUE NUNCA,"",NO FUE NUNCA,"",NO FUE NUNCA,"",NO FUE NUNCA,"",NO FUE NUNCA,"",NO FUE NUNCA,"",NO FUE NUNCA,"",NO FUE NUNCA,"",NO FUE NUNCA,"",NO FUE NUNCA,"",NO FUE NUNCA,"",NO FUE NUNCA,"",NO FUE NUNCA,"",NO FUE NUNCA,"",NO FUE NUNCA,"",NO FUE NUNCA,"",5,2,0,3,SECUNDARIA INCOMPLETA,OTRO MIEMBRO DEL HOGAR,PRIMARIA COMPLETA,TRABAJA,DEMOLICION,"OFICIO MENOR, OBRERO NO CALIFICADO/ SERVICIO DOMESTICO", ,"",NO,SI,NO,NO,SI,SI,PROPIA,NO,NO,NO,NO,NO,BARRIO CON VIVIENDAS DISTINTAS,BARRIO CON VIVIENDAS DISTINTAS,CASA,40,D1,0,0,0,360,390,6.5,0,0,0,180,210,3.5,1440,1440,24,120,120,2,300,330,5.5
32,32,6035,2017-05-17T00:00:00,CENTRO,Varn,21,"LA TRADICION, LA HISTORIA", ,SI,"", ,NA,NO,ALGUNOS DIAS POR SEMANA,FM,1,0,1,0,ALGUNOS DIAS POR SEMANA,ALGUNOS DIAS POR SEMANA,NUNCA,NUNCA,NUNCA,INFORMATIVOS / NOTICIEROS,MUSICALES,DEPORTIVOS,NA,NA,NA,NA, ,1,SI,"", ,NA,ALGUNOS DIAS POR SEMANA,0,30,0,30,NUNCA,ALGUNOS DIAS POR SEMANA,NUNCA,ALGUNOS DIAS POR SEMANA,NUNCA,NUNCA,NUNCA,NUNCA,NUNCA,CASI NUNCA,CASI NUNCA,DE VEZ EN CUANDO,NUNCA,NUNCA,DE VEZ EN CUANDO,DE VEZ EN CUANDO,NUNCA,NUNCA,NUNCA,HABITUALMENTE,HABITUALMENTE,NUNCA,NUNCA,3 canciones,SI,TODOS O CASI TODOS LOS DIAS,ALGUNOS DIAS POR SEMANA,YOUTUBE,NA,NA,NA,NA,NA,NA, ,0,0,0,0,NO,POR FALTA DE TIEMPO, ,NO,NA,"",0,"",0,"",0,NO,0,NO,NO,PORQUE NO LE GUSTA LEER DIARIOS, ,SI,"",0,,,0,0,NA,"",0,"",0,NA,NA,NA,NA,NA,NA,NO,NO,NA,"",0,"",0,"",0,NA,SI,"", ,NA,10,10,10,10,"SE LO HABIA RECOMENDADO UN PROFESOR, REFERENTE POLITICO, RELIGIOSO O ESPIRITUAL", ,2,2,300,300,ALGUNOS DIAS POR SEMANA,"NO LEYO LIBROS EN PANTALLA, SOLO EN PAPEL","","","","","",CASI NUNCA,CASI NUNCA,CASI NUNCA,NUNCA,HABITUALMENTE,HABITUALMENTE,NUNCA,DE VEZ EN CUANDO,NUNCA,NUNCA,NUNCA,DE VEZ EN CUANDO,NUNCA,NUNCA,NUNCA,NUNCA,SI,"",NA,2,0,2,0,TELEVISION SATELITAL,NA,UNA HORA O MENOS AL DIA,ALGUNAS VECES POR SEMANA,NUNCA,NUNCA,NUNCA,TODOS O CASI TODOS LOS DIAS,NUNCA,HABITUALMENTE,NUNCA,3,NINGUNO,NINGUNO,SI,"", ,NA,ALGUNAS VECES AL MES,NUNCA,ALGUNAS VECES AL MES,ALGUNAS VECES AL MES,ALGUNAS VECES AL MES,ALGUNOS DIAS POR SEMANA,ALGUNAS VECES AL MES,ALGUNOS DIAS POR SEMANA,ALGUNOS DIAS POR SEMANA,NUNCA,NUNCA,ALGUNOS DIAS POR SEMANA,NUNCA,800,0,0,SI,"", ,NA,ALGUNA VEZ CADA 3 MESES,4,4,0,0,"NO TENIA DECIDIDO IR A VERLA, LA ELIGIO EN EL MOMENTO", ,HABITUALMENTE,DE VEZ EN CUANDO,DE VEZ EN CUANDO,DE VEZ EN CUANDO,DE VEZ EN CUANDO,CASI NUNCA,DE VEZ EN CUANDO,CASI NUNCA,CASI NUNCA,CASI NUNCA,DE VEZ EN CUANDO,NO,NA,"",0,"",0,"",0,SI,"", ,NA,NA,SI,NA,"",INCLUYE TELFONO,400,400,ALGUNAS VECES AL MES,TODOS O CASI TODOS LOS DAS,NUNCA,NUNCA,8,30,8,30,ALGUNOS DIAS POR SEMANA,ALGUNOS DIAS POR SEMANA,TODOS O CASI TODOS LOS DAS,NUNCA,ALGUNOS DIAS POR SEMANA,NUNCA,NUNCA,NUNCA,ALGUNOS DIAS POR SEMANA,NUNCA,SI,SI,SI,NO,NO,ALGUNAS VECES AL MES,TODOS O CASI TODOS LOS DAS,ALGUNOS DIAS POR SEMANA,NA,NA,NO,NA, ,NUNCA,NUNCA,NUNCA,NUNCA,NUNCA,ALGUNOS DIAS POR SEMANA,NUNCA,2,0,2,0,"OBSERVA LOS CONTENIDOS, SIN HACER COMENTARIOS",NA,"","","","","","","","","","","",1,1,SI,1,SI,SI,400,400,0,SI,ALGUNAS VECES AL MES,1,30,1,30,NUNCA,NUNCA,NUNCA,ALGUNAS VECES AL MES,0,0,NO,NO,NO,NO,NO,NO,NO,NO,NO,NA,NA,NA,NA,NA,NA,NA,NA,NA,NA,SI,NO,NO,NO,NO,NO,"",0,NO,"",0,NA,NA,NA,NA,NA,NA,"","",0,HACE MAS DE 5 AOS,"",NO FUE NUNCA,"",NO FUE NUNCA,"",NO FUE NUNCA,"",NO FUE NUNCA,"",NO FUE NUNCA,"",NO FUE NUNCA,"",NO FUE NUNCA,"",ENTRE 1 Y 5 AOS,"",NO FUE NUNCA,"",1 VEZ EN EL ULTIMO AO,30,HACE MAS DE 5 AOS,"",HACE MAS DE 5 AOS,"",1 VEZ EN EL ULTIMO AO,150,HACE MAS DE 5 AOS,"",NO FUE NUNCA,"",NO FUE NUNCA,"",VARIAS VECES EN EL ULTIMO AO,200,HACE MAS DE 5 AOS,"",NO FUE NUNCA,"",10,1,1,4,TERCIARIO INCOMPLETO,OTRO MIEMBRO DEL HOGAR,SECUNDARIA COMPLETA,TRABAJA,FABRICA TEXTIL,TECNICO ESPECIALIZADO. COMERCIANTE. SUPERVISOR / JEFE / CAP, ,"",SI,SI,NO,SI,SI,SI,PROPIA,NO,NO,NO,NO,NO,BARRIO DE VIVIENDA SOCIAL,BARRIO DE VIVIENDA SOCIAL,CASA,72,C2,60,60,1,0,30,0.5,0,0,0,120,120,2,480,510,8.5,120,120,2,60,90,1.5
33,33,2651,2017-05-16T00:00:00,CENTRO,Varn,33,"INFORMACION, ESTUDIAR, CONOCER", ,SI,"", ,NA,SI,ALGUNOS DIAS POR SEMANA,FM,3,0,3,0,ALGUNOS DIAS POR SEMANA,NUNCA,NUNCA,TODOS O CASI TODOS LOS DIAS,NUNCA,MUSICALES,CULTURALES,NA,NA,NA,NA,NA, ,1,SI,"", ,NA,TODOS O CASI TODOS LOS DIAS,4,0,4,0,NUNCA,NUNCA,NUNCA,TODOS O CASI TODOS LOS DIAS,NUNCA,NUNCA,TODOS O CASI TODOS LOS DIAS,NUNCA,ALGUNOS DIAS POR SEMANA,CASI NUNCA,NUNCA,NUNCA,NUNCA,NUNCA,DE VEZ EN CUANDO,HABITUALMENTE,CASI NUNCA,NUNCA,DE VEZ EN CUANDO,NUNCA,DE VEZ EN CUANDO,NUNCA,NUNCA,4 canciones,SI,TODOS O CASI TODOS LOS DIAS,ALGUNOS DIAS POR SEMANA,YOUTUBE,PERSONAL PLAY MSICA,NA,NA,NA,NA,NA, ,NS/NC,0,0,0,NO,POR INSEGURIDAD, ,NO,NA,"",0,"",0,"",0,NO,0,NO,SI,"", ,NA,1,1,0,20,0,20,ALGUNAS VECES AL MES,0,0,0,0,TODOS O CASI TODOS LOS DIAS,CELULAR,NUNCA,ALGUNAS VECES AL MES,TODOS O CASI TODOS LOS DIAS,PRINCIPALMENTE LEE ARTICULOS Y NOTICIAS DE DISTINTOS MEDIOS,SI,NA,ALGUNAS VECES AL MES,0,0,0,0,0,0,TODOS O CASI TODOS LOS DIAS,NO,PORQUE YA NO ESTUDIA, ,SI,"",0,"",0,"", ,"",0,"",0,NA,NA,"","","","","",NA,NA,NA,NA,NA,NA,NA,NA,NA,NA,NA,NA,NA,NA,NA,NA,SI,"",NA,3,0,3,0,TELEVISION POR CABLE,NA,VARIAS HORAS AL DIA,VARIAS HORAS AL DIA,NUNCA,TODOS O CASI TODOS LOS DIAS,NUNCA,TODOS O CASI TODOS LOS DIAS,NUNCA,HABITUALMENTE,DE VEZ EN CUANDO,1,NINGUNO,NINGUNO,SI,"", ,NA,TODOS O CASI TODOS LOS DIAS,TODOS O CASI TODOS LOS DIAS,ALGUNAS VECES AL MES,NUNCA,ALGUNA VEZ CADA 3 MESES,ALGUNOS DIAS POR SEMANA,NUNCA,ALGUNAS VECES AL MES,ALGUNOS DIAS POR SEMANA,NUNCA,NUNCA,TODOS O CASI TODOS LOS DIAS,NUNCA,0,0,0,NO,PORQUE NO TENGO NINGUNO CERCA, ,NO,NA,"",0,"",0,NA, ,NA,NA,NA,NA,NA,NA,NA,NA,NA,NA,NA,NO,NA,"",0,"",0,"",0,SI,"", ,NA,NA,NO,SI,600,NA,"",0,NUNCA,TODOS O CASI TODOS LOS DAS,NUNCA,NUNCA,18,NO USA,18,NO USA,NUNCA,NUNCA,NUNCA,NUNCA,TODOS O CASI TODOS LOS DAS,NUNCA,NUNCA,NUNCA,NUNCA,NUNCA,SI,NO,NO,NO,NO,TODOS O CASI TODOS LOS DAS,NA,NA,NA,NA,NO,NA, ,NUNCA,NUNCA,ALGUNAS VECES AL MES,NUNCA,NUNCA,ALGUNAS VECES AL MES,NUNCA,18,0,18,0,"OBSERVA LOS CONTENIDOS, SIN HACER COMENTARIOS",NA,"","","","","","","","","","","",NINGUNA,NINGUNA,SI,1,SI,NO,200,200,0,SI,ALGUNOS DIAS POR SEMANA,1,0,1,0,NUNCA,ALGUNOS DIAS POR SEMANA,NUNCA,NUNCA,0,0,SI,NO,NO,NO,SI,NO,NO,NO,NO,NO,SI,NO,NO,NO,NO,NO,NO,NO,NO,SI,NO,NO,NO,NO,NO,"",0,NO,"",0,NA,NA,NA,NA,NA,NA,"","",0,HACE MAS DE 5 AOS,"",NO FUE NUNCA,"",1 VEZ EN EL ULTIMO AO,400,NO FUE NUNCA,"",NO FUE NUNCA,"",NO FUE NUNCA,"",NO FUE NUNCA,"",NO FUE NUNCA,"",NO FUE NUNCA,"",ENTRE 1 Y 5 AOS,"",NO FUE NUNCA,"",NO FUE NUNCA,"",NO FUE NUNCA,"",NO FUE NUNCA,"",NO FUE NUNCA,"",NO FUE NUNCA,"",NO FUE NUNCA,"",NO FUE NUNCA,"",NO FUE NUNCA,"",NO FUE NUNCA,"",6,3,0,3,SECUNDARIA COMPLETA,OTRO MIEMBRO DEL HOGAR,PRIMARIA COMPLETA,ES JUBILADO/PENSIONADO, ,"",LIMPIEZA,"OFICIO MENOR, OBRERO NO CALIFICADO/ SERVICIO DOMESTICO",SI,NO,NO,NO,SI,SI,PROPIA,NO,NO,NO,NO,NO,BARRIO CON VIVIENDAS DISTINTAS,BARRIO CON VIVIENDAS DISTINTAS,CASA,40,D1,180,180,3,240,240,4,0,20,0.333333333,180,180,3,1080,1080,18,1080,1080,18,60,60,1
34,34,884,2017-05-18T00:00:00,CENTRO,Varn,45,"INFORMACION, ESTUDIAR, CONOCER", ,SI,"", ,NA,NO,ALGUNOS DIAS POR SEMANA,AMBAS POR IGUAL,3,30,3,30,ALGUNOS DIAS POR SEMANA,NUNCA,NUNCA,TODOS O CASI TODOS LOS DIAS,NUNCA,MUSICALES,DEPORTIVOS,NA,NA,NA,NA,NA, ,1,SI,"", ,NA,ALGUNOS DIAS POR SEMANA,2,0,2,0,ALGUNOS DIAS POR SEMANA,NUNCA,NUNCA,ALGUNOS DIAS POR SEMANA,NUNCA,NUNCA,NUNCA,NUNCA,ALGUNOS DIAS POR SEMANA,NUNCA,NUNCA,CASI NUNCA,NUNCA,NUNCA,DE VEZ EN CUANDO,HABITUALMENTE,NUNCA,NUNCA,NUNCA,DE VEZ EN CUANDO,NUNCA,NUNCA,NUNCA,6 canciones,NO,NA,NA,NA,NA,NA,NA,NA,NA,NA, ,"",NS/NC,NS/NC,0,SI,"", ,NA,ALGUNA VEZ CADA 3 MESES,6,6,6,6,NS/NC,NS/NC,NO,0,NO,SI,"", ,NA,2,2,1,30,1,30,ALGUNAS VECES AL MES,NS/NC,NS/NC,NS/NC,NS/NC,"NO LEYO DIARIOS EN PANTALLA, SOLO EN PAPEL",NA,ALGUNAS VECES AL MES,NUNCA,NUNCA,PRINCIPALMENTE LEE EN PAPEL O POR INTERNET SU DIARIO O DIARIOS PREFERIDOS,NO,NO,NA,"",0,"",0,"",0,NA,NO,PORQUE NO TIENE TIEMPO, ,SI,"",0,"",0,"", ,"",0,"",0,NA,NA,"","","","","",NA,NA,NA,NA,NA,NA,NA,NA,NA,NA,NA,NA,NA,NA,NA,NA,SI,"",NA,4,0,4,0,TELEVISION POR CABLE,NA,UNA HORA O MENOS AL DIA,VARIAS HORAS AL DIA,NUNCA,NUNCA,NUNCA,TODOS O CASI TODOS LOS DIAS,NUNCA,HABITUALMENTE,NUNCA,1,NINGUNO,NINGUNO,SI,"", ,NA,NUNCA,NUNCA,NUNCA,ALGUNOS DIAS POR SEMANA,ALGUNOS DIAS POR SEMANA,ALGUNOS DIAS POR SEMANA,NUNCA,ALGUNOS DIAS POR SEMANA,TODOS O CASI TODOS LOS DIAS,NUNCA,ALGUNOS DIAS POR SEMANA,NUNCA,NUNCA,NS/NC,NS/NC,NS/NC,NO,PORQUE IR AL CINE ES MUY CARO, ,SI,NA,"",0,"",0,NA, ,NA,NA,NA,NA,NA,NA,NA,NA,NA,NA,NA,NO,NA,"",0,"",0,"",0,SI,"", ,NA,NA,NO,SI,NS/NC,NA,"",0,ALGUNAS VECES AL MES,TODOS O CASI TODOS LOS DAS,NUNCA,NUNCA,8,NO USA,8,NO USA,NUNCA,NUNCA,NUNCA,NUNCA,ALGUNOS DIAS POR SEMANA,NUNCA,NUNCA,NUNCA,NUNCA,NUNCA,SI,NO,NO,NO,NO,TODOS O CASI TODOS LOS DAS,NA,NA,NA,NA,NO,NA, ,NUNCA,NUNCA,NUNCA,NUNCA,NUNCA,ALGUNAS VECES AL MES,NUNCA,8,0,8,0,"OBSERVA LOS CONTENIDOS, SIN HACER COMENTARIOS",NA,"","","","","","","","","","","",NINGUNA,NINGUNA,NO,1,NO,NA,NS/NC,NS/NC,0,SI,ALGUNAS VECES AL MES,0,30,0,30,NUNCA,ALGUNOS DIAS POR SEMANA,NUNCA,NUNCA,NS/NC,NS/NC,NO,NO,NO,NO,NO,NO,NO,NO,NO,NA,NA,NA,NA,NA,NA,NA,NA,NA,NA,SI,NO,NO,NO,NO,NO,"",0,NO,"",0,NA,NA,NA,NA,NA,NA,"","",0,NO FUE NUNCA,"",NO FUE NUNCA,"",NO FUE NUNCA,"",HACE MAS DE 5 AOS,"",NO FUE NUNCA,"",NO FUE NUNCA,"",NO FUE NUNCA,"",NO FUE NUNCA,"",NO FUE NUNCA,"",HACE MAS DE 5 AOS,"",NO FUE NUNCA,"",NO FUE NUNCA,"",NO FUE NUNCA,"",NO FUE NUNCA,"",ENTRE 1 Y 5 AOS,"",NO FUE NUNCA,"",NO FUE NUNCA,"",NO FUE NUNCA,"",NO FUE NUNCA,"",NO FUE NUNCA,"",1,,,1,SECUNDARIA INCOMPLETA,LA PERSONA QUE FUE ENTREVISTADA,"",TRABAJA,CARNICERO,"OFICIO MENOR, OBRERO NO CALIFICADO/ SERVICIO DOMESTICO", ,"",SI,NO,NO,NO,SI,SI,PROPIA,NO,NO,NO,NO,NO,BARRIO CON VIVIENDAS DISTINTAS,BARRIO CON VIVIENDAS DISTINTAS,CASA,46,D1,180,210,3.5,120,120,2,60,90,1.5,240,240,4,480,480,8,480,480,8,0,30,0.5
35,35,4861,2017-05-17T00:00:00,CENTRO,Varn,71,"INFORMACION, ESTUDIAR, CONOCER", ,SI,"", ,NA,NO,ALGUNOS DIAS POR SEMANA,FM,2,30,2,30,ALGUNOS DIAS POR SEMANA,NUNCA,NUNCA,ALGUNAS VECES AL MES,NUNCA,MUSICALES,DEPORTIVOS,NA,NA,NA,NA,NA, ,2,SI,"", ,NA,ALGUNOS DIAS POR SEMANA,1,30,1,30,ALGUNOS DIAS POR SEMANA,NUNCA,NUNCA,ALGUNAS VECES AL MES,NUNCA,NUNCA,NUNCA,NUNCA,ALGUNOS DIAS POR SEMANA,HABITUALMENTE,NUNCA,NUNCA,NUNCA,NUNCA,CASI NUNCA,CASI NUNCA,NUNCA,NUNCA,NUNCA,NUNCA,NUNCA,NUNCA,NUNCA,10 canciones,NO,NA,NA,NA,NA,NA,NA,NA,NA,NA, ,"",0,0,0,SI,"", ,NA,ALGUNA VEZ CADA 3 MESES,2,2,2,2,200,200,NO,0,NO,NO,PORQUE LOS DIARIOS ESTAN CAROS, ,SI,"",0,,,0,0,NA,"",0,"",0,NA,NA,NA,NA,NA,NA,NO,NO,NA,"",0,"",0,"",0,NA,NO,PORQUE NO TIENE TIEMPO, ,SI,"",0,"",0,"", ,"",0,"",0,NA,NA,"","","","","",NA,NA,NA,NA,NA,NA,NA,NA,NA,NA,NA,NA,NA,NA,NA,NA,SI,"",NA,2,0,2,0,"SOLO CANALES DE AIRE ""ANALOGICOS""",NA,NA,NA,NUNCA,NUNCA,NUNCA,TODOS O CASI TODOS LOS DIAS,NUNCA,DE VEZ EN CUANDO,NUNCA,2,NINGUNO,NINGUNO,NO,PORQUE NO LE INTERESA, ,NO,NA,NA,NA,NA,NA,NA,NA,NA,NA,NA,NA,NA,NA,0,0,0,NO,PORQUE NO LE INTERESA, ,NO,NA,"",0,"",0,NA, ,NA,NA,NA,NA,NA,NA,NA,NA,NA,NA,NA,NO,NA,"",0,"",0,"",0,NO,PORQUE NO LE GUSTA, ,NO,SI,NO,NO,"",NA,"",0,NUNCA,ALGUNAS VECES AL MES,NUNCA,NUNCA,1,NO USA,1,NO USA,NUNCA,NUNCA,NUNCA,NUNCA,NUNCA,NUNCA,NUNCA,NUNCA,NUNCA,NUNCA,NO,NO,NO,NO,NO,NA,NA,NA,NA,NA,NO,NA, ,NA,NA,NA,NA,NA,NA,NA,,,0,0,NS/NC,NA,"","","","","","","","","","","",1,NINGUNA,SI,1,SI,NO,320,320,0,NO,NA,,,0,0,NA,NA,NA,NA,"",0,NO,NO,NO,NO,NO,NO,NO,NO,NO,NA,NA,NA,NA,NA,NA,NA,NA,NA,NA,NO,NO,NO,NO,NO,NO,"",0,NO,"",0,NA,NA,NA,NA,NA,NA,"","",0,NO FUE NUNCA,"",NO FUE NUNCA,"",NO FUE NUNCA,"",VARIAS VECES EN EL ULTIMO AO,200,NO FUE NUNCA,"",NO FUE NUNCA,"",NO FUE NUNCA,"",NO FUE NUNCA,"",NO FUE NUNCA,"",NO FUE NUNCA,"",NO FUE NUNCA,"",NO FUE NUNCA,"",NO FUE NUNCA,"",NO FUE NUNCA,"",NO FUE NUNCA,"",NO FUE NUNCA,"",NO FUE NUNCA,"",NO FUE NUNCA,"",NO FUE NUNCA,"",NO FUE NUNCA,"",4,0,2,3,PRIMARIA COMPLETA,LA PERSONA QUE FUE ENTREVISTADA,"",ES JUBILADO/PENSIONADO, ,"",OPERADOR EN REMISERIA,"OFICIO MENOR, OBRERO NO CALIFICADO/ SERVICIO DOMESTICO",SI,NO,NO,NO,SI,SI,PROPIA,SI,NO,SI,NO,NO,BARRIO CON VIVIENDAS DISTINTAS,BARRIO CON VIVIENDAS DISTINTAS,CASA,40,D1,120,150,2.5,60,90,1.5,0,0,0,120,120,2,60,60,1,0,0,0,0,0,0
36,36,1530,2017-05-18T00:00:00,CENTRO,Mujer,19,"LOS MODALES, EL BUEN COMPORTAMIENTO", ,SI,"", ,NA,NO,ALGUNOS DIAS POR SEMANA,FM,2,30,2,30,ALGUNOS DIAS POR SEMANA,NUNCA,NUNCA,TODOS O CASI TODOS LOS DIAS,NUNCA,MUSICALES,NA,NA,NA,NA,NA,NA, ,1,SI,"", ,NA,TODOS O CASI TODOS LOS DIAS,3,0,3,0,ALGUNAS VECES AL MES,NUNCA,NUNCA,TODOS O CASI TODOS LOS DIAS,NUNCA,NUNCA,NUNCA,NUNCA,ALGUNOS DIAS POR SEMANA,NUNCA,NUNCA,NUNCA,NUNCA,NUNCA,HABITUALMENTE,HABITUALMENTE,NUNCA,NUNCA,NUNCA,CASI NUNCA,NUNCA,NUNCA,NUNCA,4 canciones,NO,NA,NA,NA,NA,NA,NA,NA,NA,NA, ,"",NS/NC,NS/NC,0,SI,"", ,NA,ALGUNA VEZ CADA 3 MESES,7,7,7,7,NS/NC,NS/NC,NO,0,NO,NO,PORQUE NO LE GUSTA LEER DIARIOS, ,NO,"",0,,,0,0,NA,"",0,"",0,NA,NA,NA,NA,NA,NA,NO,NO,NA,"",0,"",0,"",0,NA,SI,"", ,NA,NS/NC,NS/NC,NS/NC,NS/NC,"SE LO HABIA RECOMENDADO UN AMIGO, FAMILIAR O CONOCIDO", ,0,0,0,0,ALGUNAS VECES AL MES,"NO LEYO LIBROS EN PANTALLA, SOLO EN PAPEL","","","","","",NUNCA,DE VEZ EN CUANDO,NUNCA,NUNCA,NUNCA,NUNCA,NUNCA,NUNCA,NUNCA,DE VEZ EN CUANDO,NUNCA,NUNCA,NUNCA,NUNCA,NUNCA,NUNCA,SI,"",NA,3,0,3,0,TELEVISION POR CABLE,NA,UNA HORA O MENOS AL DIA,VARIAS HORAS AL DIA,NUNCA,NUNCA,NUNCA,TODOS O CASI TODOS LOS DIAS,DE VEZ EN CUANDO,DE VEZ EN CUANDO,NUNCA,2,NINGUNO,NINGUNO,SI,"", ,NA,TODOS O CASI TODOS LOS DIAS,NUNCA,NUNCA,NUNCA,NUNCA,TODOS O CASI TODOS LOS DIAS,TODOS O CASI TODOS LOS DIAS,ALGUNOS DIAS POR SEMANA,TODOS O CASI TODOS LOS DIAS,NUNCA,ALGUNAS VECES AL MES,NUNCA,NUNCA,NS/NC,2,NS/NC,NO,PORQUE IR AL CINE ES MUY CARO, ,SI,NA,"",0,"",0,NA, ,NA,NA,NA,NA,NA,NA,NA,NA,NA,NA,NA,NO,NA,"",0,"",0,"",0,SI,"", ,NA,NA,NO,SI,NS/NC,NA,"",0,ALGUNOS DIAS POR SEMANA,TODOS O CASI TODOS LOS DAS,NUNCA,NUNCA,24,NO USA,24,NO USA,NUNCA,NUNCA,NUNCA,NUNCA,ALGUNOS DIAS POR SEMANA,NUNCA,NUNCA,NUNCA,NUNCA,NUNCA,SI,NO,NO,NO,NO,TODOS O CASI TODOS LOS DAS,NA,NA,NA,NA,NO,NA, ,NUNCA,NUNCA,NUNCA,NUNCA,NUNCA,ALGUNOS DIAS POR SEMANA,NUNCA,24,0,24,0,"OBSERVA LOS CONTENIDOS, SIN HACER COMENTARIOS",NA,"","","","","","","","","","","",NINGUNA,NINGUNA,NO,1,SI,NO,NS/NC,NS/NC,NS/NC,SI,ALGUNOS DIAS POR SEMANA,2,0,2,0,NUNCA,TODOS O CASI TODOS LOS DIAS,NUNCA,NUNCA,NS/NC,NS/NC,NO,NO,NO,NO,NO,NO,NO,NO,NO,NA,NA,NA,NA,NA,NA,NA,NA,NA,NA,SI,NO,NO,NO,NO,NO,"",0,NO,"",0,NA,NA,NA,NA,NA,NA,"","",0,ENTRE 1 Y 5 AOS,"",NO FUE NUNCA,"",ENTRE 1 Y 5 AOS,"",NO FUE NUNCA,"",NO FUE NUNCA,"",NO FUE NUNCA,"",NO FUE NUNCA,"",NO FUE NUNCA,"",NO FUE NUNCA,"",NO FUE NUNCA,"",NO FUE NUNCA,"",NO FUE NUNCA,"",NO FUE NUNCA,"",NO FUE NUNCA,"",NO FUE NUNCA,"",NO FUE NUNCA,"",NO FUE NUNCA,"",NO FUE NUNCA,"",NO FUE NUNCA,"",NO FUE NUNCA,"",3,1,0,1,SECUNDARIA INCOMPLETA,LA PERSONA QUE FUE ENTREVISTADA,"",NO TRABAJA PERO RECIBE ALGN PLAN SOCIAL, ,"", ,"",NO,NO,NO,NO,NO,SI,PRESTADA,NO,NO,NO,NO,NO,BARRIO CON VIVIENDAS DISTINTAS,BARRIO CON VIVIENDAS DISTINTAS,CASA,28,D2,120,150,2.5,180,180,3,0,0,0,180,180,3,1440,1440,24,1440,1440,24,120,120,2
37,37,3825,2017-05-16T00:00:00,CENTRO,Mujer,20,"EL ARTE, LO CULTO", ,SI,"", ,NA,SI,ALGUNOS DIAS POR SEMANA,FM,2,30,2,30,ALGUNOS DIAS POR SEMANA,NUNCA,NUNCA,ALGUNOS DIAS POR SEMANA,NUNCA,MUSICALES,NA,NA,NA,NA,NA,NA, ,1,SI,"", ,NA,ALGUNOS DIAS POR SEMANA,2,30,2,30,ALGUNOS DIAS POR SEMANA,NUNCA,NUNCA,ALGUNOS DIAS POR SEMANA,NUNCA,NUNCA,NUNCA,NUNCA,ALGUNOS DIAS POR SEMANA,NUNCA,NUNCA,NUNCA,NUNCA,NUNCA,DE VEZ EN CUANDO,DE VEZ EN CUANDO,NUNCA,NUNCA,NUNCA,NUNCA,NUNCA,NUNCA,NUNCA,9 canciones,NO,NA,NA,NA,NA,NA,NA,NA,NA,NA, ,"",10,150,0,NO,POR FALTA DE DINERO, ,NO,NA,"",0,"",0,"",0,NO,0,NO,NO,POR CUESTIONES ECONOMICAS/NO TIENE PLATA, ,NO,"",0,,,0,0,NA,"",0,"",0,NA,NA,NA,NA,NA,NA,NO,NO,NA,"",0,"",0,"",0,NA,SI,"", ,NA,30,30,10,10,SE LO REGALARON, ,4,4,340,340,TODOS O CASI TODOS LOS DIAS,"NO LEYO LIBROS EN PANTALLA, SOLO EN PAPEL","","","","","",HABITUALMENTE,NUNCA,NUNCA,NUNCA,HABITUALMENTE,NUNCA,NUNCA,NUNCA,CASI NUNCA,NUNCA,NUNCA,NUNCA,NUNCA,NUNCA,NUNCA,NUNCA,SI,"",NA,5,0,5,0,TELEVISION SATELITAL,NA,ALGUNAS VECES AL MES,VARIAS HORAS AL DIA,NUNCA,NUNCA,NUNCA,TODOS O CASI TODOS LOS DIAS,NUNCA,NUNCA,NUNCA,6,1,1,SI,"", ,NA,TODOS O CASI TODOS LOS DIAS,ALGUNOS DIAS POR SEMANA,NUNCA,NUNCA,NUNCA,ALGUNOS DIAS POR SEMANA,ALGUNOS DIAS POR SEMANA,NUNCA,TODOS O CASI TODOS LOS DIAS,NUNCA,ALGUNAS VECES AL MES,NUNCA,NUNCA,0,5,75,NO,POR FALTA DE DINERO, ,SI,NA,"",0,"",0,NA, ,NA,NA,NA,NA,NA,NA,NA,NA,NA,NA,NA,NO,NA,"",0,"",0,"",0,SI,"", ,NA,NA,NO,SI,400,NA,"",0,NUNCA,ALGUNOS DIAS POR SEMANA,NUNCA,NUNCA,0,20,0,20,NUNCA,NUNCA,NUNCA,NUNCA,NUNCA,NUNCA,NUNCA,NUNCA,NUNCA,NUNCA,SI,NO,NO,NO,NO,ALGUNOS DIAS POR SEMANA,NA,NA,NA,NA,NO,NA, ,NUNCA,ALGUNOS DIAS POR SEMANA,NUNCA,NUNCA,NUNCA,ALGUNOS DIAS POR SEMANA,NUNCA,0,20,0,20,"OBSERVA LOS CONTENIDOS, SIN HACER COMENTARIOS",NA,"","","","","","","","","","","",NINGUNA,1,NO,4,SI,SI,0,0,0,SI,ALGUNAS VECES AL MES,3,0,3,0,NUNCA,NUNCA,ALGUNAS VECES AL MES,ALGUNAS VECES AL MES,0,0,NO,NO,NO,NO,NO,NO,NO,NO,NO,NA,NA,NA,NA,NA,NA,NA,NA,NA,NA,SI,NO,NO,NO,NO,NO,"",0,NO,"",0,NA,NA,NA,NA,NA,NA,"","",0,NO FUE NUNCA,"",1 VEZ EN EL ULTIMO AO,210,HACE MAS DE 5 AOS,"",NO FUE NUNCA,"",NO FUE NUNCA,"",NO FUE NUNCA,"",NO FUE NUNCA,"",NO FUE NUNCA,"",NO FUE NUNCA,"",NO FUE NUNCA,"",NO FUE NUNCA,"",NO FUE NUNCA,"",NO FUE NUNCA,"",NO FUE NUNCA,"",NO FUE NUNCA,"",NO FUE NUNCA,"",NO FUE NUNCA,"",NO FUE NUNCA,"",NO FUE NUNCA,"",NO FUE NUNCA,"",7,2,0,5,PRIMARIA COMPLETA,OTRO MIEMBRO DEL HOGAR,PRIMARIA COMPLETA,TRABAJA,METALURGICO,"OFICIO MENOR, OBRERO NO CALIFICADO/ SERVICIO DOMESTICO", ,"",SI,NO,SI,NO,NO,SI,PROPIA,NO,NO,NO,NO,NO,BARRIO CON VIVIENDAS DISTINTAS,BARRIO CON VIVIENDAS DISTINTAS,CASA,40,D1,120,150,2.5,120,150,2.5,0,0,0,300,300,5,0,20,0.333333333,0,20,0.333333333,180,180,3
38,38,2949,2017-05-17T00:00:00,CENTRO,Mujer,33,"HABITOS, COSTUMBRES, COMPORTAMIENTOS", ,SI,"", ,NA,NO,ALGUNOS DIAS POR SEMANA,FM,1,0,1,0,ALGUNOS DIAS POR SEMANA,NUNCA,NUNCA,NUNCA,NUNCA,MUSICALES,NA,NA,NA,NA,NA,NA, ,1,SI,"", ,NA,TODOS O CASI TODOS LOS DIAS,2,0,2,0,NUNCA,NUNCA,NUNCA,NUNCA,NUNCA,NUNCA,ALGUNOS DIAS POR SEMANA,NUNCA,ALGUNOS DIAS POR SEMANA,HABITUALMENTE,NUNCA,DE VEZ EN CUANDO,NUNCA,NUNCA,HABITUALMENTE,DE VEZ EN CUANDO,NUNCA,CASI NUNCA,DE VEZ EN CUANDO,DE VEZ EN CUANDO,NUNCA,NUNCA,NUNCA,8 canciones,SI,TODOS O CASI TODOS LOS DIAS,ALGUNOS DIAS POR SEMANA,GOOGLE PLAY,YOUTUBE,NA,NA,NA,NA,NA, ,400,0,0,0,NO,POR FALTA DE TIEMPO, ,NO,NA,"",0,"",0,"",0,NO,0,NO,NO,PORQUE NO LE GUSTA LEER DIARIOS, ,SI,"",0,,,0,0,NA,"",0,"",0,NA,NA,NA,NA,NA,NA,NO,SI,NA,"",0,"",0,"",0,NA,NO,PORQUE NO TIENE TIEMPO, ,SI,"",0,"",0,"", ,"",0,"",0,NA,NA,"","","","","",NA,NA,NA,NA,NA,NA,NA,NA,NA,NA,NA,NA,NA,NA,NA,NA,SI,"",NA,2,0,2,0,TELEVISION SATELITAL,NA,UNA HORA O MENOS AL DIA,VARIAS HORAS AL DIA,NUNCA,NUNCA,NUNCA,TODOS O CASI TODOS LOS DIAS,CASI NUNCA,DE VEZ EN CUANDO,NUNCA,2,NINGUNO,NINGUNO,SI,"", ,NA,ALGUNOS DIAS POR SEMANA,ALGUNOS DIAS POR SEMANA,ALGUNAS VECES AL MES,NUNCA,NUNCA,TODOS O CASI TODOS LOS DIAS,NUNCA,TODOS O CASI TODOS LOS DIAS,TODOS O CASI TODOS LOS DIAS,NUNCA,NUNCA,ALGUNOS DIAS POR SEMANA,NUNCA,0,0,0,NO,POR FALTA DE DINERO, ,NO,NA,"",0,"",0,NA, ,NA,NA,NA,NA,NA,NA,NA,NA,NA,NA,NA,NO,NA,"",0,"",0,"",0,NO,PORQUE NO APRENDI A USAR INTERNET, ,NO,SI,SI,NA,"",INCLUYE TELFONO,700,700,TODOS O CASI TODOS LOS DAS,TODOS O CASI TODOS LOS DAS,NUNCA,NUNCA,18,NO USA,18,NO USA,ALGUNOS DIAS POR SEMANA,NUNCA,NUNCA,NUNCA,ALGUNOS DIAS POR SEMANA,NUNCA,NUNCA,NUNCA,NUNCA,NUNCA,SI,NO,NO,NO,NO,TODOS O CASI TODOS LOS DAS,NA,NA,NA,NA,NO,NA, ,NUNCA,ALGUNOS DIAS POR SEMANA,NUNCA,NUNCA,NUNCA,TODOS O CASI TODOS LOS DAS,NUNCA,3,0,3,0,"COMENTA, COMPARTE, PARTICIPA Y/U OPINA FRENTE A CONTENIDOS",NA,"","","","","","","","","","","",NINGUNA,NINGUNA,SI,2,SI,SI,NS/NC,NS/NC,0,NO,NA,,,0,0,NA,NA,NA,NA,"",0,NO,NO,NO,NO,NO,NO,NO,NO,NO,NA,NA,NA,NA,NA,NA,NA,NA,NA,NA,NO,NO,NO,NO,NO,NO,"",0,NO,"",0,NA,NA,NA,NA,NA,NA,"","",0,NO FUE NUNCA,"",NO FUE NUNCA,"",NO FUE NUNCA,"",NO FUE NUNCA,"",NO FUE NUNCA,"",NO FUE NUNCA,"",NO FUE NUNCA,"",NO FUE NUNCA,"",NO FUE NUNCA,"",NO FUE NUNCA,"",NO FUE NUNCA,"",NO FUE NUNCA,"",NO FUE NUNCA,"",NO FUE NUNCA,"",NO FUE NUNCA,"",NO FUE NUNCA,"",NO FUE NUNCA,"",NO FUE NUNCA,"",NO FUE NUNCA,"",NO FUE NUNCA,"",9,6,0,2,PRIMARIA COMPLETA,OTRO MIEMBRO DEL HOGAR,PRIMARIA INCOMPLETA,TRABAJA,ALBAIL,"OFICIO MENOR, OBRERO NO CALIFICADO/ SERVICIO DOMESTICO", ,"",SI,SI,NO,NO,SI,SI,PROPIA,NO,NO,NO,NO,NO,ASENTAMIENTO,ASENTAMIENTO,CASA,40,D1,60,60,1,120,120,2,0,0,0,120,120,2,1080,1080,18,180,180,3,0,0,0
39,39,2949,2017-05-17T00:00:00,CENTRO,Mujer,45,"LA TRADICION, LA HISTORIA", ,SI,"", ,NA,SI,TODOS O CASI TODOS LOS DIAS,FM,1,0,1,0,NUNCA,NUNCA,TODOS O CASI TODOS LOS DIAS,TODOS O CASI TODOS LOS DIAS,NUNCA,MUSICALES,NA,NA,NA,NA,NA,NA, ,0,SI,"", ,NA,TODOS O CASI TODOS LOS DIAS,0,45,0,45,ALGUNOS DIAS POR SEMANA,NUNCA,ALGUNAS VECES AL MES,TODOS O CASI TODOS LOS DIAS,NUNCA,NUNCA,NUNCA,NUNCA,ALGUNAS VECES AL MES,DE VEZ EN CUANDO,NUNCA,DE VEZ EN CUANDO,CASI NUNCA,NUNCA,DE VEZ EN CUANDO,HABITUALMENTE,DE VEZ EN CUANDO,DE VEZ EN CUANDO,DE VEZ EN CUANDO,DE VEZ EN CUANDO,NUNCA,NUNCA,HABITUALMENTE,3 canciones,NO,NA,NA,NA,NA,NA,NA,NA,NA,NA, ,"",0,0,0,NO,PORQUE NO LE GUSTA IR A RECITALES, ,NO,NA,"",0,"",0,"",0,NO,0,NO,SI,"", ,NA,3,3,1,0,1,0,TODOS O CASI TODOS LOS DIAS,0,0,0,0,TODOS O CASI TODOS LOS DIAS,CELULAR,ALGUNAS VECES AL MES,ALGUNOS DIAS POR SEMANA,TODOS O CASI TODOS LOS DIAS,PRINCIPALMENTE LEE ARTICULOS Y NOTICIAS DE DISTINTOS MEDIOS,NO,NO,NA,"",0,"",0,"",0,NA,NO,PORQUE NO LE INTERESA, ,SI,"",0,"",0,"", ,"",0,"",0,NA,NA,"","","","","",NA,NA,NA,NA,NA,NA,NA,NA,NA,NA,NA,NA,NA,NA,NA,NA,SI,"",NA,2,0,2,0,TELEVISION POR CABLE,NA,UNA HORA O MENOS AL DIA,NO MIRA,NUNCA,NUNCA,NUNCA,TODOS O CASI TODOS LOS DIAS,NUNCA,HABITUALMENTE,NUNCA,1,NINGUNO,NINGUNO,SI,"", ,NA,TODOS O CASI TODOS LOS DIAS,TODOS O CASI TODOS LOS DIAS,TODOS O CASI TODOS LOS DIAS,ALGUNAS VECES AL MES,ALGUNAS VECES AL MES,ALGUNAS VECES AL MES,ALGUNOS DIAS POR SEMANA,TODOS O CASI TODOS LOS DIAS,TODOS O CASI TODOS LOS DIAS,NUNCA,TODOS O CASI TODOS LOS DIAS,NUNCA,NUNCA,0,4,100,SI,"", ,NA,ALGUNA VEZ CADA 3 MESES,3,3,0,0,OTROS,FUE OBLIGACION,NUNCA,DE VEZ EN CUANDO,NUNCA,CASI NUNCA,NUNCA,CASI NUNCA,DE VEZ EN CUANDO,DE VEZ EN CUANDO,HABITUALMENTE,HABITUALMENTE,HABITUALMENTE,NO,NA,"",0,"",0,"",0,NO,PORQUE NO LE INTERESA, ,NO,SI,NO,SI,480,NA,"",0,NUNCA,TODOS O CASI TODOS LOS DAS,NUNCA,NUNCA,5,NO USA,5,NO USA,NUNCA,NUNCA,NUNCA,NUNCA,NUNCA,NUNCA,NUNCA,NUNCA,NUNCA,NUNCA,SI,NO,NO,NO,NO,TODOS O CASI TODOS LOS DAS,NA,NA,NA,NA,NO,NA, ,NUNCA,NUNCA,NUNCA,NUNCA,NUNCA,ALGUNA VEZ AL AO O MENOS,NUNCA,4,0,4,0,"OBSERVA LOS CONTENIDOS, SIN HACER COMENTARIOS",NA,"","","","","","","","","","","",1,NINGUNA,NO,1,SI,NO,250,250,0,NO,NA,,,0,0,NA,NA,NA,NA,"",0,NO,NO,NO,NO,NO,NO,NO,NO,NO,NA,NA,NA,NA,NA,NA,NA,NA,NA,NA,SI,NO,NO,NO,NO,NO,"",0,SI,2,2,NUNCA,NUNCA,NUNCA,UNA VEZ AL AO,NUNCA,NUNCA,FUE GRATUITO,0,0,ENTRE 1 Y 5 AOS,"",1 VEZ EN EL ULTIMO AO,0,1 VEZ EN EL ULTIMO AO,100,NO FUE NUNCA,"",NO FUE NUNCA,"",ENTRE 1 Y 5 AOS,"",NO FUE NUNCA,"",VARIAS VECES EN EL ULTIMO AO,NS/NC,NO FUE NUNCA,"",NO FUE NUNCA,"",NO FUE NUNCA,"",NO FUE NUNCA,"",NO FUE NUNCA,"",NO FUE NUNCA,"",NO FUE NUNCA,"",NO FUE NUNCA,"",NO FUE NUNCA,"",NO FUE NUNCA,"",NO FUE NUNCA,"",NO FUE NUNCA,"",5,2,0,2,TERCIARIO COMPLETO,LA PERSONA QUE FUE ENTREVISTADA,"",TRABAJA,ENFERMERA,TECNICO ESPECIALIZADO. COMERCIANTE. SUPERVISOR / JEFE / CAP, ,"",SI,NO,NO,NO,NO,SI,ALQUILADA,SI,NO,NO,NO,NO,BARRIO CON VIVIENDAS DISTINTAS,BARRIO CON VIVIENDAS DISTINTAS,CASA,70,C2,60,60,1,0,45,0.75,60,60,1,120,120,2,300,300,5,240,240,4,0,0,0
40,40,2704,2017-05-16T00:00:00,CENTRO,Mujer,62,"HABITOS, COSTUMBRES, COMPORTAMIENTOS", ,SI,"", ,NA,NO,TODOS O CASI TODOS LOS DIAS,FM,12,0,12,0,TODOS O CASI TODOS LOS DIAS,NUNCA,NUNCA,NUNCA,NUNCA,MUSICALES,NA,NA,NA,NA,NA,NA, ,1,SI,"", ,NA,TODOS O CASI TODOS LOS DIAS,7,0,7,0,NUNCA,NUNCA,NUNCA,NUNCA,NUNCA,NUNCA,NUNCA,NUNCA,TODOS O CASI TODOS LOS DIAS,HABITUALMENTE,NUNCA,NUNCA,NUNCA,NUNCA,HABITUALMENTE,NUNCA,NUNCA,DE VEZ EN CUANDO,NUNCA,NUNCA,NUNCA,DE VEZ EN CUANDO,NUNCA,8 canciones,NO,NA,NA,NA,NA,NA,NA,NA,NA,NA, ,"",3,100,0,NO,POR FALTA DE DINERO, ,NO,NA,"",0,"",0,"",0,NO,0,NO,NO,PORQUE NO SABE LEER, ,NA,"",0,,,0,0,NA,"",0,"",0,NA,NA,NA,NA,NA,NA,"",NA,NA,"",0,"",0,"",0,NA,"","", ,NA,"",0,"",0,"", ,"",0,"",0,NA,NA,"","","","","",NA,NA,NA,NA,NA,NA,NA,NA,NA,NA,NA,NA,NA,NA,NA,NA,SI,"",NA,2,30,2,30,TELEVISION POR CABLE,NA,VARIAS HORAS AL DIA,VARIAS HORAS AL DIA,NUNCA,NUNCA,NUNCA,TODOS O CASI TODOS LOS DIAS,NUNCA,HABITUALMENTE,NUNCA,2,NINGUNO,NINGUNO,SI,"", ,NA,ALGUNOS DIAS POR SEMANA,ALGUNOS DIAS POR SEMANA,TODOS O CASI TODOS LOS DIAS,NUNCA,NUNCA,TODOS O CASI TODOS LOS DIAS,TODOS O CASI TODOS LOS DIAS,TODOS O CASI TODOS LOS DIAS,ALGUNAS VECES AL MES,NUNCA,NUNCA,NUNCA,NUNCA,0,0,0,NO,POR FALTA DE DINERO, ,NO,NA,"",0,"",0,NA, ,NA,NA,NA,NA,NA,NA,NA,NA,NA,NA,NA,NO,NA,"",0,"",0,"",0,NO,PORQUE INTERNET ES CARO, ,NO,NO,NA,NA,"",NA,"",0,NA,NA,NA,NA,,"",0,NO USA,NA,NA,NA,NA,NA,NA,NA,NA,NA,NA,NA,NA,NA,NA,NA,NA,NA,NA,NA,NA,NA,NA, ,NA,NA,NA,NA,NA,NA,NA,,,0,0,NA,NA,"","","","","","","","","","","",NINGUNA,NINGUNA,SI,NINGUNO,NA,NA,"",0,0,NO,NA,,,0,0,NA,NA,NA,NA,"",0,NO,NO,NO,NO,NO,NO,NO,NO,NO,NA,NA,NA,NA,NA,NA,NA,NA,NA,NA,NO,NO,NO,NO,NO,NO,"",0,NO,"",0,NA,NA,NA,NA,NA,NA,"","",0,NO FUE NUNCA,"",NO FUE NUNCA,"",NO FUE NUNCA,"",NO FUE NUNCA,"",NO FUE NUNCA,"",NO FUE NUNCA,"",NO FUE NUNCA,"",NO FUE NUNCA,"",NO FUE NUNCA,"",NO FUE NUNCA,"",NO FUE NUNCA,"",NO FUE NUNCA,"",NO FUE NUNCA,"",NO FUE NUNCA,"",NO FUE NUNCA,"",NO FUE NUNCA,"",NO FUE NUNCA,"",NO FUE NUNCA,"",NO FUE NUNCA,"",NO FUE NUNCA,"",5,1,1,3,PRIMARIA INCOMPLETA,OTRO MIEMBRO DEL HOGAR,PRIMARIA INCOMPLETA,ES JUBILADO/PENSIONADO, ,"",METALURGICO,"OFICIO MENOR, OBRERO NO CALIFICADO/ SERVICIO DOMESTICO",SI,NO,NO,NO,SI,SI,PROPIA,SI,NO,SI,NO,NO,BARRIO CON VIVIENDAS DISTINTAS,BARRIO CON VIVIENDAS DISTINTAS,CASA,36,D2,720,720,12,420,420,7,0,0,0,120,150,2.5,0,0,0,0,0,0,0,0,0
41,41,9283,2017-05-20T00:00:00,NEA,Varn,17,"LA TRADICION, LA HISTORIA", ,SI,"", ,NA,SI,TODOS O CASI TODOS LOS DIAS,FM,2,0,2,0,TODOS O CASI TODOS LOS DIAS,NUNCA,NUNCA,TODOS O CASI TODOS LOS DIAS,NUNCA,MUSICALES,NA,NA,NA,NA,NA,NA, ,1,SI,"", ,NA,TODOS O CASI TODOS LOS DIAS,5,0,5,0,TODOS O CASI TODOS LOS DIAS,NUNCA,NUNCA,TODOS O CASI TODOS LOS DIAS,NUNCA,NUNCA,NUNCA,NUNCA,NUNCA,NUNCA,NUNCA,NUNCA,NUNCA,NUNCA,HABITUALMENTE,HABITUALMENTE,NUNCA,NUNCA,HABITUALMENTE,NUNCA,HABITUALMENTE,NUNCA,NUNCA,5 canciones,SI,ALGUNOS DIAS POR SEMANA,ALGUNOS DIAS POR SEMANA,YOUTUBE,NA,NA,NA,NA,NA,NA, ,0,0,0,0,NO,PORQUE NO LE INTERESA, ,NO,NA,"",0,"",0,"",0,NO,0,NO,NO,PORQUE NO LE INTERESAN LOS DIARIOS, ,NO,"",0,,,0,0,NA,"",0,"",0,NA,NA,NA,NA,NA,NA,SI,NA,ALGUNA VEZ CADA 3 MESES,0,0,0,0,0,0,"NO LEYO REVISTAS EN PANTALLA, SOLO EN PAPEL",NO,PORQUE NO LE INTERESA, ,NO,"",0,"",0,"", ,"",0,"",0,NA,NA,"","","","","",NA,NA,NA,NA,NA,NA,NA,NA,NA,NA,NA,NA,NA,NA,NA,NA,SI,"",NA,5,0,5,0,TELEVISION POR CABLE,NA,VARIAS HORAS AL DIA,VARIAS HORAS AL DIA,NUNCA,TODOS O CASI TODOS LOS DIAS,NUNCA,TODOS O CASI TODOS LOS DIAS,NUNCA,HABITUALMENTE,NUNCA,1,NINGUNO,NINGUNO,SI,"", ,NA,NUNCA,ALGUNAS VECES AL MES,NUNCA,ALGUNAS VECES AL MES,ALGUNOS DIAS POR SEMANA,ALGUNOS DIAS POR SEMANA,TODOS O CASI TODOS LOS DIAS,TODOS O CASI TODOS LOS DIAS,TODOS O CASI TODOS LOS DIAS,NUNCA,NUNCA,NUNCA,NUNCA,0,0,0,NO,POR FALTA DE DINERO, ,NO,NA,"",0,"",0,NA, ,NA,NA,NA,NA,NA,NA,NA,NA,NA,NA,NA,NO,NA,"",0,"",0,"",0,SI,"", ,NA,NA,NO,SI,500,NA,"",0,NUNCA,TODOS O CASI TODOS LOS DAS,NUNCA,NUNCA,2,30,2,30,NUNCA,NUNCA,NUNCA,NUNCA,TODOS O CASI TODOS LOS DAS,NUNCA,NUNCA,NUNCA,NUNCA,NUNCA,SI,NO,NO,NO,NO,TODOS O CASI TODOS LOS DAS,NA,NA,NA,NA,NO,NA, ,NUNCA,ALGUNAS VECES AL MES,NUNCA,NUNCA,NUNCA,ALGUNOS DIAS POR SEMANA,NUNCA,2,30,2,30,"OBSERVA LOS CONTENIDOS, SIN HACER COMENTARIOS",NA,"","","","","","","","","","","",NINGUNA,NINGUNA,NO,5,NO,NA,600,600,0,NO,NA,,,0,0,NA,NA,NA,NA,"",0,SI,NO,NO,NO,NO,NO,NO,NO,NO,NO,NO,NO,SI,NO,NO,NO,NO,NO,NO,NO,NO,NO,NO,NO,NO,"",0,NO,"",0,NA,NA,NA,NA,NA,NA,"","",0,NO FUE NUNCA,"",NO FUE NUNCA,"",NO FUE NUNCA,"",NO FUE NUNCA,"",NO FUE NUNCA,"",NO FUE NUNCA,"",NO FUE NUNCA,"",NO FUE NUNCA,"",NO FUE NUNCA,"",NO FUE NUNCA,"",NO FUE NUNCA,"",NO FUE NUNCA,"",NO FUE NUNCA,"",NO FUE NUNCA,"",NO FUE NUNCA,"",NO FUE NUNCA,"",NO FUE NUNCA,"",NO FUE NUNCA,"",NO FUE NUNCA,"",NO FUE NUNCA,"",8,1,0,4,SECUNDARIA INCOMPLETA,OTRO MIEMBRO DEL HOGAR,PRIMARIA COMPLETA,TRABAJA,MUNCIPALIDAD DE RESISTENCIA,TRABAJADOR/OBRERO CALIFICADO. EMPLEADO ADMINISTRATIVO MEDIO, ,"",SI,NO,NO,NO,NO,SI,PROPIA,SI,NO,NO,NO,NO,BARRIO CON VIVIENDAS DISTINTAS,BARRIO CON VIVIENDAS DISTINTAS,CASA,42,D1,120,120,2,300,300,5,0,0,0,300,300,5,120,150,2.5,120,150,2.5,0,0,0
42,42,9280,2017-05-20T00:00:00,NEA,Varn,24,"INFORMACION, ESTUDIAR, CONOCER", ,SI,"", ,NA,NO,TODOS O CASI TODOS LOS DIAS,FM,2,0,2,0,TODOS O CASI TODOS LOS DIAS,NUNCA,NUNCA,TODOS O CASI TODOS LOS DIAS,NUNCA,MUSICALES,NA,NA,NA,NA,NA,NA, ,1,SI,"", ,NA,TODOS O CASI TODOS LOS DIAS,4,0,4,0,TODOS O CASI TODOS LOS DIAS,NUNCA,NUNCA,TODOS O CASI TODOS LOS DIAS,NUNCA,NUNCA,NUNCA,NUNCA,NUNCA,NUNCA,NUNCA,HABITUALMENTE,HABITUALMENTE,NUNCA,HABITUALMENTE,HABITUALMENTE,NUNCA,NUNCA,HABITUALMENTE,NUNCA,HABITUALMENTE,NUNCA,NUNCA,5 canciones,SI,TODOS O CASI TODOS LOS DIAS,TODOS O CASI TODOS LOS DIAS,YOUTUBE,NA,NA,NA,NA,NA,NA, ,0,0,0,0,NO,PORQUE NO LE INTERESA, ,NO,NA,"",0,"",0,"",0,NO,0,NO,SI,"", ,NA,1,1,0,30,0,30,ALGUNAS VECES AL MES,1,1,25,25,"NO LEYO DIARIOS EN PANTALLA, SOLO EN PAPEL",NA,ALGUNAS VECES AL MES,NUNCA,NUNCA,PRINCIPALMENTE LEE EN PAPEL O POR INTERNET SU DIARIO O DIARIOS PREFERIDOS,NO,NO,NA,"",0,"",0,"",0,NA,NO,PORQUE NO LE INTERESA, ,NO,"",0,"",0,"", ,"",0,"",0,NA,NA,"","","","","",NA,NA,NA,NA,NA,NA,NA,NA,NA,NA,NA,NA,NA,NA,NA,NA,SI,"",NA,5,0,5,0,TELEVISION POR CABLE,NA,VARIAS HORAS AL DIA,VARIAS HORAS AL DIA,NUNCA,NUNCA,NUNCA,TODOS O CASI TODOS LOS DIAS,NUNCA,HABITUALMENTE,NUNCA,2,NINGUNO,NINGUNO,SI,"", ,NA,NUNCA,TODOS O CASI TODOS LOS DIAS,TODOS O CASI TODOS LOS DIAS,TODOS O CASI TODOS LOS DIAS,TODOS O CASI TODOS LOS DIAS,TODOS O CASI TODOS LOS DIAS,TODOS O CASI TODOS LOS DIAS,TODOS O CASI TODOS LOS DIAS,TODOS O CASI TODOS LOS DIAS,NUNCA,NUNCA,NUNCA,NUNCA,0,0,0,NO,PORQUE NO LE INTERESA, ,NO,NA,"",0,"",0,NA, ,NA,NA,NA,NA,NA,NA,NA,NA,NA,NA,NA,NO,NA,"",0,"",0,"",0,SI,"", ,NA,NA,NO,SI,900,NA,"",0,NUNCA,TODOS O CASI TODOS LOS DAS,NUNCA,NUNCA,6,NO USA,6,NO USA,NUNCA,NUNCA,NUNCA,NUNCA,TODOS O CASI TODOS LOS DAS,NUNCA,NUNCA,NUNCA,TODOS O CASI TODOS LOS DAS,NUNCA,NO,NO,NO,NO,NO,NA,NA,NA,NA,NA,NO,NA, ,NA,NA,NA,NA,NA,NA,NA,,,0,0,NS/NC,NA,"","","","","","","","","","","",NINGUNA,NINGUNA,NO,2,SI,SI,500,500,0,NO,NA,,,0,0,NA,NA,NA,NA,"",0,NO,NO,NO,NO,NO,NO,NO,NO,NO,NA,NA,NA,NA,NA,NA,NA,NA,NA,NA,NO,NO,NO,NO,NO,NO,"",0,NO,"",0,NA,NA,NA,NA,NA,NA,"","",0,NO FUE NUNCA,"",NO FUE NUNCA,"",NO FUE NUNCA,"",NO FUE NUNCA,"",NO FUE NUNCA,"",NO FUE NUNCA,"",NO FUE NUNCA,"",NO FUE NUNCA,"",NO FUE NUNCA,"",NO FUE NUNCA,"",NO FUE NUNCA,"",NO FUE NUNCA,"",NO FUE NUNCA,"",NO FUE NUNCA,"",NO FUE NUNCA,"",NO FUE NUNCA,"",NO FUE NUNCA,"",NO FUE NUNCA,"",NO FUE NUNCA,"",NO FUE NUNCA,"",8,1,0,3,SECUNDARIA INCOMPLETA,LA PERSONA QUE FUE ENTREVISTADA,"",TRABAJA,HERRERIA,"OFICIO MENOR, OBRERO NO CALIFICADO/ SERVICIO DOMESTICO", ,"",NO,NO,NO,NO,NO,SI,ALQUILADA,NO,NO,NO,NO,NO,BARRIO CON VIVIENDAS DISTINTAS,BARRIO CON VIVIENDAS DISTINTAS,CASA,34,D2,120,120,2,240,240,4,0,30,0.5,300,300,5,360,360,6,0,0,0,0,0,0
43,43,1608,2017-05-19T00:00:00,NEA,Varn,35,"LA TRADICION, LA HISTORIA", ,SI,"", ,NA,NO,ALGUNAS VECES AL MES,FM,2,0,2,0,ALGUNAS VECES AL MES,NUNCA,NUNCA,NUNCA,NUNCA,INFORMATIVOS / NOTICIEROS,MUSICALES,NA,NA,NA,NA,NA, ,1,SI,"", ,NA,TODOS O CASI TODOS LOS DIAS,4,0,4,0,NUNCA,NUNCA,NUNCA,TODOS O CASI TODOS LOS DIAS,NUNCA,NUNCA,NUNCA,NUNCA,NUNCA,NUNCA,NUNCA,NUNCA,NUNCA,NUNCA,HABITUALMENTE,HABITUALMENTE,HABITUALMENTE,NUNCA,NUNCA,NUNCA,NUNCA,NUNCA,NUNCA,10 canciones,SI,TODOS O CASI TODOS LOS DIAS,TODOS O CASI TODOS LOS DIAS,GOOGLE PLAY,NA,NA,NA,NA,NA,NA, ,0,0,0,0,NO,POR FALTA DE TIEMPO, ,NO,NA,"",0,"",0,"",0,NO,0,NO,NO,PORQUE NO LE GUSTA LEER DIARIOS, ,NO,"",0,,,0,0,NA,"",0,"",0,NA,NA,NA,NA,NA,NA,NO,NO,NA,"",0,"",0,"",0,NA,NO,PORQUE NO TIENE TIEMPO, ,NO,"",0,"",0,"", ,"",0,"",0,NA,NA,"","","","","",NA,NA,NA,NA,NA,NA,NA,NA,NA,NA,NA,NA,NA,NA,NA,NA,SI,"",NA,4,0,4,0,"SOLO CANALES DE AIRE ""ANALOGICOS""",NA,NA,NA,NUNCA,NUNCA,NUNCA,TODOS O CASI TODOS LOS DIAS,NS/NC,HABITUALMENTE,NS/NC,1,NINGUNO,NINGUNO,NO,POR FALTA DE TIEMPO, ,SI,NA,NA,NA,NA,NA,NA,NA,NA,NA,NA,NA,NA,NA,0,0,0,NO,POR FALTA DE DINERO, ,SI,NA,"",0,"",0,NA, ,NA,NA,NA,NA,NA,NA,NA,NA,NA,NA,NA,NO,NA,"",0,"",0,"",0,SI,"", ,NA,NA,NO,NO,"",NA,"",0,NUNCA,TODOS O CASI TODOS LOS DAS,NUNCA,NUNCA,0,30,0,30,NUNCA,ALGUNA VEZ CADA 3 MESES,NUNCA,NUNCA,NUNCA,NUNCA,NUNCA,NUNCA,NUNCA,NUNCA,SI,NO,NO,NO,NO,TODOS O CASI TODOS LOS DAS,NA,NA,NA,NA,NO,NA, ,NUNCA,NUNCA,NUNCA,NUNCA,NUNCA,ALGUNOS DIAS POR SEMANA,NUNCA,0,30,0,30,"OBSERVA LOS CONTENIDOS, SIN HACER COMENTARIOS",NA,"","","","","","","","","","","",NINGUNA,NINGUNA,NO,1,SI,SI,200,200,0,NO,NA,,,0,0,NA,NA,NA,NA,"",0,NO,NO,NO,NO,NO,NO,NO,NO,NO,NA,NA,NA,NA,NA,NA,NA,NA,NA,NA,NO,NO,NO,NO,NO,NO,"",0,NO,"",0,NA,NA,NA,NA,NA,NA,"","",0,NO FUE NUNCA,"",NO FUE NUNCA,"",NO FUE NUNCA,"",NO FUE NUNCA,"",NO FUE NUNCA,"",NO FUE NUNCA,"",NO FUE NUNCA,"",NO FUE NUNCA,"",NO FUE NUNCA,"",NO FUE NUNCA,"",NO FUE NUNCA,"",NO FUE NUNCA,"",NO FUE NUNCA,"",NO FUE NUNCA,"",NO FUE NUNCA,"",NO FUE NUNCA,"",NO FUE NUNCA,"",NO FUE NUNCA,"",NO FUE NUNCA,"",NO FUE NUNCA,"",1,,,2,SECUNDARIA COMPLETA,LA PERSONA QUE FUE ENTREVISTADA,"",TRABAJA,SALUD PUBLICA,TECNICO ESPECIALIZADO. COMERCIANTE. SUPERVISOR / JEFE / CAP, ,"",SI,NO,NO,NO,NO,SI,PROPIA,NO,NO,NO,NO,NO,BARRIO CON VIVIENDAS DISTINTAS,BARRIO CON VIVIENDAS DISTINTAS,CASA,60,C3,120,120,2,240,240,4,0,0,0,240,240,4,0,30,0.5,0,30,0.5,0,0,0
44,44,9649,2017-05-20T00:00:00,NEA,Varn,48,"EL ARTE, LO CULTO", ,SI,"", ,NA,SI,ALGUNAS VECES AL MES,FM,4,0,4,0,ALGUNAS VECES AL MES,NUNCA,ALGUNAS VECES AL MES,NUNCA,NUNCA,INFORMATIVOS / NOTICIEROS,ACTUALIDAD / MAGAZINE,NA,NA,NA,NA,NA, ,1,SI,"", ,NA,ALGUNOS DIAS POR SEMANA,4,0,4,0,ALGUNOS DIAS POR SEMANA,NUNCA,NUNCA,NUNCA,NUNCA,NUNCA,NUNCA,NUNCA,ALGUNOS DIAS POR SEMANA,DE VEZ EN CUANDO,NUNCA,DE VEZ EN CUANDO,NUNCA,NUNCA,DE VEZ EN CUANDO,DE VEZ EN CUANDO,NUNCA,NUNCA,DE VEZ EN CUANDO,NUNCA,DE VEZ EN CUANDO,NUNCA,NUNCA,10 canciones,SI,ALGUNOS DIAS POR SEMANA,NUNCA,YOUTUBE,NA,NA,NA,NA,NA,NA, ,0,0,0,0,NO,PORQUE NO LE INTERESA, ,SI,NA,"",0,"",0,"",0,SI,1,NO,SI,"", ,NA,1,1,2,0,2,0,ALGUNAS VECES AL MES,0,0,0,0,"NO LEYO DIARIOS EN PANTALLA, SOLO EN PAPEL",NA,ALGUNAS VECES AL MES,NUNCA,NUNCA,PRINCIPALMENTE LEE EN PAPEL O POR INTERNET SU DIARIO O DIARIOS PREFERIDOS,SI,NA,ALGUNAS VECES AL MES,0,0,0,0,0,0,ALGUNA VEZ CADA 3 MESES,SI,"", ,NA,1,1,1,1,"SE LO HABIA RECOMENDADO UN AMIGO, FAMILIAR O CONOCIDO", ,0,0,0,0,ALGUNA VEZ CADA 3 MESES,"NO LEYO LIBROS EN PANTALLA, SOLO EN PAPEL","","","","","",HABITUALMENTE,NUNCA,NUNCA,NUNCA,NUNCA,NUNCA,NUNCA,NUNCA,NUNCA,NUNCA,NUNCA,NUNCA,NUNCA,NUNCA,NUNCA,NUNCA,SI,"",NA,1,30,1,30,"SOLO CANALES DE AIRE ""ANALOGICOS""",NA,NA,NA,NUNCA,NUNCA,NUNCA,TODOS O CASI TODOS LOS DIAS,NUNCA,HABITUALMENTE,NUNCA,1,NINGUNO,NINGUNO,SI,"", ,NA,NUNCA,NUNCA,TODOS O CASI TODOS LOS DIAS,ALGUNOS DIAS POR SEMANA,TODOS O CASI TODOS LOS DIAS,TODOS O CASI TODOS LOS DIAS,TODOS O CASI TODOS LOS DIAS,TODOS O CASI TODOS LOS DIAS,NUNCA,NUNCA,NUNCA,NUNCA,NUNCA,0,0,0,NO,POR FALTA DE TIEMPO, ,SI,NA,"",0,"",0,NA, ,NA,NA,NA,NA,NA,NA,NA,NA,NA,NA,NA,NO,NA,"",0,"",0,"",0,SI,"", ,NA,NA,SI,NA,"",INCLUYE TELFONO,500,500,NUNCA,TODOS O CASI TODOS LOS DAS,NUNCA,NUNCA,1,NO USA,1,NO USA,NUNCA,NUNCA,NUNCA,NUNCA,NUNCA,NUNCA,NUNCA,NUNCA,NUNCA,NUNCA,NO,NO,NO,NO,NO,NA,NA,NA,NA,NA,NO,NA, ,NA,NA,NA,NA,NA,NA,NA,,,0,0,"OBSERVA LOS CONTENIDOS, SIN HACER COMENTARIOS",NA,"","","","","","","","","","","",1,NINGUNA,SI,3,SI,SI,200,200,0,NO,NA,,,0,0,NA,NA,NA,NA,"",0,NO,NO,SI,NO,NO,NO,NO,NO,NO,NO,NO,NO,SI,NO,NO,NO,NO,NO,NO,NO,NO,NO,NO,NO,NO,"",0,NO,"",0,NA,NA,NA,NA,NA,NA,"","",0,NO FUE NUNCA,"",NO FUE NUNCA,"",NO FUE NUNCA,"",NO FUE NUNCA,"",NO FUE NUNCA,"",NO FUE NUNCA,"",NO FUE NUNCA,"",NO FUE NUNCA,"",NO FUE NUNCA,"",NO FUE NUNCA,"",NO FUE NUNCA,"",NO FUE NUNCA,"",NO FUE NUNCA,"",NO FUE NUNCA,"",NO FUE NUNCA,"",NO FUE NUNCA,"",NO FUE NUNCA,"",NO FUE NUNCA,"",NO FUE NUNCA,"",NO FUE NUNCA,"",8,2,0,3,SECUNDARIA COMPLETA,LA PERSONA QUE FUE ENTREVISTADA,"",TRABAJA,CARPINTERIA,"OFICIO MENOR, OBRERO NO CALIFICADO/ SERVICIO DOMESTICO", ,"",SI,SI,NO,NO,SI,SI,PROPIA,SI,NO,NO,NO,NO,BARRIO CON VIVIENDAS DISTINTAS,BARRIO CON VIVIENDAS DISTINTAS,CASA,56,C3,240,240,4,240,240,4,120,120,2,60,90,1.5,60,60,1,0,0,0,0,0,0
45,45,2778,2017-05-19T00:00:00,NEA,Varn,63,"INFORMACION, ESTUDIAR, CONOCER", ,SI,"", ,NA,NO,TODOS O CASI TODOS LOS DIAS,FM,3,30,3,30,TODOS O CASI TODOS LOS DIAS,NUNCA,NUNCA,NUNCA,NUNCA,MUSICALES,NA,NA,NA,NA,NA,NA, ,1,SI,"", ,NA,TODOS O CASI TODOS LOS DIAS,6,0,6,0,TODOS O CASI TODOS LOS DIAS,NUNCA,NUNCA,NUNCA,NUNCA,NUNCA,NUNCA,NUNCA,NUNCA,HABITUALMENTE,NUNCA,NUNCA,NUNCA,NUNCA,NUNCA,NUNCA,NUNCA,NUNCA,NUNCA,NUNCA,NUNCA,HABITUALMENTE,NUNCA,10 canciones,NO,NA,NA,NA,NA,NA,NA,NA,NA,NA, ,"",0,0,0,NO,PORQUE NO LE GUSTA IR A RECITALES, ,NO,NA,"",0,"",0,"",0,NO,0,NO,NO,PORQUE NO LE INTERESAN LOS DIARIOS, ,NO,"",0,,,0,0,NA,"",0,"",0,NA,NA,NA,NA,NA,NA,NO,NO,NA,"",0,"",0,"",0,NA,NO,PORQUE NO LE INTERESA, ,NO,"",0,"",0,"", ,"",0,"",0,NA,NA,"","","","","",NA,NA,NA,NA,NA,NA,NA,NA,NA,NA,NA,NA,NA,NA,NA,NA,SI,"",NA,1,30,1,30,"SOLO CANALES DE AIRE ""ANALOGICOS""",NA,NA,NA,NUNCA,NUNCA,NUNCA,TODOS O CASI TODOS LOS DIAS,NUNCA,HABITUALMENTE,NUNCA,1,NINGUNO,NINGUNO,NO,"PORQUE NO LE GUSTAN LAS PELICULAS, SERIES NI PRODUCCIONES AUOVISUALES EN GENERAL", ,NO,NA,NA,NA,NA,NA,NA,NA,NA,NA,NA,NA,NA,NA,0,0,0,NO,PORQUE NO LE INTERESA, ,NO,NA,"",0,"",0,NA, ,NA,NA,NA,NA,NA,NA,NA,NA,NA,NA,NA,NO,NA,"",0,"",0,"",0,NO,PORQUE NO LE INTERESA, ,NO,NO,NA,NA,"",NA,"",0,NA,NA,NA,NA,,"",0,NO USA,NA,NA,NA,NA,NA,NA,NA,NA,NA,NA,NA,NA,NA,NA,NA,NA,NA,NA,NA,NA,NA,NA, ,NA,NA,NA,NA,NA,NA,NA,,,0,0,NA,NA,"","","","","","","","","","","",NINGUNA,NINGUNA,SI,NINGUNO,NA,NA,"",0,0,NO,NA,,,0,0,NA,NA,NA,NA,"",0,NO,NO,NO,NO,NO,NO,NO,NO,NO,NA,NA,NA,NA,NA,NA,NA,NA,NA,NA,NO,NO,NO,NO,NO,NO,"",0,NO,"",0,NA,NA,NA,NA,NA,NA,"","",0,NO FUE NUNCA,"",NO FUE NUNCA,"",NO FUE NUNCA,"",NO FUE NUNCA,"",NO FUE NUNCA,"",NO FUE NUNCA,"",NO FUE NUNCA,"",NO FUE NUNCA,"",NO FUE NUNCA,"",NO FUE NUNCA,"",NO FUE NUNCA,"",NO FUE NUNCA,"",NO FUE NUNCA,"",NO FUE NUNCA,"",NO FUE NUNCA,"",NO FUE NUNCA,"",NO FUE NUNCA,"",NO FUE NUNCA,"",NO FUE NUNCA,"",NO FUE NUNCA,"",2,0,0,3,PRIMARIA COMPLETA,LA PERSONA QUE FUE ENTREVISTADA,"",TRABAJA,TALLER MECANICO,TECNICO ESPECIALIZADO. COMERCIANTE. SUPERVISOR / JEFE / CAP, ,"",SI,NO,SI,NO,SI,NO,PROPIA,NO,NO,NO,NO,NO,BARRIO CON VIVIENDAS DISTINTAS,BARRIO CON VIVIENDAS DISTINTAS,CASA,52,D1,180,210,3.5,360,360,6,0,0,0,60,90,1.5,0,0,0,0,0,0,0,0,0
46,46,5623,2017-05-19T00:00:00,NEA,Mujer,19,"INFORMACION, ESTUDIAR, CONOCER", ,SI,"", ,NA,SI,ALGUNAS VECES AL MES,AM,1,0,1,0,NUNCA,NUNCA,NUNCA,TODOS O CASI TODOS LOS DIAS,NUNCA,MUSICALES,NA,NA,NA,NA,NA,NA, ,0,SI,"", ,NA,ALGUNOS DIAS POR SEMANA,3,0,3,0,NUNCA,NUNCA,TODOS O CASI TODOS LOS DIAS,NUNCA,NUNCA,NUNCA,NUNCA,NUNCA,NUNCA,NUNCA,NUNCA,NUNCA,NUNCA,NUNCA,HABITUALMENTE,HABITUALMENTE,NUNCA,NUNCA,NUNCA,NUNCA,HABITUALMENTE,NUNCA,NUNCA,10 canciones,SI,TODOS O CASI TODOS LOS DIAS,TODOS O CASI TODOS LOS DIAS,YOUTUBE,NA,NA,NA,NA,NA,NA, ,0,0,0,0,NO,PORQUE NO LE INTERESA, ,NO,NA,"",0,"",0,"",0,NO,0,NO,NO,PORQUE NO LE INTERESAN LOS DIARIOS, ,NO,"",0,,,0,0,NA,"",0,"",0,NA,NA,NA,NA,NA,NA,NO,NO,NA,"",0,"",0,"",0,NA,SI,"", ,NA,2,2,0,0,"SE LO HABIA RECOMENDADO UN PROFESOR, REFERENTE POLITICO, RELIGIOSO O ESPIRITUAL", ,0,0,0,0,TODOS O CASI TODOS LOS DIAS,"NO LEYO LIBROS EN PANTALLA, SOLO EN PAPEL","","","","","",NUNCA,HABITUALMENTE,NUNCA,NUNCA,NUNCA,NUNCA,NUNCA,NUNCA,NUNCA,NUNCA,NUNCA,NUNCA,NUNCA,NUNCA,NUNCA,NUNCA,SI,"",NA,2,0,2,0,TELEVISION POR CABLE,NA,VARIAS HORAS AL DIA,VARIAS HORAS AL DIA,NUNCA,NUNCA,NUNCA,TODOS O CASI TODOS LOS DIAS,NUNCA,HABITUALMENTE,NUNCA,1,NINGUNO,NINGUNO,SI,"", ,NA,NUNCA,ALGUNOS DIAS POR SEMANA,TODOS O CASI TODOS LOS DIAS,NUNCA,TODOS O CASI TODOS LOS DIAS,TODOS O CASI TODOS LOS DIAS,TODOS O CASI TODOS LOS DIAS,TODOS O CASI TODOS LOS DIAS,TODOS O CASI TODOS LOS DIAS,NUNCA,NUNCA,NUNCA,NUNCA,0,0,0,NO,PORQUE NO LE INTERESA, ,NO,NA,"",0,"",0,NA, ,NA,NA,NA,NA,NA,NA,NA,NA,NA,NA,NA,NO,NA,"",0,"",0,"",0,SI,"", ,NA,NA,SI,NA,"",INCLUYE TELFONO,500,500,NUNCA,TODOS O CASI TODOS LOS DAS,NUNCA,NUNCA,6,30,6,30,TODOS O CASI TODOS LOS DAS,NUNCA,TODOS O CASI TODOS LOS DAS,NUNCA,TODOS O CASI TODOS LOS DAS,NUNCA,NUNCA,NUNCA,NUNCA,NUNCA,SI,SI,NO,NO,NO,TODOS O CASI TODOS LOS DAS,TODOS O CASI TODOS LOS DAS,NA,NA,NA,NO,NA, ,NUNCA,TODOS O CASI TODOS LOS DAS,NUNCA,NUNCA,NUNCA,TODOS O CASI TODOS LOS DAS,NUNCA,2,0,2,0,"COMENTA, COMPARTE, PARTICIPA Y/U OPINA FRENTE A CONTENIDOS",NA,"","","","","","","","","","","",1,NINGUNA,SI,5,SI,SI,300,300,0,NO,NA,,,0,0,NA,NA,NA,NA,"",0,NO,NO,NO,NO,NO,NO,NO,NO,NO,NA,NA,NA,NA,NA,NA,NA,NA,NA,NA,SI,NO,NO,NO,NO,NO,"",0,NO,"",0,NA,NA,NA,NA,NA,NA,"","",0,NO FUE NUNCA,"",NO FUE NUNCA,"",NO FUE NUNCA,"",NO FUE NUNCA,"",NO FUE NUNCA,"",NO FUE NUNCA,"",NO FUE NUNCA,"",NO FUE NUNCA,"",NO FUE NUNCA,"",NO FUE NUNCA,"",NO FUE NUNCA,"",NO FUE NUNCA,"",NO FUE NUNCA,"",NO FUE NUNCA,"",NO FUE NUNCA,"",NO FUE NUNCA,"",NO FUE NUNCA,"",NO FUE NUNCA,"",NO FUE NUNCA,"",NO FUE NUNCA,"",7,3,0,3,SECUNDARIA INCOMPLETA,OTRO MIEMBRO DEL HOGAR,SECUNDARIA COMPLETA,TRABAJA,COMERCIO,TECNICO ESPECIALIZADO. COMERCIANTE. SUPERVISOR / JEFE / CAP, ,"",NO,SI,NO,NO,NO,SI,PROPIA,SI,NO,NO,NO,NO,BARRIO CON VIVIENDAS DISTINTAS,BARRIO CON VIVIENDAS DISTINTAS,CASA,60,C3,60,60,1,180,180,3,0,0,0,120,120,2,360,390,6.5,120,120,2,0,0,0
47,47,4217,2017-05-19T00:00:00,NEA,Mujer,20,"EL ARTE, LO CULTO", ,NO,PORQUE NO LE INTERESA, ,NO,NA,NA,NA,,,0,0,NA,NA,NA,NA,NA,NA,NA,NA,NA,NA,NA,NA, ,1,SI,"", ,NA,ALGUNAS VECES AL MES,2,30,2,30,ALGUNAS VECES AL MES,NUNCA,NUNCA,NUNCA,NUNCA,NUNCA,NUNCA,NUNCA,NUNCA,NUNCA,NUNCA,NUNCA,NUNCA,NUNCA,DE VEZ EN CUANDO,DE VEZ EN CUANDO,NUNCA,NUNCA,NUNCA,NUNCA,NUNCA,NUNCA,NUNCA,10 canciones,SI,NUNCA,NUNCA,GOOGLE PLAY,YOUTUBE,NA,NA,NA,NA,NA, ,0,0,0,0,NO,POR FALTA DE DINERO, ,NO,NA,"",0,"",0,"",0,NO,0,NO,SI,"", ,NA,1,1,1,0,1,0,ALGUNAS VECES AL MES,1,1,25,25,"NO LEYO DIARIOS EN PANTALLA, SOLO EN PAPEL",NA,ALGUNAS VECES AL MES,NUNCA,NUNCA,PRINCIPALMENTE LEE EN PAPEL O POR INTERNET SU DIARIO O DIARIOS PREFERIDOS,NO,NO,NA,"",0,"",0,"",0,NA,NO,PORQUE NO LE INTERESA, ,NO,"",0,"",0,"", ,"",0,"",0,NA,NA,"","","","","",NA,NA,NA,NA,NA,NA,NA,NA,NA,NA,NA,NA,NA,NA,NA,NA,SI,"",NA,3,0,3,0,"SOLO CANALES DE AIRE ""ANALOGICOS""",NA,NA,NA,NUNCA,NUNCA,NUNCA,TODOS O CASI TODOS LOS DIAS,NUNCA,CASI NUNCA,NUNCA,1,NINGUNO,NINGUNO,SI,"", ,NA,NUNCA,NUNCA,ALGUNAS VECES AL MES,TODOS O CASI TODOS LOS DIAS,TODOS O CASI TODOS LOS DIAS,ALGUNOS DIAS POR SEMANA,TODOS O CASI TODOS LOS DIAS,TODOS O CASI TODOS LOS DIAS,NUNCA,NUNCA,NUNCA,NUNCA,NUNCA,0,0,0,NO,POR FALTA DE DINERO, ,NO,NA,"",0,"",0,NA, ,NA,NA,NA,NA,NA,NA,NA,NA,NA,NA,NA,NO,NA,"",0,"",0,"",0,NO,PORQUE NO LO PUEDE PAGAR, ,NO,SI,NO,NO,"",NA,"",0,NUNCA,TODOS O CASI TODOS LOS DAS,NUNCA,NUNCA,2,30,2,30,NUNCA,NUNCA,NUNCA,NUNCA,NUNCA,NUNCA,NUNCA,NUNCA,NUNCA,NUNCA,NO,NO,NO,NO,NO,NA,NA,NA,NA,NA,NO,NA, ,NA,NA,NA,NA,NA,NA,NA,,,0,0,NS/NC,NA,"","","","","","","","","","","",NINGUNA,NINGUNA,NO,1,SI,SI,200,200,0,NO,NA,,,0,0,NA,NA,NA,NA,"",0,NO,NO,NO,NO,NO,NO,NO,NO,NO,NA,NA,NA,NA,NA,NA,NA,NA,NA,NA,NO,NO,NO,NO,NO,NO,"",0,NO,"",0,NA,NA,NA,NA,NA,NA,"","",0,NO FUE NUNCA,"",NO FUE NUNCA,"",NO FUE NUNCA,"",NO FUE NUNCA,"",NO FUE NUNCA,"",NO FUE NUNCA,"",NO FUE NUNCA,"",NO FUE NUNCA,"",NO FUE NUNCA,"",NO FUE NUNCA,"",NO FUE NUNCA,"",NO FUE NUNCA,"",NO FUE NUNCA,"",NO FUE NUNCA,"",NO FUE NUNCA,"",NO FUE NUNCA,"",NO FUE NUNCA,"",NO FUE NUNCA,"",NO FUE NUNCA,"",NO FUE NUNCA,"",5,2,0,4,PRIMARIA COMPLETA,OTRO MIEMBRO DEL HOGAR,PRIMARIA COMPLETA,TRABAJA,MUNCIPALIDAD DE RESISTENCIA,TRABAJADOR/OBRERO CALIFICADO. EMPLEADO ADMINISTRATIVO MEDIO, ,"",SI,NO,NO,NO,NO,SI,PROPIA,SI,NO,NO,NO,NO,BARRIO CON VIVIENDAS DISTINTAS,BARRIO CON VIVIENDAS DISTINTAS,CASA,42,D1,0,0,0,120,150,2.5,60,60,1,180,180,3,120,150,2.5,0,0,0,0,0,0
48,48,6755,2017-05-19T00:00:00,NEA,Mujer,40,"INFORMACION, ESTUDIAR, CONOCER", ,SI,"", ,NA,NO,TODOS O CASI TODOS LOS DIAS,FM,1,30,1,30,TODOS O CASI TODOS LOS DIAS,NUNCA,NUNCA,NUNCA,NUNCA,INFORMATIVOS / NOTICIEROS,NA,NA,NA,NA,NA,NA, ,1,SI,"", ,NA,ALGUNAS VECES AL MES,2,0,2,0,NUNCA,NUNCA,TODOS O CASI TODOS LOS DIAS,NUNCA,NUNCA,NUNCA,NUNCA,NUNCA,NUNCA,HABITUALMENTE,NUNCA,NUNCA,NUNCA,NUNCA,NUNCA,NUNCA,NUNCA,NUNCA,NUNCA,NUNCA,NUNCA,NUNCA,NUNCA,10 canciones,SI,TODOS O CASI TODOS LOS DIAS,TODOS O CASI TODOS LOS DIAS,YOUTUBE,NA,NA,NA,NA,NA,NA, ,0,0,0,0,NO,POR FALTA DE DINERO, ,NO,NA,"",0,"",0,"",0,NO,0,NO,SI,"", ,NA,1,1,0,30,0,30,ALGUNAS VECES AL MES,1,1,25,25,"NO LEYO DIARIOS EN PANTALLA, SOLO EN PAPEL",NA,ALGUNAS VECES AL MES,NUNCA,NUNCA,PRINCIPALMENTE LEE EN PAPEL O POR INTERNET SU DIARIO O DIARIOS PREFERIDOS,NO,NO,NA,"",0,"",0,"",0,NA,NO,PORQUE NO TIENE TIEMPO, ,NO,"",0,"",0,"", ,"",0,"",0,NA,NA,"","","","","",NA,NA,NA,NA,NA,NA,NA,NA,NA,NA,NA,NA,NA,NA,NA,NA,SI,"",NA,1,0,1,0,TELEVISION POR CABLE,NA,ALGUNAS VECES POR SEMANA,ALGUNAS VECES POR SEMANA,NUNCA,NUNCA,NUNCA,TODOS O CASI TODOS LOS DIAS,NUNCA,HABITUALMENTE,NUNCA,4,NINGUNO,NINGUNO,SI,"", ,NA,NUNCA,NUNCA,NUNCA,NUNCA,NUNCA,ALGUNAS VECES AL MES,ALGUNAS VECES AL MES,ALGUNA VEZ CADA 3 MESES,ALGUNA VEZ CADA 3 MESES,NUNCA,NUNCA,NUNCA,NUNCA,0,0,0,NO,POR FALTA DE TIEMPO, ,NO,NA,"",0,"",0,NA, ,NA,NA,NA,NA,NA,NA,NA,NA,NA,NA,NA,NO,NA,"",0,"",0,"",0,SI,"", ,NA,NA,SI,NA,"",INCLUYE TELFONO,700,700,TODOS O CASI TODOS LOS DAS,TODOS O CASI TODOS LOS DAS,NUNCA,NUNCA,5,NO USA,5,NO USA,TODOS O CASI TODOS LOS DAS,NUNCA,NUNCA,NUNCA,NUNCA,NUNCA,NUNCA,NUNCA,NUNCA,NUNCA,SI,SI,NO,NO,NO,TODOS O CASI TODOS LOS DAS,TODOS O CASI TODOS LOS DAS,NA,NA,NA,NO,NA, ,NUNCA,NUNCA,TODOS O CASI TODOS LOS DAS,NUNCA,NUNCA,ALGUNOS DIAS POR SEMANA,NUNCA,1,0,1,0,"OBSERVA LOS CONTENIDOS, SIN HACER COMENTARIOS",NA,"","","","","","","","","","","",1,NINGUNA,SI,4,SI,SI,1500,1500,0,NO,NA,,,0,0,NA,NA,NA,NA,"",0,NO,NO,NO,NO,NO,NO,NO,NO,NO,NA,NA,NA,NA,NA,NA,NA,NA,NA,NA,NO,NO,NO,NO,NO,NO,"",0,NO,"",0,NA,NA,NA,NA,NA,NA,"","",0,NO FUE NUNCA,"",NO FUE NUNCA,"",NO FUE NUNCA,"",NO FUE NUNCA,"",NO FUE NUNCA,"",NO FUE NUNCA,"",NO FUE NUNCA,"",NO FUE NUNCA,"",NO FUE NUNCA,"",NO FUE NUNCA,"",NO FUE NUNCA,"",NO FUE NUNCA,"",NO FUE NUNCA,"",NO FUE NUNCA,"",NO FUE NUNCA,"",NO FUE NUNCA,"",NO FUE NUNCA,"",NO FUE NUNCA,"",NO FUE NUNCA,"",NO FUE NUNCA,"",7,3,0,3,SECUNDARIA INCOMPLETA,LA PERSONA QUE FUE ENTREVISTADA,"",TRABAJA,MINISTERIO DE GOBIERNO REGISTRO CIVIL,TRABAJADOR/OBRERO CALIFICADO. EMPLEADO ADMINISTRATIVO MEDIO, ,"",SI,SI,SI,NO,SI,SI,PROPIA,SI,NO,NO,NO,NO,BARRIO CON VIVIENDAS DISTINTAS,BARRIO CON VIVIENDAS DISTINTAS,CASA,60,C3,60,90,1.5,120,120,2,0,30,0.5,60,60,1,300,300,5,60,60,1,0,0,0
49,49,4415,2017-05-19T00:00:00,NEA,Mujer,55,"LA FORMA DE PENSAR, IDEOLOGIA, VALORES", ,SI,"", ,NA,NO,ALGUNAS VECES AL MES,FM,4,0,4,0,TODOS O CASI TODOS LOS DIAS,NUNCA,NUNCA,NUNCA,NUNCA,MUSICALES,NA,NA,NA,NA,NA,NA, ,1,SI,"", ,NA,ALGUNAS VECES AL MES,4,0,4,0,ALGUNAS VECES AL MES,NUNCA,NUNCA,NUNCA,NUNCA,NUNCA,NUNCA,NUNCA,NUNCA,HABITUALMENTE,NUNCA,NUNCA,NUNCA,NUNCA,NUNCA,NUNCA,NUNCA,NUNCA,HABITUALMENTE,NUNCA,NUNCA,NUNCA,NUNCA,10 canciones,NO,NA,NA,NA,NA,NA,NA,NA,NA,NA, ,"",0,0,0,NO,PORQUE NO LE INTERESA, ,NO,NA,"",0,"",0,"",0,NO,0,NO,SI,"", ,NA,1,1,2,0,2,0,ALGUNAS VECES AL MES,1,1,25,25,"NO LEYO DIARIOS EN PANTALLA, SOLO EN PAPEL",NA,ALGUNAS VECES AL MES,NUNCA,NUNCA,PRINCIPALMENTE LEE EN PAPEL O POR INTERNET SU DIARIO O DIARIOS PREFERIDOS,NO,NO,NA,"",0,"",0,"",0,NA,NO,PORQUE NO TIENE TIEMPO, ,NO,"",0,"",0,"", ,"",0,"",0,NA,NA,"","","","","",NA,NA,NA,NA,NA,NA,NA,NA,NA,NA,NA,NA,NA,NA,NA,NA,SI,"",NA,6,30,6,30,TELEVISION POR CABLE,NA,VARIAS HORAS AL DIA,ALGUNA VEZ AL AO,NUNCA,NUNCA,NUNCA,TODOS O CASI TODOS LOS DIAS,NUNCA,HABITUALMENTE,NUNCA,2,NINGUNO,NINGUNO,SI,"", ,NA,NUNCA,NUNCA,ALGUNAS VECES AL MES,TODOS O CASI TODOS LOS DIAS,TODOS O CASI TODOS LOS DIAS,ALGUNAS VECES AL MES,ALGUNOS DIAS POR SEMANA,TODOS O CASI TODOS LOS DIAS,TODOS O CASI TODOS LOS DIAS,NUNCA,NUNCA,NUNCA,NUNCA,0,0,0,NO,PORQUE NO LE INTERESA, ,NO,NA,"",0,"",0,NA, ,NA,NA,NA,NA,NA,NA,NA,NA,NA,NA,NA,NO,NA,"",0,"",0,"",0,SI,"", ,NA,NA,SI,NA,"",INCLUYE TELFONO,650,650,NUNCA,TODOS O CASI TODOS LOS DAS,NUNCA,NUNCA,1,NO USA,1,NO USA,NUNCA,NUNCA,NUNCA,NUNCA,NUNCA,NUNCA,NUNCA,NUNCA,NUNCA,NUNCA,SI,NO,NO,NO,NO,ALGUNA VEZ AL AO O MENOS,NA,NA,NA,NA,NO,NA, ,NUNCA,NUNCA,NUNCA,NUNCA,NUNCA,NUNCA,NUNCA,1,0,1,0,"OBSERVA LOS CONTENIDOS, SIN HACER COMENTARIOS",NA,"","","","","","","","","","","",1,NINGUNA,SI,3,SI,SI,400,400,0,NO,NA,,,0,0,NA,NA,NA,NA,"",0,NO,NO,NO,NO,NO,NO,NO,NO,NO,NA,NA,NA,NA,NA,NA,NA,NA,NA,NA,NO,NO,NO,NO,NO,NO,"",0,NO,"",0,NA,NA,NA,NA,NA,NA,"","",0,HACE MAS DE 5 AOS,"",NO FUE NUNCA,"",HACE MAS DE 5 AOS,"",HACE MAS DE 5 AOS,"",NO FUE NUNCA,"",NO FUE NUNCA,"",NO FUE NUNCA,"",NO FUE NUNCA,"",NO FUE NUNCA,"",NO FUE NUNCA,"",NO FUE NUNCA,"",HACE MAS DE 5 AOS,"",NO FUE NUNCA,"",NO FUE NUNCA,"",NO FUE NUNCA,"",NO FUE NUNCA,"",NO FUE NUNCA,"",HACE MAS DE 5 AOS,"",NO FUE NUNCA,"",HACE MAS DE 5 AOS,"",5,2,0,3,SECUNDARIA INCOMPLETA,LA PERSONA QUE FUE ENTREVISTADA,"",ES JUBILADO/PENSIONADO, ,"",CASA DE GOBIERNO,TRABAJADOR/OBRERO CALIFICADO. EMPLEADO ADMINISTRATIVO MEDIO,SI,SI,NO,NO,NO,SI,PROPIA,SI,NO,NO,NO,NO,BARRIO CON VIVIENDAS DISTINTAS,BARRIO CON VIVIENDAS DISTINTAS,CASA,46,D1,240,240,4,240,240,4,120,120,2,360,390,6.5,60,60,1,60,60,1,0,0,0
50,50,3075,2017-05-19T00:00:00,NEA,Mujer,65,"LA TRADICION, LA HISTORIA", ,NO,PORQUE NO LE INTERESA, ,NO,NA,NA,NA,,,0,0,NA,NA,NA,NA,NA,NA,NA,NA,NA,NA,NA,NA, ,1,SI,"", ,NA,ALGUNAS VECES AL MES,1,0,1,0,NUNCA,ALGUNAS VECES AL MES,NUNCA,NUNCA,NUNCA,NUNCA,NUNCA,NUNCA,NUNCA,DE VEZ EN CUANDO,NUNCA,NUNCA,NUNCA,NUNCA,DE VEZ EN CUANDO,NUNCA,NUNCA,NUNCA,NUNCA,NUNCA,NUNCA,NUNCA,NUNCA,10 canciones,NO,NA,NA,NA,NA,NA,NA,NA,NA,NA, ,"",3,30,0,NO,PORQUE NO LE INTERESA, ,NO,NA,"",0,"",0,"",0,NO,0,NO,SI,"", ,NA,1,1,1,0,1,0,ALGUNOS DIAS POR SEMANA,1,1,25,25,ALGUNOS DIAS POR SEMANA,NS/NC,ALGUNOS DIAS POR SEMANA,NUNCA,NUNCA,PRINCIPALMENTE LEE EN PAPEL O POR INTERNET SU DIARIO O DIARIOS PREFERIDOS,NO,NO,NA,"",0,"",0,"",0,NA,NO,PORQUE NO LE INTERESA, ,NO,"",0,"",0,"", ,"",0,"",0,NA,NA,"","","","","",NA,NA,NA,NA,NA,NA,NA,NA,NA,NA,NA,NA,NA,NA,NA,NA,SI,"",NA,6,30,6,30,TELEVISION POR CABLE,NA,VARIAS HORAS AL DIA,ALGUNAS VECES POR SEMANA,NUNCA,NUNCA,NUNCA,TODOS O CASI TODOS LOS DIAS,NUNCA,HABITUALMENTE,NUNCA,2,NINGUNO,NINGUNO,SI,"", ,NA,NUNCA,NUNCA,ALGUNOS DIAS POR SEMANA,TODOS O CASI TODOS LOS DIAS,NUNCA,NUNCA,NUNCA,TODOS O CASI TODOS LOS DIAS,TODOS O CASI TODOS LOS DIAS,NUNCA,NUNCA,NUNCA,NUNCA,0,0,0,NO,PORQUE NO LE INTERESA, ,NO,NA,"",0,"",0,NA, ,NA,NA,NA,NA,NA,NA,NA,NA,NA,NA,NA,NO,NA,"",0,"",0,"",0,NO,POR FALTA DE TIEMPO, ,NO,SI,NO,SI,645,NA,"",0,NUNCA,TODOS O CASI TODOS LOS DAS,NUNCA,NUNCA,1,NO USA,1,NO USA,NUNCA,TODOS O CASI TODOS LOS DAS,NUNCA,NUNCA,NUNCA,NUNCA,NUNCA,NUNCA,NUNCA,NUNCA,NO,NO,NO,NO,NO,NA,NA,NA,NA,NA,NO,NA, ,NA,NA,NA,NA,NA,NA,NA,,,0,0,"OBSERVA LOS CONTENIDOS, SIN HACER COMENTARIOS",NA,"","","","","","","","","","","",NINGUNA,NINGUNA,NO,1,SI,SI,450,450,0,NO,NA,,,0,0,NA,NA,NA,NA,"",0,NO,SI,NO,NO,NO,NO,NO,NO,NO,NO,NO,NO,SI,NO,NO,NO,NO,NO,NO,NO,NO,NO,NO,NO,NO,"",0,NO,"",0,NA,NA,NA,NA,NA,NA,"","",0,NO FUE NUNCA,"",NO FUE NUNCA,"",NO FUE NUNCA,"",NO FUE NUNCA,"",NO FUE NUNCA,"",NO FUE NUNCA,"",NO FUE NUNCA,"",NO FUE NUNCA,"",NO FUE NUNCA,"",NO FUE NUNCA,"",NO FUE NUNCA,"",NO FUE NUNCA,"",NO FUE NUNCA,"",NO FUE NUNCA,"",NO FUE NUNCA,"",NO FUE NUNCA,"",NO FUE NUNCA,"",NO FUE NUNCA,"",NO FUE NUNCA,"",NO FUE NUNCA,"",2,0,1,2,PRIMARIA COMPLETA,LA PERSONA QUE FUE ENTREVISTADA,"",ES JUBILADO/PENSIONADO, ,"",AMA DE CASA,"OFICIO MENOR, OBRERO NO CALIFICADO/ SERVICIO DOMESTICO",SI,NO,SI,NO,SI,SI,PROPIA,SI,NO,NO,NO,NO,BARRIO CON VIVIENDAS DISTINTAS,BARRIO CON VIVIENDAS DISTINTAS,CASA,44,D1,0,0,0,60,60,1,60,60,1,360,390,6.5,60,60,1,0,0,0,0,0,0
51,51,8220,2017-05-15T00:00:00,NEA,Varn,17,"LA TRADICION, LA HISTORIA", ,SI,"", ,NA,NO,TODOS O CASI TODOS LOS DIAS,AMBAS POR IGUAL,2,0,2,0,TODOS O CASI TODOS LOS DIAS,NUNCA,NUNCA,NUNCA,NUNCA,INFORMATIVOS / NOTICIEROS,MUSICALES,ACTUALIDAD / MAGAZINE,NA,NA,NA,NA, ,1,SI,"", ,NA,TODOS O CASI TODOS LOS DIAS,2,0,2,0,ALGUNA VEZ AL AO O MENOS,NUNCA,NUNCA,TODOS O CASI TODOS LOS DIAS,NUNCA,NUNCA,NUNCA,NUNCA,ALGUNOS DIAS POR SEMANA,HABITUALMENTE,HABITUALMENTE,HABITUALMENTE,HABITUALMENTE,HABITUALMENTE,NUNCA,HABITUALMENTE,HABITUALMENTE,HABITUALMENTE,HABITUALMENTE,HABITUALMENTE,HABITUALMENTE,NUNCA,HABITUALMENTE,5 canciones,SI,NUNCA,TODOS O CASI TODOS LOS DIAS,OTROS,NA,NA,NA,NA,NA,NA, ,0,0,0,0,NO,POR FALTA DE TIEMPO, ,SI,NA,"",0,"",0,"",0,SI,1,SI,SI,"", ,NA,1,1,1,0,1,0,ALGUNOS DIAS POR SEMANA,1,1,25,25,ALGUNOS DIAS POR SEMANA,CELULAR,ALGUNOS DIAS POR SEMANA,NUNCA,TODOS O CASI TODOS LOS DIAS,PRINCIPALMENTE LEE EN PAPEL O POR INTERNET SU DIARIO O DIARIOS PREFERIDOS,SI,NA,ALGUNAS VECES AL MES,0,0,0,0,0,0,ALGUNOS DIAS POR SEMANA,SI,"", ,NA,10,10,10,10,"SE LO HABIA RECOMENDADO UN AMIGO, FAMILIAR O CONOCIDO", ,1,1,470,470,ALGUNOS DIAS POR SEMANA,ALGUNOS DIAS POR SEMANA,CELULAR,COMPUTADORA,"","",NO,HABITUALMENTE,HABITUALMENTE,HABITUALMENTE,HABITUALMENTE,HABITUALMENTE,HABITUALMENTE,HABITUALMENTE,HABITUALMENTE,HABITUALMENTE,HABITUALMENTE,HABITUALMENTE,HABITUALMENTE,HABITUALMENTE,HABITUALMENTE,HABITUALMENTE,HABITUALMENTE,SI,"",NA,0,30,0,30,TELEVISION POR CABLE,NA,ALGUNAS VECES POR SEMANA,ALGUNAS VECES POR SEMANA,NUNCA,NUNCA,NUNCA,TODOS O CASI TODOS LOS DIAS,NUNCA,HABITUALMENTE,HABITUALMENTE,4,1,1,SI,"", ,NA,ALGUNOS DIAS POR SEMANA,ALGUNOS DIAS POR SEMANA,ALGUNOS DIAS POR SEMANA,ALGUNAS VECES AL MES,ALGUNOS DIAS POR SEMANA,ALGUNOS DIAS POR SEMANA,ALGUNOS DIAS POR SEMANA,TODOS O CASI TODOS LOS DIAS,TODOS O CASI TODOS LOS DIAS,TODOS O CASI TODOS LOS DIAS,NUNCA,TODOS O CASI TODOS LOS DIAS,ALGUNAS VECES AL MES,154,0,0,SI,"", ,NA,ALGUNA VEZ CADA 3 MESES,6,6,0,0,VIO LOS AVANCES EN EL CINE, ,DE VEZ EN CUANDO,DE VEZ EN CUANDO,DE VEZ EN CUANDO,DE VEZ EN CUANDO,DE VEZ EN CUANDO,DE VEZ EN CUANDO,DE VEZ EN CUANDO,DE VEZ EN CUANDO,DE VEZ EN CUANDO,DE VEZ EN CUANDO,DE VEZ EN CUANDO,NO,NA,"",0,"",0,"",0,SI,"", ,NA,NA,SI,NA,"",INCLUYE TELFONO,600,600,TODOS O CASI TODOS LOS DAS,TODOS O CASI TODOS LOS DAS,NUNCA,ALGUNOS DIAS POR SEMANA,4,NO USA,4,NO USA,TODOS O CASI TODOS LOS DAS,TODOS O CASI TODOS LOS DAS,TODOS O CASI TODOS LOS DAS,NUNCA,ALGUNOS DIAS POR SEMANA,ALGUNOS DIAS POR SEMANA,ALGUNOS DIAS POR SEMANA,ALGUNOS DIAS POR SEMANA,ALGUNOS DIAS POR SEMANA,NUNCA,SI,SI,NO,SI,NO,ALGUNOS DIAS POR SEMANA,TODOS O CASI TODOS LOS DAS,NA,TODOS O CASI TODOS LOS DAS,NA,NO,NA, ,NUNCA,TODOS O CASI TODOS LOS DAS,TODOS O CASI TODOS LOS DAS,TODOS O CASI TODOS LOS DAS,NUNCA,ALGUNAS VECES AL MES,TODOS O CASI TODOS LOS DAS,2,0,2,0,"OBSERVA LOS CONTENIDOS, SIN HACER COMENTARIOS",NA,"","","","","","","","","","","",2,NINGUNA,SI,7,SI,SI,600,600,0,SI,ALGUNOS DIAS POR SEMANA,2,0,2,0,ALGUNOS DIAS POR SEMANA,TODOS O CASI TODOS LOS DIAS,NUNCA,ALGUNOS DIAS POR SEMANA,30,30,NO,NO,NO,SI,NO,NO,NO,NO,NO,NO,NO,NO,SI,NO,NO,NO,NO,NO,NO,SI,SI,NO,NO,NO,SI,0,0,NO,"",0,NA,NA,NA,NA,NA,NA,"","",0,NO FUE NUNCA,"",VARIAS VECES EN EL ULTIMO AO,0,NO FUE NUNCA,"",NO FUE NUNCA,"",NO FUE NUNCA,"",NO FUE NUNCA,"",NO FUE NUNCA,"",NO FUE NUNCA,"",NO FUE NUNCA,"",NO FUE NUNCA,"",NO FUE NUNCA,"",NO FUE NUNCA,"",NO FUE NUNCA,"",NO FUE NUNCA,"",NO FUE NUNCA,"",NO FUE NUNCA,"",NO FUE NUNCA,"",NO FUE NUNCA,"",NO FUE NUNCA,"",NO FUE NUNCA,"",9,3,0,4,SECUNDARIA INCOMPLETA,OTRO MIEMBRO DEL HOGAR,TERCIARIO INCOMPLETO,TRABAJA,CUIDADO DE ANCIANOS,"OFICIO MENOR, OBRERO NO CALIFICADO/ SERVICIO DOMESTICO", ,"",NO,SI,NO,NO,SI,SI,PROPIA,SI,NO,NO,NO,NO,BARRIO CON VIVIENDAS DISTINTAS,BARRIO CON VIVIENDAS DISTINTAS,CASA,58,C3,120,120,2,120,120,2,60,60,1,0,30,0.5,240,240,4,120,120,2,120,120,2
52,52,4108,2017-05-16T00:00:00,NEA,Varn,20,"LA FORMA DE PENSAR, IDEOLOGIA, VALORES", ,SI,"", ,NA,NO,ALGUNOS DIAS POR SEMANA,FM,1,30,1,30,TODOS O CASI TODOS LOS DIAS,NUNCA,NUNCA,NUNCA,NUNCA,MUSICALES,NA,NA,NA,NA,NA,NA, ,1,SI,"", ,NA,ALGUNOS DIAS POR SEMANA,3,0,3,0,TODOS O CASI TODOS LOS DIAS,NUNCA,NUNCA,NUNCA,NUNCA,NUNCA,NUNCA,NUNCA,NUNCA,NUNCA,NUNCA,HABITUALMENTE,NUNCA,NUNCA,NUNCA,HABITUALMENTE,NUNCA,NUNCA,HABITUALMENTE,NUNCA,HABITUALMENTE,NUNCA,NUNCA,5 canciones,NO,NA,NA,NA,NA,NA,NA,NA,NA,NA, ,"",0,0,0,SI,"", ,NA,ALGUNA VEZ AL AO O MENOS,1,1,1,1,250,250,NO,0,NO,NO,PORQUE NO LE INTERESAN LOS DIARIOS, ,NO,"",0,,,0,0,NA,"",0,"",0,NA,NA,NA,NA,NA,NA,SI,NA,ALGUNAS VECES AL MES,0,0,0,0,0,0,"NO LEYO REVISTAS EN PANTALLA, SOLO EN PAPEL",NO,PORQUE NO LE INTERESA, ,SI,"",0,"",0,"", ,"",0,"",0,NA,NA,"","","","","",NA,NA,NA,NA,NA,NA,NA,NA,NA,NA,NA,NA,NA,NA,NA,NA,SI,"",NA,2,30,2,30,"SOLO CANALES DE AIRE ""ANALOGICOS""",NA,NA,NA,NUNCA,NUNCA,NUNCA,TODOS O CASI TODOS LOS DIAS,HABITUALMENTE,DE VEZ EN CUANDO,NUNCA,1,NINGUNO,NINGUNO,SI,"", ,NA,TODOS O CASI TODOS LOS DIAS,TODOS O CASI TODOS LOS DIAS,ALGUNOS DIAS POR SEMANA,TODOS O CASI TODOS LOS DIAS,TODOS O CASI TODOS LOS DIAS,TODOS O CASI TODOS LOS DIAS,TODOS O CASI TODOS LOS DIAS,TODOS O CASI TODOS LOS DIAS,NUNCA,NUNCA,NUNCA,NUNCA,NUNCA,0,0,0,SI,"", ,NA,TODOS O CASI TODOS LOS MESES,3,3,0,0,VIO LOS AVANCES EN EL CINE, ,HABITUALMENTE,HABITUALMENTE,HABITUALMENTE,HABITUALMENTE,HABITUALMENTE,HABITUALMENTE,HABITUALMENTE,NUNCA,NUNCA,HABITUALMENTE,HABITUALMENTE,NO,NA,"",0,"",0,"",0,NO,NO TIENE INTERNET, ,SI,SI,NO,NO,"",NA,"",0,NUNCA,TODOS O CASI TODOS LOS DAS,NUNCA,NUNCA,3,30,3,30,NUNCA,ALGUNOS DIAS POR SEMANA,NUNCA,NUNCA,NUNCA,NUNCA,NUNCA,NUNCA,ALGUNOS DIAS POR SEMANA,NUNCA,SI,NO,NO,NO,NO,TODOS O CASI TODOS LOS DAS,NA,NA,NA,NA,NO,NA, ,NUNCA,NUNCA,NUNCA,NUNCA,NUNCA,TODOS O CASI TODOS LOS DAS,NUNCA,0,30,0,30,"OBSERVA LOS CONTENIDOS, SIN HACER COMENTARIOS",NA,"","","","","","","","","","","",NINGUNA,NINGUNA,NO,2,SI,SI,600,600,0,SI,ALGUNOS DIAS POR SEMANA,0,20,0,20,NUNCA,TODOS O CASI TODOS LOS DIAS,NUNCA,NUNCA,0,0,SI,NO,NO,NO,NO,NO,NO,SI,NO,NO,NO,NO,SI,NO,NO,NO,NO,SI,NO,SI,NO,NO,NO,NO,NO,"",0,SI,1,1,NUNCA,NUNCA,NUNCA,NUNCA,VARIAS VECES AL AO,NUNCA,FUE GRATUITO,0,0,NO FUE NUNCA,"",NO FUE NUNCA,"",NO FUE NUNCA,"",NO FUE NUNCA,"",NO FUE NUNCA,"",NO FUE NUNCA,"",NO FUE NUNCA,"",NO FUE NUNCA,"",NO FUE NUNCA,"",NO FUE NUNCA,"",NO FUE NUNCA,"",NO FUE NUNCA,"",NO FUE NUNCA,"",NO FUE NUNCA,"",NO FUE NUNCA,"",NO FUE NUNCA,"",NO FUE NUNCA,"",NO FUE NUNCA,"",NO FUE NUNCA,"",NO FUE NUNCA,"",5,2,0,4,SECUNDARIA COMPLETA,OTRO MIEMBRO DEL HOGAR,SECUNDARIA COMPLETA,TRABAJA,ADMINISTRATIVO EN UNA EMPRESA,TRABAJADOR/OBRERO CALIFICADO. EMPLEADO ADMINISTRATIVO MEDIO, ,"",NO,NO,NO,NO,SI,SI,PROPIA,NO,NO,NO,NO,NO,BARRIO CON VIVIENDAS DISTINTAS,BARRIO CON VIVIENDAS DISTINTAS,CASA,54,C3,60,90,1.5,180,180,3,0,0,0,120,150,2.5,180,210,3.5,0,30,0.5,0,20,0.333333333
53,53,4984,2017-05-16T00:00:00,NEA,Varn,39,"LA TRADICION, LA HISTORIA", ,SI,"", ,NA,SI,ALGUNOS DIAS POR SEMANA,FM,2,0,2,0,TODOS O CASI TODOS LOS DIAS,ALGUNOS DIAS POR SEMANA,NUNCA,NUNCA,NUNCA,INFORMATIVOS / NOTICIEROS,MUSICALES,DEPORTIVOS,NA,NA,NA,NA, ,1,SI,"", ,NA,ALGUNOS DIAS POR SEMANA,2,0,2,0,ALGUNOS DIAS POR SEMANA,ALGUNOS DIAS POR SEMANA,ALGUNOS DIAS POR SEMANA,ALGUNOS DIAS POR SEMANA,ALGUNOS DIAS POR SEMANA,NUNCA,NUNCA,NUNCA,TODOS O CASI TODOS LOS DIAS,HABITUALMENTE,NUNCA,HABITUALMENTE,NUNCA,NUNCA,HABITUALMENTE,HABITUALMENTE,NUNCA,NUNCA,HABITUALMENTE,NUNCA,NUNCA,HABITUALMENTE,HABITUALMENTE,7 canciones,SI,TODOS O CASI TODOS LOS DIAS,TODOS O CASI TODOS LOS DIAS,YOUTUBE,NA,NA,NA,NA,NA,NA, ,0,0,0,0,NO,POR FALTA DE DINERO, ,SI,NA,"",0,"",0,"",0,NO,0,NO,SI,"", ,NA,1,1,1,0,1,0,ALGUNOS DIAS POR SEMANA,1,1,25,25,"NO LEYO DIARIOS EN PANTALLA, SOLO EN PAPEL",NA,ALGUNAS VECES AL MES,NUNCA,NUNCA,PRINCIPALMENTE LEE EN PAPEL O POR INTERNET SU DIARIO O DIARIOS PREFERIDOS,NO,NO,NA,"",0,"",0,"",0,NA,NO,PORQUE NO LE INTERESA, ,SI,"",0,"",0,"", ,"",0,"",0,NA,NA,"","","","","",NA,NA,NA,NA,NA,NA,NA,NA,NA,NA,NA,NA,NA,NA,NA,NA,SI,"",NA,4,0,4,0,TELEVISION SATELITAL,NA,ALGUNAS VECES AL MES,VARIAS HORAS AL DIA,NUNCA,NUNCA,NUNCA,TODOS O CASI TODOS LOS DIAS,NUNCA,HABITUALMENTE,HABITUALMENTE,2,1,1,SI,"", ,NA,NUNCA,TODOS O CASI TODOS LOS DIAS,NUNCA,NUNCA,TODOS O CASI TODOS LOS DIAS,TODOS O CASI TODOS LOS DIAS,TODOS O CASI TODOS LOS DIAS,ALGUNAS VECES AL MES,TODOS O CASI TODOS LOS DIAS,TODOS O CASI TODOS LOS DIAS,TODOS O CASI TODOS LOS DIAS,TODOS O CASI TODOS LOS DIAS,NUNCA,150,0,0,NO,POR FALTA DE TIEMPO, ,SI,NA,"",0,"",0,NA, ,NA,NA,NA,NA,NA,NA,NA,NA,NA,NA,NA,NO,NA,"",0,"",0,"",0,SI,"", ,NA,NA,SI,NA,"",INCLUYE TELFONO,300,300,NUNCA,TODOS O CASI TODOS LOS DAS,NUNCA,TODOS O CASI TODOS LOS DAS,2,NO USA,2,NO USA,NUNCA,NUNCA,NUNCA,NUNCA,TODOS O CASI TODOS LOS DAS,NUNCA,NUNCA,NUNCA,NUNCA,NUNCA,SI,SI,SI,NO,NO,TODOS O CASI TODOS LOS DAS,TODOS O CASI TODOS LOS DAS,TODOS O CASI TODOS LOS DAS,NA,NA,NO,NA, ,NUNCA,NUNCA,ALGUNOS DIAS POR SEMANA,NUNCA,NUNCA,ALGUNOS DIAS POR SEMANA,NUNCA,1,0,1,0,"OBSERVA LOS CONTENIDOS, SIN HACER COMENTARIOS",NA,"","","","","","","","","","","",1,NINGUNA,SI,3,SI,SI,300,300,0,NO,NA,,,0,0,NA,NA,NA,NA,"",0,NO,NO,NO,NO,NO,NO,NO,NO,NO,NA,NA,NA,NA,NA,NA,NA,NA,NA,NA,NO,NO,NO,NO,NO,NO,"",0,NO,"",0,NA,NA,NA,NA,NA,NA,"","",0,NO FUE NUNCA,"",NO FUE NUNCA,"",NO FUE NUNCA,"",NO FUE NUNCA,"",NO FUE NUNCA,"",NO FUE NUNCA,"",NO FUE NUNCA,"",NO FUE NUNCA,"",NO FUE NUNCA,"",NO FUE NUNCA,"",NO FUE NUNCA,"",NO FUE NUNCA,"",NO FUE NUNCA,"",NO FUE NUNCA,"",NO FUE NUNCA,"",NO FUE NUNCA,"",NO FUE NUNCA,"",NO FUE NUNCA,"",NO FUE NUNCA,"",NO FUE NUNCA,"",5,2,2,3,TERCIARIO COMPLETO,LA PERSONA QUE FUE ENTREVISTADA,"",TRABAJA,TECNICO DENTAL,TECNICO ESPECIALIZADO. COMERCIANTE. SUPERVISOR / JEFE / CAP, ,"",NO,SI,NO,NO,SI,SI,PROPIA,SI,NO,NO,NO,NO,BARRIO CON VIVIENDAS DISTINTAS,BARRIO CON VIVIENDAS DISTINTAS,CASA,78,C2,120,120,2,120,120,2,60,60,1,240,240,4,120,120,2,60,60,1,0,0,0
54,54,1661,2017-05-17T00:00:00,NEA,Varn,45,"INFORMACION, ESTUDIAR, CONOCER", ,SI,"", ,NA,NO,TODOS O CASI TODOS LOS DIAS,FM,3,0,3,0,TODOS O CASI TODOS LOS DIAS,NUNCA,NUNCA,NUNCA,NUNCA,PROGRAMAS RELIGIOSOS,NA,NA,NA,NA,NA,NA, ,1,SI,"", ,NA,TODOS O CASI TODOS LOS DIAS,2,30,2,30,NUNCA,NUNCA,NUNCA,TODOS O CASI TODOS LOS DIAS,NUNCA,NUNCA,NUNCA,NUNCA,NUNCA,NUNCA,NUNCA,NUNCA,NUNCA,CASI NUNCA,CASI NUNCA,NUNCA,NUNCA,NUNCA,NUNCA,NUNCA,NUNCA,NUNCA,NUNCA,10 canciones,NO,NA,NA,NA,NA,NA,NA,NA,NA,NA, ,"",0,0,0,NO,POR FALTA DE DINERO, ,NO,NA,"",0,"",0,"",0,NO,0,NO,NO,POR CUESTIONES ECONOMICAS/NO TIENE PLATA, ,NO,"",0,,,0,0,NA,"",0,"",0,NA,NA,NA,NA,NA,NA,NO,NO,NA,"",0,"",0,"",0,NA,NO,PORQUE LOS LIBROS ESTAN CAROS, ,NO,"",0,"",0,"", ,"",0,"",0,NA,NA,"","","","","",NA,NA,NA,NA,NA,NA,NA,NA,NA,NA,NA,NA,NA,NA,NA,NA,SI,"",NA,5,0,5,0,TELEVISION SATELITAL,NA,VARIAS HORAS AL DIA,VARIAS HORAS AL DIA,NUNCA,NUNCA,NUNCA,TODOS O CASI TODOS LOS DIAS,NUNCA,HABITUALMENTE,NUNCA,2,NINGUNO,NINGUNO,SI,"", ,NA,NUNCA,ALGUNOS DIAS POR SEMANA,ALGUNAS VECES AL MES,ALGUNAS VECES AL MES,ALGUNAS VECES AL MES,TODOS O CASI TODOS LOS DIAS,TODOS O CASI TODOS LOS DIAS,TODOS O CASI TODOS LOS DIAS,TODOS O CASI TODOS LOS DIAS,NUNCA,NUNCA,NUNCA,NUNCA,0,0,0,NO,POR FALTA DE DINERO, ,NO,NA,"",0,"",0,NA, ,NA,NA,NA,NA,NA,NA,NA,NA,NA,NA,NA,NO,NA,"",0,"",0,"",0,SI,"", ,NA,NA,NO,SI,600,NA,"",0,NUNCA,TODOS O CASI TODOS LOS DAS,NUNCA,NUNCA,0,30,0,30,NUNCA,NUNCA,NUNCA,NUNCA,NUNCA,NS/NC,NS/NC,NUNCA,NUNCA,NUNCA,NO,NO,NO,NO,NO,NA,NA,NA,NA,NA,NO,NA, ,NA,NA,NA,NA,NA,NA,NA,,,0,0,"OBSERVA LOS CONTENIDOS, SIN HACER COMENTARIOS",NA,"","","","","","","","","","","",NINGUNA,NINGUNA,NO,1,SI,SI,200,200,0,NO,NA,,,0,0,NA,NA,NA,NA,"",0,NO,NO,SI,NO,NO,NO,NO,NO,NO,NO,NO,NO,SI,NO,NO,NO,NO,NO,NO,NO,NO,NO,NO,NO,NO,"",0,NO,"",0,NA,NA,NA,NA,NA,NA,"","",0,NO FUE NUNCA,"",NO FUE NUNCA,"",NO FUE NUNCA,"",NO FUE NUNCA,"",NO FUE NUNCA,"",NO FUE NUNCA,"",NO FUE NUNCA,"",NO FUE NUNCA,"",NO FUE NUNCA,"",NO FUE NUNCA,"",NO FUE NUNCA,"",NO FUE NUNCA,"",NO FUE NUNCA,"",NO FUE NUNCA,"",NO FUE NUNCA,"",NO FUE NUNCA,"",NO FUE NUNCA,"",NO FUE NUNCA,"",NO FUE NUNCA,"",NO FUE NUNCA,"",3,2,0,3,SECUNDARIA INCOMPLETA,LA PERSONA QUE FUE ENTREVISTADA,"",TRABAJA,TIENE DESPENSA Y TRABAJA COMO ALBAIL,TECNICO ESPECIALIZADO. COMERCIANTE. SUPERVISOR / JEFE / CAP, ,"",NO,NO,NO,NO,NO,SI,PROPIA,NO,NO,NO,NO,NO,BARRIO CON VIVIENDAS DISTINTAS,BARRIO CON VIVIENDAS DISTINTAS,CASA,50,D1,180,180,3,120,150,2.5,0,0,0,300,300,5,0,30,0.5,0,0,0,0,0,0
55,55,4305,2017-05-16T00:00:00,NEA,Varn,63,"INFORMACION, ESTUDIAR, CONOCER", ,SI,"", ,NA,NO,ALGUNOS DIAS POR SEMANA,FM,0,30,0,30,TODOS O CASI TODOS LOS DIAS,ALGUNOS DIAS POR SEMANA,NUNCA,NUNCA,NUNCA,INFORMATIVOS / NOTICIEROS,NA,NA,NA,NA,NA,NA, ,1,SI,"", ,NA,ALGUNOS DIAS POR SEMANA,0,30,0,30,ALGUNOS DIAS POR SEMANA,ALGUNOS DIAS POR SEMANA,NUNCA,NUNCA,NUNCA,NUNCA,NUNCA,NUNCA,NUNCA,HABITUALMENTE,NUNCA,NUNCA,NUNCA,NUNCA,HABITUALMENTE,NUNCA,NUNCA,HABITUALMENTE,NUNCA,NUNCA,NUNCA,NUNCA,NUNCA,10 canciones,NO,NA,NA,NA,NA,NA,NA,NA,NA,NA, ,"",10,200,0,NO,PORQUE NO LE INTERESA, ,NO,NA,"",0,"",0,"",0,NO,0,NO,SI,"", ,NA,1,1,2,0,2,0,ALGUNAS VECES AL MES,1,1,25,25,"NO LEYO DIARIOS EN PANTALLA, SOLO EN PAPEL",NA,ALGUNAS VECES AL MES,ALGUNAS VECES AL MES,NUNCA,PRINCIPALMENTE LEE EN PAPEL O POR INTERNET SU DIARIO O DIARIOS PREFERIDOS,NO,NO,NA,"",0,"",0,"",0,NA,NO,PORQUE NO LE INTERESA, ,SI,"",0,"",0,"", ,"",0,"",0,NA,NA,"","","","","",NA,NA,NA,NA,NA,NA,NA,NA,NA,NA,NA,NA,NA,NA,NA,NA,SI,"",NA,4,30,4,30,TELEVISION POR CABLE,NA,VARIAS HORAS AL DIA,VARIAS HORAS AL DIA,NUNCA,NUNCA,NUNCA,TODOS O CASI TODOS LOS DIAS,NUNCA,HABITUALMENTE,NUNCA,2,1,1,SI,"", ,NA,NUNCA,NUNCA,NUNCA,TODOS O CASI TODOS LOS DIAS,ALGUNOS DIAS POR SEMANA,TODOS O CASI TODOS LOS DIAS,TODOS O CASI TODOS LOS DIAS,TODOS O CASI TODOS LOS DIAS,TODOS O CASI TODOS LOS DIAS,NUNCA,NUNCA,NUNCA,NUNCA,0,0,0,NO,PORQUE NO LE GUSTA EL CINE, ,NO,NA,"",0,"",0,NA, ,NA,NA,NA,NA,NA,NA,NA,NA,NA,NA,NA,NO,NA,"",0,"",0,"",0,NO,PORQUE NO LE GUSTA, ,NO,SI,SI,NA,"",INCLUYE TELFONO,800,800,NUNCA,TODOS O CASI TODOS LOS DAS,NUNCA,NUNCA,0,30,0,30,NUNCA,NUNCA,NUNCA,NUNCA,NUNCA,NUNCA,NUNCA,NUNCA,NUNCA,NUNCA,NO,NO,NO,NO,NO,NA,NA,NA,NA,NA,NO,NA, ,NA,NA,NA,NA,NA,NA,NA,,,0,0,NS/NC,NA,"","","","","","","","","","","",1,NINGUNA,SI,3,SI,SI,1000,1000,0,NO,NA,,,0,0,NA,NA,NA,NA,"",0,NO,NO,NO,NO,NO,NO,NO,NO,NO,NA,NA,NA,NA,NA,NA,NA,NA,NA,NA,NO,NO,NO,NO,NO,NO,"",0,NO,"",0,NA,NA,NA,NA,NA,NA,"","",0,NO FUE NUNCA,"",NO FUE NUNCA,"",NO FUE NUNCA,"",NO FUE NUNCA,"",NO FUE NUNCA,"",NO FUE NUNCA,"",NO FUE NUNCA,"",NO FUE NUNCA,"",NO FUE NUNCA,"",NO FUE NUNCA,"",NO FUE NUNCA,"",NO FUE NUNCA,"",NO FUE NUNCA,"",NO FUE NUNCA,"",NO FUE NUNCA,"",NO FUE NUNCA,"",NO FUE NUNCA,"",NO FUE NUNCA,"",NO FUE NUNCA,"",NO FUE NUNCA,"",3,0,2,3,SECUNDARIA COMPLETA,LA PERSONA QUE FUE ENTREVISTADA,"",ES JUBILADO/PENSIONADO, ,"",PODER JUDICIAL ADMINISTRATIVO,TRABAJADOR/OBRERO CALIFICADO. EMPLEADO ADMINISTRATIVO MEDIO,SI,SI,SI,NO,SI,SI,PROPIA,SI,NO,NO,NO,NO,BARRIO DE VIVIENDA SOCIAL,BARRIO DE VIVIENDA SOCIAL,CASA,60,C3,0,30,0.5,0,30,0.5,120,120,2,240,270,4.5,0,30,0.5,0,0,0,0,0,0
56,56,11621,2017-05-16T00:00:00,NEA,Mujer,15,"LA FORMA DE PENSAR, IDEOLOGIA, VALORES", ,NO,PORQUE NO LE INTERESA, ,NO,NA,NA,NA,,,0,0,NA,NA,NA,NA,NA,NA,NA,NA,NA,NA,NA,NA, ,0,SI,"", ,NA,TODOS O CASI TODOS LOS DIAS,3,0,3,0,NUNCA,NUNCA,NUNCA,TODOS O CASI TODOS LOS DIAS,NUNCA,NUNCA,NUNCA,NUNCA,NUNCA,NUNCA,NUNCA,NUNCA,NUNCA,NUNCA,NUNCA,HABITUALMENTE,NUNCA,NUNCA,HABITUALMENTE,NUNCA,HABITUALMENTE,NUNCA,NUNCA,1 cancin,SI,NUNCA,TODOS O CASI TODOS LOS DIAS,GOOGLE PLAY,NA,NA,NA,NA,NA,NA, ,0,0,0,0,SI,"", ,NA,ALGUNA VEZ AL AO O MENOS,1,1,1,1,0,0,NO,0,NO,NO,PORQUE NO LE GUSTA LEER DIARIOS, ,NO,"",0,,,0,0,NA,"",0,"",0,NA,NA,NA,NA,NA,NA,SI,NA,ALGUNAS VECES AL MES,3,3,0,0,90,90,ALGUNA VEZ CADA 3 MESES,SI,"", ,NA,1,1,0,0,PORQUE ESTABA EN SU CASA, ,0,0,0,0,ALGUNA VEZ CADA 3 MESES,"NO LEYO LIBROS EN PANTALLA, SOLO EN PAPEL","","","","","",NUNCA,HABITUALMENTE,NUNCA,NUNCA,NUNCA,NUNCA,NUNCA,NUNCA,NUNCA,NUNCA,NUNCA,NUNCA,NUNCA,NUNCA,NUNCA,NUNCA,SI,"",NA,2,30,2,30,TELEVISION POR CABLE,NA,VARIAS HORAS AL DIA,ALGUNAS VECES POR SEMANA,NUNCA,NUNCA,NUNCA,TODOS O CASI TODOS LOS DIAS,HABITUALMENTE,HABITUALMENTE,NUNCA,5,3,3,SI,"", ,NA,NUNCA,TODOS O CASI TODOS LOS DIAS,ALGUNAS VECES AL MES,NUNCA,TODOS O CASI TODOS LOS DIAS,TODOS O CASI TODOS LOS DIAS,TODOS O CASI TODOS LOS DIAS,TODOS O CASI TODOS LOS DIAS,TODOS O CASI TODOS LOS DIAS,NUNCA,ALGUNOS DIAS POR SEMANA,ALGUNOS DIAS POR SEMANA,NUNCA,0,0,0,NO,PORQUE NO LE INTERESA, ,NO,NA,"",0,"",0,NA, ,NA,NA,NA,NA,NA,NA,NA,NA,NA,NA,NA,NO,NA,"",0,"",0,"",0,SI,"", ,NA,NA,SI,NA,"",INCLUYE TELFONO,600,600,NUNCA,TODOS O CASI TODOS LOS DAS,NUNCA,NUNCA,5,NO USA,5,NO USA,NUNCA,NUNCA,TODOS O CASI TODOS LOS DAS,NUNCA,TODOS O CASI TODOS LOS DAS,NUNCA,NUNCA,NUNCA,TODOS O CASI TODOS LOS DAS,NUNCA,SI,NO,NO,NO,NO,TODOS O CASI TODOS LOS DAS,NA,NA,NA,NA,NO,NA, ,NUNCA,TODOS O CASI TODOS LOS DAS,TODOS O CASI TODOS LOS DAS,NUNCA,NUNCA,TODOS O CASI TODOS LOS DAS,NUNCA,2,0,2,0,"OBSERVA LOS CONTENIDOS, SIN HACER COMENTARIOS",NA,"","","","","","","","","","","",2,NINGUNA,SI,3,SI,SI,300,300,0,NO,NA,,,0,0,NA,NA,NA,NA,"",0,NO,NO,NO,NO,NO,NO,NO,NO,NO,NA,NA,NA,NA,NA,NA,NA,NA,NA,NA,NO,NO,NO,NO,NO,NO,"",0,NO,"",0,NA,NA,NA,NA,NA,NA,"","",0,NO FUE NUNCA,"",NO FUE NUNCA,"",NO FUE NUNCA,"",NO FUE NUNCA,"",NO FUE NUNCA,"",NO FUE NUNCA,"",NO FUE NUNCA,"",NO FUE NUNCA,"",NO FUE NUNCA,"",NO FUE NUNCA,"",NO FUE NUNCA,"",NO FUE NUNCA,"",NO FUE NUNCA,"",NO FUE NUNCA,"",NO FUE NUNCA,"",NO FUE NUNCA,"",NO FUE NUNCA,"",NO FUE NUNCA,"",NO FUE NUNCA,"",NO FUE NUNCA,"",9,1,1,5,SECUNDARIA INCOMPLETA,OTRO MIEMBRO DEL HOGAR,SECUNDARIA COMPLETA,TRABAJA,MINISTERIO DE SALUD FARMACIA DEL CENTRO DE SALUD,TECNICO ESPECIALIZADO. COMERCIANTE. SUPERVISOR / JEFE / CAP, ,"",SI,SI,SI,NO,SI,SI,PROPIA,SI,SI,NO,NO,NO,BARRIO CON VIVIENDAS DISTINTAS,BARRIO CON VIVIENDAS DISTINTAS,CASA,72,C2,0,0,0,180,180,3,0,0,0,120,150,2.5,300,300,5,120,120,2,0,0,0
57,57,2904,2017-05-15T00:00:00,NEA,Mujer,22,NS/NC, ,SI,"", ,NA,NO,TODOS O CASI TODOS LOS DIAS,FM,4,30,4,30,TODOS O CASI TODOS LOS DIAS,NUNCA,NUNCA,NUNCA,NUNCA,INFORMATIVOS / NOTICIEROS,MUSICALES,NA,NA,NA,NA,NA, ,1,SI,"", ,NA,TODOS O CASI TODOS LOS DIAS,2,0,2,0,TODOS O CASI TODOS LOS DIAS,NUNCA,NUNCA,TODOS O CASI TODOS LOS DIAS,NUNCA,NUNCA,NUNCA,NUNCA,NUNCA,NUNCA,NUNCA,HABITUALMENTE,NUNCA,NUNCA,NUNCA,NUNCA,NUNCA,NUNCA,HABITUALMENTE,NUNCA,NUNCA,NUNCA,NUNCA,9 canciones,SI,ALGUNAS VECES AL MES,ALGUNAS VECES AL MES,GOOGLE PLAY,NA,NA,NA,NA,NA,NA, ,0,0,0,0,NO,POR FALTA DE TIEMPO, ,NO,NA,"",0,"",0,"",0,NO,0,NO,SI,"", ,NA,1,1,1,0,1,0,ALGUNOS DIAS POR SEMANA,0,0,0,0,ALGUNOS DIAS POR SEMANA,CELULAR,NUNCA,ALGUNOS DIAS POR SEMANA,TODOS O CASI TODOS LOS DIAS,PRINCIPALMENTE LEE EN PAPEL O POR INTERNET SU DIARIO O DIARIOS PREFERIDOS,NO,NO,NA,"",0,"",0,"",0,NA,SI,"", ,NA,4,4,0,0,"SE LO HABIA RECOMENDADO UN PROFESOR, REFERENTE POLITICO, RELIGIOSO O ESPIRITUAL", ,4,4,700,700,ALGUNA VEZ AL AO,"NO LEYO LIBROS EN PANTALLA, SOLO EN PAPEL","","","","","",HABITUALMENTE,HABITUALMENTE,HABITUALMENTE,NUNCA,NUNCA,NUNCA,NUNCA,NUNCA,NUNCA,NUNCA,NUNCA,NUNCA,NUNCA,NUNCA,NUNCA,NUNCA,SI,"",NA,3,0,3,0,TELEVISION POR CABLE,NA,VARIAS HORAS AL DIA,VARIAS HORAS AL DIA,NUNCA,NUNCA,NUNCA,TODOS O CASI TODOS LOS DIAS,NUNCA,HABITUALMENTE,NUNCA,3,1,1,SI,"", ,NA,TODOS O CASI TODOS LOS DIAS,TODOS O CASI TODOS LOS DIAS,TODOS O CASI TODOS LOS DIAS,NUNCA,TODOS O CASI TODOS LOS DIAS,TODOS O CASI TODOS LOS DIAS,NUNCA,ALGUNOS DIAS POR SEMANA,ALGUNOS DIAS POR SEMANA,NUNCA,NUNCA,NUNCA,ALGUNAS VECES AL MES,0,0,0,NO,POR FALTA DE TIEMPO, ,SI,NA,"",0,"",0,NA, ,NA,NA,NA,NA,NA,NA,NA,NA,NA,NA,NA,NO,NA,"",0,"",0,"",0,SI,"", ,NA,NA,SI,NA,"",INCLUYE CABLE,800,800,NUNCA,TODOS O CASI TODOS LOS DAS,NUNCA,NUNCA,2,NO USA,2,NO USA,ALGUNOS DIAS POR SEMANA,TODOS O CASI TODOS LOS DAS,TODOS O CASI TODOS LOS DAS,NUNCA,NUNCA,NUNCA,NUNCA,NUNCA,NUNCA,TODOS O CASI TODOS LOS DAS,SI,SI,NO,NO,NO,ALGUNOS DIAS POR SEMANA,ALGUNOS DIAS POR SEMANA,NA,NA,NA,NO,NA, ,NUNCA,NUNCA,ALGUNOS DIAS POR SEMANA,NUNCA,NUNCA,TODOS O CASI TODOS LOS DAS,NUNCA,2,0,2,0,"OBSERVA LOS CONTENIDOS, SIN HACER COMENTARIOS",NA,"","","","","","","","","","","",1,NINGUNA,SI,2,SI,SI,300,300,0,NO,NA,,,0,0,NA,NA,NA,NA,"",0,NO,SI,NO,NO,NO,NO,NO,NO,NO,NO,NO,NO,NO,NO,NO,NO,NO,NO,NO,NO,NO,NO,NO,NO,NO,"",0,NO,"",0,NA,NA,NA,NA,NA,NA,"","",0,NO FUE NUNCA,"",NO FUE NUNCA,"",NO FUE NUNCA,"",NO FUE NUNCA,"",NO FUE NUNCA,"",NO FUE NUNCA,"",NO FUE NUNCA,"",NO FUE NUNCA,"",NO FUE NUNCA,"",NO FUE NUNCA,"",NO FUE NUNCA,"",NO FUE NUNCA,"",NO FUE NUNCA,"",NO FUE NUNCA,"",NO FUE NUNCA,"",NO FUE NUNCA,"",NO FUE NUNCA,"",NO FUE NUNCA,"",NO FUE NUNCA,"",NO FUE NUNCA,"",5,3,0,3,TERCIARIO INCOMPLETO,LA PERSONA QUE FUE ENTREVISTADA,"",TRABAJA,COMERCIO VENTA DE INDUMENTARIA,TECNICO ESPECIALIZADO. COMERCIANTE. SUPERVISOR / JEFE / CAP, ,"",NO,SI,NO,NO,SI,SI,PROPIA,SI,NO,NO,NO,NO,BARRIO CON VIVIENDAS DISTINTAS,BARRIO CON VIVIENDAS DISTINTAS,CASA,70,C2,240,270,4.5,120,120,2,60,60,1,180,180,3,120,120,2,120,120,2,0,0,0
58,58,3489,2017-05-15T00:00:00,NEA,Mujer,40,"INFORMACION, ESTUDIAR, CONOCER", ,SI,"", ,NA,NO,ALGUNOS DIAS POR SEMANA,FM,0,20,0,20,NUNCA,ALGUNOS DIAS POR SEMANA,NUNCA,NUNCA,NUNCA,INFORMATIVOS / NOTICIEROS,NA,NA,NA,NA,NA,NA, ,0,SI,"", ,NA,ALGUNOS DIAS POR SEMANA,0,30,0,30,NUNCA,ALGUNOS DIAS POR SEMANA,NUNCA,ALGUNOS DIAS POR SEMANA,NUNCA,NUNCA,NUNCA,NUNCA,NUNCA,NUNCA,NUNCA,HABITUALMENTE,NUNCA,NUNCA,NUNCA,NUNCA,NUNCA,HABITUALMENTE,NUNCA,NUNCA,NUNCA,NUNCA,NUNCA,10 canciones,NO,NA,NA,NA,NA,NA,NA,NA,NA,NA, ,"",0,0,0,NO,POR FALTA DE DINERO, ,NO,NA,"",0,"",0,"",0,SI,3,NO,SI,"", ,NA,1,1,2,0,2,0,ALGUNAS VECES AL MES,1,1,25,25,ALGUNAS VECES AL MES,COMPUTADORA,ALGUNOS DIAS POR SEMANA,NUNCA,ALGUNOS DIAS POR SEMANA,PRINCIPALMENTE LEE EN PAPEL O POR INTERNET SU DIARIO O DIARIOS PREFERIDOS,NO,NO,NA,"",0,"",0,"",0,NA,SI,"", ,NA,2,2,0,0,"SE LO HABIA RECOMENDADO UN AMIGO, FAMILIAR O CONOCIDO", ,2,2,700,700,ALGUNOS DIAS POR SEMANA,"NO LEYO LIBROS EN PANTALLA, SOLO EN PAPEL","","","","","",NUNCA,HABITUALMENTE,NUNCA,NUNCA,NUNCA,NUNCA,NUNCA,NUNCA,NUNCA,NUNCA,NUNCA,NUNCA,NUNCA,NUNCA,NUNCA,NUNCA,SI,"",NA,1,0,1,0,TELEVISION POR CABLE,NA,UNA HORA O MENOS AL DIA,ALGUNAS VECES POR SEMANA,NUNCA,NUNCA,NUNCA,TODOS O CASI TODOS LOS DIAS,NUNCA,HABITUALMENTE,NUNCA,2,NINGUNO,NINGUNO,SI,"", ,NA,NUNCA,NUNCA,NUNCA,NUNCA,NUNCA,ALGUNOS DIAS POR SEMANA,NUNCA,ALGUNOS DIAS POR SEMANA,NUNCA,NUNCA,NUNCA,NUNCA,NUNCA,0,0,0,SI,"", ,NA,ALGUNA VEZ CADA 3 MESES,6,6,0,0,VIO O ESCUCHO EN UNA PUBLICIDAD, ,HABITUALMENTE,NUNCA,NUNCA,NUNCA,NUNCA,NUNCA,NUNCA,NUNCA,NUNCA,HABITUALMENTE,NUNCA,NO,NA,"",0,"",0,"",0,SI,"", ,NA,NA,SI,NA,"",INCLUYE TELFONO,650,650,TODOS O CASI TODOS LOS DAS,TODOS O CASI TODOS LOS DAS,NUNCA,NUNCA,2,30,2,30,TODOS O CASI TODOS LOS DAS,ALGUNOS DIAS POR SEMANA,TODOS O CASI TODOS LOS DAS,NUNCA,NUNCA,NUNCA,NUNCA,NUNCA,NUNCA,NUNCA,SI,NO,NO,NO,NO,TODOS O CASI TODOS LOS DAS,NA,NA,NA,NA,NO,NA, ,NUNCA,NUNCA,NUNCA,NUNCA,NUNCA,NUNCA,NUNCA,1,0,1,0,"OBSERVA LOS CONTENIDOS, SIN HACER COMENTARIOS",NA,"","","","","","","","","","","",2,2,SI,4,SI,SI,500,500,0,NO,NA,,,0,0,NA,NA,NA,NA,"",0,SI,NO,NO,SI,NO,NO,NO,NO,NO,NO,NO,NO,SI,NO,NO,NO,NO,NO,NO,NO,NO,NO,NO,NO,NO,"",0,SI,3,3,NUNCA,NUNCA,NUNCA,NUNCA,UNA VEZ AL AO,NUNCA,TUVO QUE PAGAR ENTRADA,450,450,NO FUE NUNCA,"",NO FUE NUNCA,"",1 VEZ EN EL ULTIMO AO,NS/NC,NO FUE NUNCA,"",NO FUE NUNCA,"",NO FUE NUNCA,"",NO FUE NUNCA,"",NO FUE NUNCA,"",NO FUE NUNCA,"",NO FUE NUNCA,"",NO FUE NUNCA,"",NO FUE NUNCA,"",NO FUE NUNCA,"",NO FUE NUNCA,"",NO FUE NUNCA,"",NO FUE NUNCA,"",NO FUE NUNCA,"",NO FUE NUNCA,"",NO FUE NUNCA,"",NO FUE NUNCA,"",4,2,0,3,UNIVERSITARIO COMPLETO,OTRO MIEMBRO DEL HOGAR,TERCIARIO COMPLETO,TRABAJA,SUPERVISOR DE UNA EMPRESA,TECNICO ESPECIALIZADO. COMERCIANTE. SUPERVISOR / JEFE / CAP, ,"",SI,SI,NO,SI,SI,SI,PROPIA,NO,NO,NO,NO,NO,BARRIO DE VIVIENDA SOCIAL,BARRIO DE VIVIENDA SOCIAL,CASA,86,C1,0,20,0.333333333,0,30,0.5,120,120,2,60,60,1,120,150,2.5,60,60,1,0,0,0
59,59,4561,2017-05-15T00:00:00,NEA,Mujer,59,"EL ARTE, LO CULTO", ,SI,"", ,NA,NO,TODOS O CASI TODOS LOS DIAS,FM,1,30,1,30,TODOS O CASI TODOS LOS DIAS,ALGUNOS DIAS POR SEMANA,NUNCA,NUNCA,NUNCA,ACTUALIDAD / MAGAZINE,PROGRAMAS RELIGIOSOS,NA,NA,NA,NA,NA, ,2,SI,"", ,NA,TODOS O CASI TODOS LOS DIAS,1,0,1,0,NUNCA,ALGUNOS DIAS POR SEMANA,NUNCA,NUNCA,NUNCA,NUNCA,NUNCA,NUNCA,ALGUNOS DIAS POR SEMANA,HABITUALMENTE,NUNCA,NUNCA,NUNCA,NUNCA,NUNCA,NUNCA,NUNCA,HABITUALMENTE,NUNCA,NUNCA,NUNCA,NUNCA,NUNCA,10 canciones,NO,NA,NA,NA,NA,NA,NA,NA,NA,NA, ,"",0,0,0,NO,PORQUE NO SE ENTERA, ,SI,NA,"",0,"",0,"",0,SI,1,NO,SI,"", ,NA,1,1,1,20,1,20,ALGUNOS DIAS POR SEMANA,1,1,25,25,"NO LEYO DIARIOS EN PANTALLA, SOLO EN PAPEL",NA,ALGUNOS DIAS POR SEMANA,NUNCA,NUNCA,PRINCIPALMENTE LEE EN PAPEL O POR INTERNET SU DIARIO O DIARIOS PREFERIDOS,SI,NA,ALGUNA VEZ AL AO,0,0,0,0,0,0,"NO LEYO REVISTAS EN PANTALLA, SOLO EN PAPEL",NO,PORQUE NO LE INTERESA, ,NO,"",0,"",0,"", ,"",0,"",0,NA,NA,"","","","","",NA,NA,NA,NA,NA,NA,NA,NA,NA,NA,NA,NA,NA,NA,NA,NA,SI,"",NA,1,30,1,30,TELEVISION POR CABLE,NA,VARIAS HORAS AL DIA,NO MIRA,NUNCA,NUNCA,NUNCA,TODOS O CASI TODOS LOS DIAS,NUNCA,HABITUALMENTE,NUNCA,3,NINGUNO,NINGUNO,SI,"", ,NA,ALGUNOS DIAS POR SEMANA,ALGUNOS DIAS POR SEMANA,ALGUNOS DIAS POR SEMANA,ALGUNOS DIAS POR SEMANA,ALGUNOS DIAS POR SEMANA,NUNCA,NUNCA,TODOS O CASI TODOS LOS DIAS,ALGUNOS DIAS POR SEMANA,NUNCA,NUNCA,NUNCA,NUNCA,0,0,0,SI,"", ,NA,ALGUNA VEZ AL AO O MENOS,1,1,0,0,"SE LA RECOMENDO UN AMIGO, FAMILIAR O CONOCIDO", ,NUNCA,CASI NUNCA,NUNCA,CASI NUNCA,NUNCA,CASI NUNCA,CASI NUNCA,CASI NUNCA,CASI NUNCA,NUNCA,NUNCA,NO,NA,"",0,"",0,"",0,SI,"", ,NA,NA,SI,NA,"",INCLUYE TELFONO,700,700,ALGUNA VEZ AL AO O MENOS,TODOS O CASI TODOS LOS DAS,NUNCA,NUNCA,1,NO USA,1,NO USA,ALGUNA VEZ AL AO O MENOS,NUNCA,NUNCA,NUNCA,NUNCA,NUNCA,NUNCA,NUNCA,NUNCA,NUNCA,SI,SI,NO,NO,NO,ALGUNA VEZ AL AO O MENOS,ALGUNA VEZ AL AO O MENOS,NA,NA,NA,NO,NA, ,NUNCA,NUNCA,NUNCA,NUNCA,NUNCA,NUNCA,NUNCA,0,30,0,30,"OBSERVA LOS CONTENIDOS, SIN HACER COMENTARIOS",NA,"","","","","","","","","","","",1,NINGUNA,SI,3,SI,SI,1200,1200,0,NO,NA,,,0,0,NA,NA,NA,NA,"",0,NO,NO,SI,NO,NO,NO,NO,NO,NO,NO,NO,NO,SI,NO,NO,NO,NO,NO,NO,NO,NO,NO,NO,NO,NO,"",0,NO,"",0,NA,NA,NA,NA,NA,NA,"","",0,NO FUE NUNCA,"",NO FUE NUNCA,"",NO FUE NUNCA,"",NO FUE NUNCA,"",NO FUE NUNCA,"",NO FUE NUNCA,"",NO FUE NUNCA,"",NO FUE NUNCA,"",NO FUE NUNCA,"",NO FUE NUNCA,"",NO FUE NUNCA,"",NO FUE NUNCA,"",NO FUE NUNCA,"",NO FUE NUNCA,"",NO FUE NUNCA,"",NO FUE NUNCA,"",NO FUE NUNCA,"",NO FUE NUNCA,"",NO FUE NUNCA,"",NO FUE NUNCA,"",3,0,0,3,TERCIARIO INCOMPLETO,OTRO MIEMBRO DEL HOGAR,UNIVERSITARIO INCOMPLETO,TRABAJA,AUXILIAR DOCENTE,TRABAJADOR/OBRERO CALIFICADO. EMPLEADO ADMINISTRATIVO MEDIO, ,"",SI,SI,SI,NO,SI,SI,PROPIA,SI,SI,NO,NO,NO,BARRIO CON VIVIENDAS DISTINTAS,BARRIO CON VIVIENDAS DISTINTAS,CASA,72,C2,60,90,1.5,60,60,1,60,80,1.333333333,60,90,1.5,60,60,1,0,30,0.5,0,0,0
60,60,4561,2017-05-15T00:00:00,NEA,Mujer,63,"LA TRADICION, LA HISTORIA", ,SI,"", ,NA,SI,ALGUNOS DIAS POR SEMANA,FM,1,0,1,0,NUNCA,ALGUNOS DIAS POR SEMANA,ALGUNOS DIAS POR SEMANA,ALGUNOS DIAS POR SEMANA,NUNCA,INFORMATIVOS / NOTICIEROS,NA,NA,NA,NA,NA,NA, ,2,SI,"", ,NA,TODOS O CASI TODOS LOS DIAS,3,0,3,0,NUNCA,NUNCA,TODOS O CASI TODOS LOS DIAS,NUNCA,NUNCA,NUNCA,NUNCA,NUNCA,TODOS O CASI TODOS LOS DIAS,HABITUALMENTE,NUNCA,NUNCA,NUNCA,NUNCA,NUNCA,NUNCA,NUNCA,NUNCA,HABITUALMENTE,NUNCA,NUNCA,NUNCA,NUNCA,10 canciones,SI,TODOS O CASI TODOS LOS DIAS,NUNCA,YOUTUBE,NA,NA,NA,NA,NA,NA, ,0,0,0,0,NO,PORQUE NO LE GUSTA IR A RECITALES, ,NO,NA,"",0,"",0,"",0,NO,0,NO,SI,"", ,NA,1,1,1,0,1,0,TODOS O CASI TODOS LOS DIAS,7,7,130,130,"NO LEYO DIARIOS EN PANTALLA, SOLO EN PAPEL",NA,TODOS O CASI TODOS LOS DIAS,NUNCA,NUNCA,PRINCIPALMENTE LEE EN PAPEL O POR INTERNET SU DIARIO O DIARIOS PREFERIDOS,NO,SI,NA,"",0,"",0,"",0,NA,NO,PORQUE NO LE INTERESA, ,SI,"",0,"",0,"", ,"",0,"",0,NA,NA,"","","","","",NA,NA,NA,NA,NA,NA,NA,NA,NA,NA,NA,NA,NA,NA,NA,NA,SI,"",NA,3,0,3,0,TELEVISION POR CABLE,NA,VARIAS HORAS AL DIA,NO MIRA,NUNCA,NUNCA,NUNCA,TODOS O CASI TODOS LOS DIAS,NUNCA,HABITUALMENTE,NUNCA,3,1,1,NO,PORQUE NO LE INTERESA, ,NO,NA,NA,NA,NA,NA,NA,NA,NA,NA,NA,NA,NA,NA,0,0,0,NO,PORQUE NO LE INTERESA, ,NO,NA,"",0,"",0,NA, ,NA,NA,NA,NA,NA,NA,NA,NA,NA,NA,NA,NO,NA,"",0,"",0,"",0,SI,"", ,NA,NA,SI,NA,"",INCLUYE TELFONO,900,900,TODOS O CASI TODOS LOS DAS,TODOS O CASI TODOS LOS DAS,NUNCA,NUNCA,6,NO USA,6,NO USA,TODOS O CASI TODOS LOS DAS,TODOS O CASI TODOS LOS DAS,NUNCA,NUNCA,TODOS O CASI TODOS LOS DAS,NUNCA,NUNCA,NUNCA,NUNCA,TODOS O CASI TODOS LOS DAS,SI,NO,NO,NO,NO,TODOS O CASI TODOS LOS DAS,NA,NA,NA,NA,NO,NA, ,NUNCA,NUNCA,NUNCA,NUNCA,NUNCA,NUNCA,NUNCA,1,0,1,0,"COMENTA, COMPARTE, PARTICIPA Y/U OPINA FRENTE A CONTENIDOS",NA,"","","","","","","","","","","",3,NINGUNA,SI,3,SI,SI,1000,1000,0,NO,NA,,,0,0,NA,NA,NA,NA,"",0,NO,SI,NO,NO,NO,NO,NO,NO,NO,NO,NO,NO,SI,NO,NO,NO,NO,NO,NO,NO,NO,NO,NO,NO,NO,"",0,NO,"",0,NA,NA,NA,NA,NA,NA,"","",0,NO FUE NUNCA,"",NO FUE NUNCA,"",NO FUE NUNCA,"",NO FUE NUNCA,"",NO FUE NUNCA,"",NO FUE NUNCA,"",NO FUE NUNCA,"",NO FUE NUNCA,"",NO FUE NUNCA,"",NO FUE NUNCA,"",NO FUE NUNCA,"",NO FUE NUNCA,"",NO FUE NUNCA,"",NO FUE NUNCA,"",NO FUE NUNCA,"",NO FUE NUNCA,"",NO FUE NUNCA,"",NO FUE NUNCA,"",NO FUE NUNCA,"",NO FUE NUNCA,"",3,0,0,3,TERCIARIO COMPLETO,LA PERSONA QUE FUE ENTREVISTADA,"",ES JUBILADO/PENSIONADO, ,"",DOCENTE,TRABAJADOR/OBRERO CALIFICADO. EMPLEADO ADMINISTRATIVO MEDIO,SI,SI,SI,NO,SI,SI,PROPIA,SI,NO,NO,NO,NO,BARRIO DE VIVIENDA SOCIAL,BARRIO DE VIVIENDA SOCIAL,CASA,74,C2,60,60,1,180,180,3,60,60,1,180,180,3,360,360,6,60,60,1,0,0,0
61,61,10915,2017-05-16T00:00:00,NEA,Varn,17,"EL ARTE, LO CULTO", ,NO,PORQUE NO LE GUSTA LA RADIO, ,NO,NA,NA,NA,,,0,0,NA,NA,NA,NA,NA,NA,NA,NA,NA,NA,NA,NA, ,1,SI,"", ,NA,ALGUNOS DIAS POR SEMANA,2,0,2,0,NUNCA,ALGUNOS DIAS POR SEMANA,ALGUNOS DIAS POR SEMANA,ALGUNOS DIAS POR SEMANA,NUNCA,ALGUNOS DIAS POR SEMANA,NUNCA,NUNCA,NUNCA,NUNCA,HABITUALMENTE,HABITUALMENTE,NUNCA,NUNCA,CASI NUNCA,HABITUALMENTE,NUNCA,NUNCA,NUNCA,NUNCA,HABITUALMENTE,NUNCA,HABITUALMENTE,2 canciones,NO,NA,NA,NA,NA,NA,NA,NA,NA,NA, ,"",0,0,1,SI,"", ,NA,ALGUNA VEZ AL AO O MENOS,1,1,0,0,0,0,NO,0,NO,NO,PORQUE NO LE GUSTA LEER DIARIOS, ,NO,"",0,,,0,0,NA,"",0,"",0,NA,NA,NA,NA,NA,NA,NO,NO,NA,"",0,"",0,"",0,NA,SI,"", ,NA,2,2,0,0,SE LO REGALARON, ,1,1,250,250,ALGUNAS VECES AL MES,"NO LEYO LIBROS EN PANTALLA, SOLO EN PAPEL","","","","","",CASI NUNCA,DE VEZ EN CUANDO,CASI NUNCA,CASI NUNCA,CASI NUNCA,CASI NUNCA,CASI NUNCA,CASI NUNCA,DE VEZ EN CUANDO,DE VEZ EN CUANDO,CASI NUNCA,CASI NUNCA,CASI NUNCA,CASI NUNCA,CASI NUNCA,CASI NUNCA,SI,"",NA,3,0,3,0,TELEVISION SATELITAL,NA,UNA HORA O MENOS AL DIA,UNA HORA O MENOS AL DIA,NUNCA,NUNCA,NUNCA,ALGUNOS DIAS POR SEMANA,NUNCA,DE VEZ EN CUANDO,NUNCA,2,1,1,SI,"", ,NA,ALGUNA VEZ AL AO,ALGUNOS DIAS POR SEMANA,ALGUNOS DIAS POR SEMANA,ALGUNOS DIAS POR SEMANA,ALGUNOS DIAS POR SEMANA,ALGUNOS DIAS POR SEMANA,TODOS O CASI TODOS LOS DIAS,ALGUNOS DIAS POR SEMANA,ALGUNOS DIAS POR SEMANA,ALGUNAS VECES AL MES,ALGUNAS VECES AL MES,ALGUNOS DIAS POR SEMANA,ALGUNAS VECES AL MES,NS/NC,3,150,NO,PORQUE IR AL CINE ES MUY CARO, ,NO,NA,"",0,"",0,NA, ,NA,NA,NA,NA,NA,NA,NA,NA,NA,NA,NA,NO,NA,"",0,"",0,"",0,SI,"", ,NA,NA,SI,NA,"",NS/NC,NS/NC,NS/NC,ALGUNOS DIAS POR SEMANA,TODOS O CASI TODOS LOS DAS,ALGUNOS DIAS POR SEMANA,ALGUNOS DIAS POR SEMANA,4,NO USA,4,NO USA,ALGUNOS DIAS POR SEMANA,ALGUNAS VECES AL MES,ALGUNOS DIAS POR SEMANA,NUNCA,ALGUNOS DIAS POR SEMANA,ALGUNA VEZ CADA 3 MESES,ALGUNA VEZ CADA 3 MESES,ALGUNAS VECES AL MES,ALGUNA VEZ CADA 3 MESES,NUNCA,SI,NO,SI,NO,NO,TODOS O CASI TODOS LOS DAS,NA,TODOS O CASI TODOS LOS DAS,NA,NA,NO,NA, ,ALGUNAS VECES AL MES,TODOS O CASI TODOS LOS DAS,ALGUNOS DIAS POR SEMANA,NUNCA,NUNCA,TODOS O CASI TODOS LOS DAS,ALGUNOS DIAS POR SEMANA,3,0,3,0,"COMENTA, COMPARTE, PARTICIPA Y/U OPINA FRENTE A CONTENIDOS",NA,"","","","","","","","","","","",2,1,SI,1,SI,SI,NS/NC,NS/NC,0,SI,ALGUNAS VECES AL MES,3,0,3,0,ALGUNOS DIAS POR SEMANA,ALGUNAS VECES AL MES,NUNCA,ALGUNAS VECES AL MES,NS/NC,NS/NC,NO,NO,NO,NO,NO,NO,NO,NO,NO,NA,NA,NA,NA,NA,NA,NA,NA,NA,NA,SI,NO,NO,NO,NO,NO,"",0,NO,"",0,NA,NA,NA,NA,NA,NA,"","",0,HACE MAS DE 5 AOS,"",NO FUE NUNCA,"",NO FUE NUNCA,"",NO FUE NUNCA,"",NO FUE NUNCA,"",NO FUE NUNCA,"",NO FUE NUNCA,"",ENTRE 1 Y 5 AOS,"",ENTRE 1 Y 5 AOS,"",HACE MAS DE 5 AOS,"",NO FUE NUNCA,"",NO FUE NUNCA,"",NO FUE NUNCA,"",NO FUE NUNCA,"",NO FUE NUNCA,"",NO FUE NUNCA,"",NO FUE NUNCA,"",NO FUE NUNCA,"",NO FUE NUNCA,"",NO FUE NUNCA,"",5,0,0,3,SECUNDARIA INCOMPLETA,OTRO MIEMBRO DEL HOGAR,UNIVERSITARIO COMPLETO,TRABAJA,INGENIERO,EJECUTIVO MEDIO DE EMPRESA/ PROFESIONAL INDEPENDIENTE/ FUNCI, ,"",SI,SI,SI,NO,SI,SI,PROPIA,NO,NO,NO,NO,NO,BARRIO CON VIVIENDAS DISTINTAS,BARRIO CON VIVIENDAS DISTINTAS,CASA,89,C1,0,0,0,120,120,2,0,0,0,180,180,3,240,240,4,180,180,3,180,180,3
62,62,4393,2017-05-13T00:00:00,NEA,Varn,26,"EL ARTE, LO CULTO", ,SI,"", ,NA,SI,TODOS O CASI TODOS LOS DIAS,FM,12,0,12,0,TODOS O CASI TODOS LOS DIAS,NUNCA,NUNCA,TODOS O CASI TODOS LOS DIAS,NUNCA,INFORMATIVOS / NOTICIEROS,MUSICALES,NA,NA,NA,NA,NA, ,1,SI,"", ,NA,TODOS O CASI TODOS LOS DIAS,3,0,3,0,NUNCA,NUNCA,TODOS O CASI TODOS LOS DIAS,TODOS O CASI TODOS LOS DIAS,NS/NC,NUNCA,NUNCA,NUNCA,ALGUNOS DIAS POR SEMANA,DE VEZ EN CUANDO,NUNCA,HABITUALMENTE,HABITUALMENTE,NUNCA,HABITUALMENTE,HABITUALMENTE,NUNCA,NUNCA,NUNCA,DE VEZ EN CUANDO,NUNCA,NUNCA,NUNCA,8 canciones,SI,ALGUNAS VECES AL MES,ALGUNAS VECES AL MES,I-TUNES,NA,NA,NA,NA,NA,NA, ,200,0,0,0,SI,"", ,NA,TODOS O CASI TODOS LOS MESES,10,10,2,2,2000,2000,SI,1,SI,SI,"", ,NA,2,2,2,0,2,0,TODOS O CASI TODOS LOS DIAS,0,0,0,0,TODOS O CASI TODOS LOS DIAS,COMPUTADORA,NUNCA,NUNCA,MENOS DE UNA VEZ POR MES,AMBAS POR IGUAL,SI,NA,ALGUNAS VECES AL MES,3,3,0,0,150,150,ALGUNOS DIAS POR SEMANA,SI,"", ,NA,2,2,0,0,SE HABIA ENTERADO NAVEGANDO EN INTERNET, ,5,5,2000,2000,ALGUNAS VECES AL MES,ALGUNAS VECES AL MES,TABLET,CELULAR,"","",NO,NUNCA,NUNCA,NUNCA,NUNCA,NUNCA,NUNCA,NUNCA,HABITUALMENTE,NUNCA,NUNCA,NUNCA,HABITUALMENTE,HABITUALMENTE,NUNCA,DE VEZ EN CUANDO,NUNCA,SI,"",NA,4,0,4,0,TELEVISION SATELITAL,NA,VARIAS HORAS AL DIA,VARIAS HORAS AL DIA,NUNCA,NUNCA,NUNCA,TODOS O CASI TODOS LOS DIAS,DE VEZ EN CUANDO,HABITUALMENTE,HABITUALMENTE,1,NINGUNO,NINGUNO,SI,"", ,NA,ALGUNOS DIAS POR SEMANA,ALGUNOS DIAS POR SEMANA,ALGUNOS DIAS POR SEMANA,NUNCA,ALGUNOS DIAS POR SEMANA,ALGUNOS DIAS POR SEMANA,ALGUNOS DIAS POR SEMANA,NUNCA,ALGUNOS DIAS POR SEMANA,NUNCA,NUNCA,ALGUNOS DIAS POR SEMANA,NUNCA,200,0,0,SI,"", ,NA,ALGUNA VEZ AL AO O MENOS,2,2,2,2,VIO LOS AVANCES EN EL CINE, ,NUNCA,NUNCA,NUNCA,NUNCA,NUNCA,DE VEZ EN CUANDO,NUNCA,DE VEZ EN CUANDO,HABITUALMENTE,NUNCA,NUNCA,SI,ALGUNA VEZ AL AO O MENOS,1,1,1,1,200,200,SI,"", ,NA,NA,NO,SI,300,NA,"",0,NUNCA,TODOS O CASI TODOS LOS DAS,NUNCA,NUNCA,8,NO USA,8,NO USA,NUNCA,TODOS O CASI TODOS LOS DAS,NUNCA,TODOS O CASI TODOS LOS DAS,NUNCA,NUNCA,NUNCA,NUNCA,NUNCA,TODOS O CASI TODOS LOS DAS,SI,NO,SI,NO,NO,TODOS O CASI TODOS LOS DAS,NA,TODOS O CASI TODOS LOS DAS,NA,NA,NO,NA, ,NUNCA,TODOS O CASI TODOS LOS DAS,NUNCA,NUNCA,NUNCA,NUNCA,NUNCA,8,0,8,0,"COMENTA, COMPARTE, PARTICIPA Y/U OPINA FRENTE A CONTENIDOS",NA,"","","","","","","","","","","",1,NINGUNA,NO,1,SI,SI,390,390,1200,NO,NA,,,0,0,NA,NA,NA,NA,"",0,SI,NO,NO,SI,NO,NO,NO,NO,SI,SI,NA,SI,NO,NO,NO,NO,NO,NO,NO,SI,NO,NO,NO,NO,NO,"",0,SI,6,6,VARIAS VECES AL AO,VARIAS VECES AL AO,VARIAS VECES AL AO,VARIAS VECES AL AO,VARIAS VECES AL AO,NUNCA,FUE GRATUITO,0,0,1 VEZ EN EL ULTIMO AO,100,1 VEZ EN EL ULTIMO AO,200,NO FUE NUNCA,"",1 VEZ EN EL ULTIMO AO,0,NO FUE NUNCA,"",1 VEZ EN EL ULTIMO AO,0,1 VEZ EN EL ULTIMO AO,0,NO FUE NUNCA,"",VARIAS VECES EN EL ULTIMO AO,200,1 VEZ EN EL ULTIMO AO,200,1 VEZ EN EL ULTIMO AO,0,VARIAS VECES EN EL ULTIMO AO,0,VARIAS VECES EN EL ULTIMO AO,0,VARIAS VECES EN EL ULTIMO AO,0,NO FUE NUNCA,"",NO FUE NUNCA,"",1 VEZ EN EL ULTIMO AO,200,1 VEZ EN EL ULTIMO AO,200,NO FUE NUNCA,"",1 VEZ EN EL ULTIMO AO,300,2,0,0,2,UNIVERSITARIO INCOMPLETO,LA PERSONA QUE FUE ENTREVISTADA,"",TRABAJA,PORTERO,"OFICIO MENOR, OBRERO NO CALIFICADO/ SERVICIO DOMESTICO", ,"",SI,NO,NO,NO,NO,SI,PROPIA,NO,NO,NO,NO,NO,BARRIO CON VIVIENDAS DISTINTAS,BARRIO CON VIVIENDAS DISTINTAS,CASA,54,C3,720,720,12,180,180,3,120,120,2,240,240,4,480,480,8,480,480,8,0,0,0
63,63,5295,2017-12-05T00:00:00,NEA,Varn,32,"EL ARTE, LO CULTO", ,NO,NO LE GUSTA LA PUBLICIDAD, ,NO,NA,NA,NA,,,0,0,NA,NA,NA,NA,NA,NA,NA,NA,NA,NA,NA,NA, ,1,SI,"", ,NA,TODOS O CASI TODOS LOS DIAS,2,0,2,0,NUNCA,NUNCA,TODOS O CASI TODOS LOS DIAS,NUNCA,NUNCA,NUNCA,NUNCA,NUNCA,NUNCA,NS/NC,HABITUALMENTE,HABITUALMENTE,NUNCA,HABITUALMENTE,NUNCA,NUNCA,NUNCA,NUNCA,NS/NC,HABITUALMENTE,HABITUALMENTE,HABITUALMENTE,NUNCA,1 cancin,SI,TODOS O CASI TODOS LOS DIAS,ALGUNOS DIAS POR SEMANA,E-MULE,ARES,NA,NA,NA,NA,NA, ,0,0,0,0,SI,"", ,NA,ALGUNA VEZ AL AO O MENOS,1,1,0,0,0,0,SI,1,SI,SI,"", ,NA,8,8,2,0,2,0,"NO LEYO DIARIOS EN PAPEL, SOLO EN PANTALLA","",0,"",0,TODOS O CASI TODOS LOS DIAS,CELULAR,NUNCA,NUNCA,ALGUNOS DIAS POR SEMANA,AMBAS POR IGUAL,SI,NA,ALGUNAS VECES AL MES,8,8,8,8,100,100,"NO LEYO REVISTAS EN PANTALLA, SOLO EN PAPEL",SI,"", ,NA,27,27,7,7,POR ESTUDIO, ,20,20,2000,2000,TODOS O CASI TODOS LOS DIAS,"NO LEYO LIBROS EN PANTALLA, SOLO EN PAPEL","","","","","",DE VEZ EN CUANDO,DE VEZ EN CUANDO,CASI NUNCA,DE VEZ EN CUANDO,NUNCA,HABITUALMENTE,CASI NUNCA,CASI NUNCA,NUNCA,CASI NUNCA,NUNCA,DE VEZ EN CUANDO,DE VEZ EN CUANDO,NUNCA,NUNCA,DE VEZ EN CUANDO,SI,"",NA,6,0,6,0,TELEVISION POR CABLE,NA,UNA HORA O MENOS AL DIA,UNA HORA O MENOS AL DIA,NUNCA,NUNCA,NUNCA,TODOS O CASI TODOS LOS DIAS,DE VEZ EN CUANDO,DE VEZ EN CUANDO,CASI NUNCA,2,NINGUNO,NINGUNO,SI,"", ,NA,ALGUNAS VECES AL MES,ALGUNA VEZ CADA 3 MESES,ALGUNAS VECES AL MES,NUNCA,NUNCA,ALGUNA VEZ CADA 3 MESES,ALGUNA VEZ CADA 3 MESES,ALGUNOS DIAS POR SEMANA,ALGUNOS DIAS POR SEMANA,NUNCA,ALGUNOS DIAS POR SEMANA,ALGUNOS DIAS POR SEMANA,ALGUNOS DIAS POR SEMANA,0,0,0,NO,PORQUE IR AL CINE ES MUY CARO, ,NO,NA,"",0,"",0,NA, ,NA,NA,NA,NA,NA,NA,NA,NA,NA,NA,NA,NO,NA,"",0,"",0,"",0,SI,"", ,NA,NA,SI,NA,"",INCLUYE CABLE,NS/NC,NS/NC,TODOS O CASI TODOS LOS DAS,TODOS O CASI TODOS LOS DAS,NUNCA,NUNCA,2,NO USA,2,NO USA,TODOS O CASI TODOS LOS DAS,TODOS O CASI TODOS LOS DAS,TODOS O CASI TODOS LOS DAS,ALGUNAS VECES AL MES,TODOS O CASI TODOS LOS DAS,TODOS O CASI TODOS LOS DAS,ALGUNOS DIAS POR SEMANA,ALGUNAS VECES AL MES,ALGUNAS VECES AL MES,ALGUNOS DIAS POR SEMANA,SI,NO,NO,NO,NO,TODOS O CASI TODOS LOS DAS,NA,NA,NA,NA,NO,NA, ,NUNCA,NUNCA,NUNCA,NUNCA,NUNCA,NUNCA,ALGUNAS VECES AL MES,2,0,2,0,"OBSERVA LOS CONTENIDOS, SIN HACER COMENTARIOS",NA,"","","","","","","","","","","",4,NINGUNA,SI,2,SI,NO,100,100,0,NO,NA,,,0,0,NA,NA,NA,NA,"",0,SI,NO,NO,NO,NO,NO,NO,NO,NO,SI,NA,SI,NO,NO,NO,NO,NO,NO,NO,SI,NO,NO,NO,NO,NO,"",0,SI,6,6,UNA VEZ AL AO,UNA VEZ AL AO,NUNCA,NUNCA,NUNCA,NUNCA,TUVO QUE PAGAR ENTRADA,250,250,HACE MAS DE 5 AOS,"",NO FUE NUNCA,"",HACE MAS DE 5 AOS,"",HACE MAS DE 5 AOS,"",HACE MAS DE 5 AOS,"",NO FUE NUNCA,"",NO FUE NUNCA,"",NO FUE NUNCA,"",NO FUE NUNCA,"",HACE MAS DE 5 AOS,"",ENTRE 1 Y 5 AOS,"",ENTRE 1 Y 5 AOS,"",ENTRE 1 Y 5 AOS,"",NO FUE NUNCA,"",ENTRE 1 Y 5 AOS,"",NO FUE NUNCA,"",NO FUE NUNCA,"",ENTRE 1 Y 5 AOS,"",VARIAS VECES EN EL ULTIMO AO,NS/NC,1 VEZ EN EL ULTIMO AO,NS/NC,2,0,0,2,UNIVERSITARIO INCOMPLETO,OTRO MIEMBRO DEL HOGAR,UNIVERSITARIO COMPLETO,TRABAJA,FARMACEUTICA,TECNICO ESPECIALIZADO. COMERCIANTE. SUPERVISOR / JEFE / CAP, ,"",SI,SI,SI,NO,SI,SI,PROPIA,NO,NO,NO,NO,NO,BARRIO CON VIVIENDAS DISTINTAS,BARRIO CON VIVIENDAS DISTINTAS,CASA,86,C1,0,0,0,120,120,2,120,120,2,360,360,6,120,120,2,120,120,2,0,0,0
64,64,5295,2017-05-13T00:00:00,NEA,Varn,46,"LOS MODALES, EL BUEN COMPORTAMIENTO", ,NO,POR FALTA DE TIEMPO, ,NO,NA,NA,NA,,,0,0,NA,NA,NA,NA,NA,NA,NA,NA,NA,NA,NA,NA, ,1,SI,"", ,NA,ALGUNOS DIAS POR SEMANA,1,0,1,0,NUNCA,NUNCA,NUNCA,ALGUNOS DIAS POR SEMANA,NUNCA,NUNCA,NUNCA,NUNCA,ALGUNOS DIAS POR SEMANA,CASI NUNCA,HABITUALMENTE,HABITUALMENTE,NUNCA,NUNCA,NUNCA,HABITUALMENTE,NUNCA,NUNCA,DE VEZ EN CUANDO,NUNCA,HABITUALMENTE,NUNCA,HABITUALMENTE,6 canciones,SI,ALGUNOS DIAS POR SEMANA,ALGUNOS DIAS POR SEMANA,NS/NC,NA,NA,NA,NA,NA,NA, ,0,0,0,0,NO,POR FALTA DE TIEMPO, ,SI,NA,"",0,"",0,"",0,NO,0,NO,NO,PORQUE NO LE GUSTA LEER DIARIOS, ,NO,"",0,,,0,0,NA,"",0,"",0,NA,NA,NA,NA,NA,NA,SI,NA,ALGUNOS DIAS POR SEMANA,1,1,0,0,100,100,"NO LEYO REVISTAS EN PANTALLA, SOLO EN PAPEL",SI,"", ,NA,1,1,0,0,"SE LO HABIA RECOMENDADO UN PROFESOR, REFERENTE POLITICO, RELIGIOSO O ESPIRITUAL", ,0,0,0,0,ALGUNOS DIAS POR SEMANA,"NO LEYO LIBROS EN PANTALLA, SOLO EN PAPEL","","","","","",NUNCA,DE VEZ EN CUANDO,NUNCA,NUNCA,NUNCA,NUNCA,NUNCA,NUNCA,NUNCA,NUNCA,NUNCA,NUNCA,NUNCA,DE VEZ EN CUANDO,NUNCA,DE VEZ EN CUANDO,SI,"",NA,4,30,4,30,TELEVISION POR CABLE,NA,VARIAS HORAS AL DIA,UNA HORA O MENOS AL DIA,ALGUNA VEZ AL AO,NUNCA,NUNCA,ALGUNOS DIAS POR SEMANA,NUNCA,DE VEZ EN CUANDO,NUNCA,1,NINGUNO,NINGUNO,SI,"", ,NA,NUNCA,NUNCA,NUNCA,ALGUNAS VECES AL MES,ALGUNAS VECES AL MES,ALGUNAS VECES AL MES,NUNCA,ALGUNOS DIAS POR SEMANA,ALGUNOS DIAS POR SEMANA,NUNCA,NUNCA,ALGUNA VEZ CADA 3 MESES,ALGUNA VEZ CADA 3 MESES,0,0,0,NO,POR FALTA DE TIEMPO, ,NO,NA,"",0,"",0,NA, ,NA,NA,NA,NA,NA,NA,NA,NA,NA,NA,NA,NO,NA,"",0,"",0,"",0,SI,"", ,NA,NA,SI,NA,"",NS/NC,NS/NC,NS/NC,ALGUNOS DIAS POR SEMANA,ALGUNOS DIAS POR SEMANA,NUNCA,NUNCA,2,NO USA,2,NO USA,ALGUNA VEZ CADA 3 MESES,NUNCA,ALGUNOS DIAS POR SEMANA,NUNCA,NUNCA,NUNCA,NUNCA,ALGUNOS DIAS POR SEMANA,NUNCA,ALGUNOS DIAS POR SEMANA,SI,NO,NO,NO,NO,ALGUNOS DIAS POR SEMANA,NA,NA,NA,NA,NO,NA, ,NUNCA,NUNCA,NUNCA,NUNCA,NUNCA,ALGUNOS DIAS POR SEMANA,ALGUNOS DIAS POR SEMANA,2,0,2,0,"OBSERVA LOS CONTENIDOS, SIN HACER COMENTARIOS",NA,"","","","","","","","","","","",1,NINGUNA,SI,1,SI,SI,LO PAGA MI EMPLEADOR,LO PAGA MI EMPLEADOR,0,NO,NA,,,0,0,NA,NA,NA,NA,"",0,NO,NO,SI,NO,NO,NO,NO,NO,NO,NO,NO,NO,SI,NO,NO,NO,NO,NO,NO,NO,NO,NO,NO,NO,NO,"",0,NO,"",0,NA,NA,NA,NA,NA,NA,"","",0,ENTRE 1 Y 5 AOS,"",ENTRE 1 Y 5 AOS,"",ENTRE 1 Y 5 AOS,"",NO FUE NUNCA,"",1 VEZ EN EL ULTIMO AO,0,NO FUE NUNCA,"",NO FUE NUNCA,"",HACE MAS DE 5 AOS,"",HACE MAS DE 5 AOS,"",HACE MAS DE 5 AOS,"",HACE MAS DE 5 AOS,"",NO FUE NUNCA,"",NO FUE NUNCA,"",NO FUE NUNCA,"",NO FUE NUNCA,"",NO FUE NUNCA,"",HACE MAS DE 5 AOS,"",NO FUE NUNCA,"",HACE MAS DE 5 AOS,"",HACE MAS DE 5 AOS,"",3,1,1,2,TERCIARIO COMPLETO,OTRO MIEMBRO DEL HOGAR,SECUNDARIA INCOMPLETA,ES JUBILADO/PENSIONADO, ,"",COMERCIENTE,TECNICO ESPECIALIZADO. COMERCIANTE. SUPERVISOR / JEFE / CAP,SI,SI,NO,NO,SI,SI,PROPIA,SI,NO,SI,NO,NO,BARRIO CON VIVIENDAS DISTINTAS,BARRIO CON VIVIENDAS DISTINTAS,CASA,50,D1,0,0,0,60,60,1,0,0,0,240,270,4.5,120,120,2,120,120,2,0,0,0
65,65,6217,2017-05-13T00:00:00,NEA,Varn,68,"LOS MODALES, EL BUEN COMPORTAMIENTO", ,SI,"", ,NA,NO,ALGUNOS DIAS POR SEMANA,AMBAS POR IGUAL,3,0,3,0,TODOS O CASI TODOS LOS DIAS,NUNCA,NUNCA,NUNCA,NUNCA,MUSICALES,DEPORTIVOS,NA,NA,NA,NA,NA, ,1,SI,"", ,NA,ALGUNOS DIAS POR SEMANA,2,0,2,0,ALGUNOS DIAS POR SEMANA,NUNCA,NUNCA,NUNCA,NUNCA,NUNCA,NUNCA,NUNCA,NUNCA,NUNCA,NUNCA,NUNCA,NUNCA,NS/NC,HABITUALMENTE,NUNCA,NUNCA,NUNCA,NUNCA,NUNCA,NUNCA,NUNCA,NUNCA,10 canciones,NO,NA,NA,NA,NA,NA,NA,NA,NA,NA, ,"",0,0,0,SI,"", ,NA,TODOS O CASI TODOS LOS MESES,3,3,3,3,0,0,NO,0,NO,SI,"", ,NA,1,1,2,0,2,0,ALGUNOS DIAS POR SEMANA,3,3,75,75,"NO LEYO DIARIOS EN PANTALLA, SOLO EN PAPEL",NA,ALGUNOS DIAS POR SEMANA,MENOS DE UNA VEZ POR MES,NUNCA,PRINCIPALMENTE LEE EN PAPEL O POR INTERNET SU DIARIO O DIARIOS PREFERIDOS,NO,NO,NA,"",0,"",0,"",0,NA,NO,PORQUE NO TIENE TIEMPO, ,NO,"",0,"",0,"", ,"",0,"",0,NA,NA,"","","","","",NA,NA,NA,NA,NA,NA,NA,NA,NA,NA,NA,NA,NA,NA,NA,NA,SI,"",NA,2,0,2,0,TELEVISION POR CABLE,NA,UNA HORA O MENOS AL DIA,UNA HORA O MENOS AL DIA,NUNCA,NUNCA,NUNCA,ALGUNOS DIAS POR SEMANA,NUNCA,HABITUALMENTE,NUNCA,2,NINGUNO,NINGUNO,NO,PORQUE NO LE INTERESA, ,NO,NA,NA,NA,NA,NA,NA,NA,NA,NA,NA,NA,NA,NA,0,0,0,NO,POR FALTA DE TIEMPO, ,NO,NA,"",0,"",0,NA, ,NA,NA,NA,NA,NA,NA,NA,NA,NA,NA,NA,NO,NA,"",0,"",0,"",0,NO,PORQUE NO LE INTERESA, ,NO,NO,NA,NA,"",NA,"",0,NA,NA,NA,NA,,"",0,NO USA,NA,NA,NA,NA,NA,NA,NA,NA,NA,NA,NA,NA,NA,NA,NA,NA,NA,NA,NA,NA,NA,NA, ,NA,NA,NA,NA,NA,NA,NA,,,0,0,NA,NA,"","","","","","","","","","","",NINGUNA,NINGUNA,SI,1,SI,NO,NS/NC,NS/NC,0,NO,NA,,,0,0,NA,NA,NA,NA,"",0,SI,SI,SI,NO,SI,SI,NO,NO,NO,SI,NA,SI,NO,NO,NO,NO,NO,NO,SI,NO,NO,NO,NO,NO,NO,"",0,SI,2,2,VARIAS VECES AL AO,NUNCA,NUNCA,NUNCA,NUNCA,NUNCA,FUE GRATUITO,0,0,1 VEZ EN EL ULTIMO AO,200,1 VEZ EN EL ULTIMO AO,300,1 VEZ EN EL ULTIMO AO,0,VARIAS VECES EN EL ULTIMO AO,0,1 VEZ EN EL ULTIMO AO,0,NO FUE NUNCA,"",NO FUE NUNCA,"",NO FUE NUNCA,"",NO FUE NUNCA,"",NO FUE NUNCA,"",NO FUE NUNCA,"",NO FUE NUNCA,"",ENTRE 1 Y 5 AOS,"",NO FUE NUNCA,"",NO FUE NUNCA,"",NO FUE NUNCA,"",NO FUE NUNCA,"",NO FUE NUNCA,"",NO FUE NUNCA,"",1 VEZ EN EL ULTIMO AO,200,2,0,2,2,PRIMARIA COMPLETA,LA PERSONA QUE FUE ENTREVISTADA,"",ES JUBILADO/PENSIONADO, ,"",FOTOGRAFO,TECNICO ESPECIALIZADO. COMERCIANTE. SUPERVISOR / JEFE / CAP,SI,NO,NO,SI,NO,SI,PROPIA,NO,NO,NO,NO,NO,BARRIO CON VIVIENDAS DISTINTAS,BARRIO CON VIVIENDAS DISTINTAS,CASA,40,D1,180,180,3,120,120,2,120,120,2,120,120,2,0,0,0,0,0,0,0,0,0
66,66,4630,2017-05-16T00:00:00,NEA,Mujer,15,"LA FORMA DE PENSAR, IDEOLOGIA, VALORES", ,NO,NS/NC, ,NO,NA,NA,NA,,,0,0,NA,NA,NA,NA,NA,NA,NA,NA,NA,NA,NA,NA, ,1,SI,"", ,NA,ALGUNOS DIAS POR SEMANA,1,0,1,0,NUNCA,NUNCA,ALGUNOS DIAS POR SEMANA,ALGUNOS DIAS POR SEMANA,NUNCA,NUNCA,NUNCA,NUNCA,NUNCA,NUNCA,NUNCA,NUNCA,NUNCA,NUNCA,CASI NUNCA,DE VEZ EN CUANDO,DE VEZ EN CUANDO,DE VEZ EN CUANDO,DE VEZ EN CUANDO,NUNCA,NUNCA,NUNCA,DE VEZ EN CUANDO,5 canciones,SI,ALGUNOS DIAS POR SEMANA,NUNCA,YOUTUBE,NA,NA,NA,NA,NA,NA, ,0,0,0,0,NO,NS/NC, ,NO,NA,"",0,"",0,"",0,NO,0,NO,NO,NS/NC, ,NO,"",0,,,0,0,NA,"",0,"",0,NA,NA,NA,NA,NA,NA,NO,NO,NA,"",0,"",0,"",0,NA,SI,"", ,NA,1,1,0,0,PORQUE ESTABA EN SU CASA, ,0,0,0,0,ALGUNOS DIAS POR SEMANA,"NO LEYO LIBROS EN PANTALLA, SOLO EN PAPEL","","","","","",DE VEZ EN CUANDO,NUNCA,NUNCA,NUNCA,DE VEZ EN CUANDO,NUNCA,NUNCA,NUNCA,NUNCA,NUNCA,NUNCA,NUNCA,NUNCA,NUNCA,NUNCA,NUNCA,SI,"",NA,2,0,2,0,NS/NC,NA,NS/NC,NS/NC,NUNCA,NUNCA,NUNCA,ALGUNOS DIAS POR SEMANA,NUNCA,NS/NC,NUNCA,1,NINGUNO,NINGUNO,NO,PORQUE NO LE INTERESA, ,NO,NA,NA,NA,NA,NA,NA,NA,NA,NA,NA,NA,NA,NA,0,0,0,NO,PORQUE IR AL CINE ES MUY CARO, ,NO,NA,"",0,"",0,NA, ,NA,NA,NA,NA,NA,NA,NA,NA,NA,NA,NA,NO,NA,"",0,"",0,"",0,SI,"", ,NA,NA,SI,NA,"",NS/NC,NS/NC,NS/NC,ALGUNOS DIAS POR SEMANA,ALGUNOS DIAS POR SEMANA,NUNCA,NUNCA,1,NO USA,1,NO USA,NUNCA,NUNCA,NUNCA,NUNCA,ALGUNOS DIAS POR SEMANA,NUNCA,NUNCA,NUNCA,NUNCA,NUNCA,NO,NO,NO,NO,NO,NA,NA,NA,NA,NA,NO,NA, ,NA,NA,NA,NA,NA,NA,NA,,,0,0,"OBSERVA LOS CONTENIDOS, SIN HACER COMENTARIOS",NA,"","","","","","","","","","","",1,NINGUNA,SI,1,NO,NA,NS/NC,NS/NC,0,NO,NA,,,0,0,NA,NA,NA,NA,"",0,NO,NO,NO,NO,NO,NO,NO,NO,NO,NA,NA,NA,NA,NA,NA,NA,NA,NA,NA,NO,SI,NO,NO,NO,NO,NS/NC,NS/NC,NO,"",0,NA,NA,NA,NA,NA,NA,"","",0,ENTRE 1 Y 5 AOS,"",NO FUE NUNCA,"",ENTRE 1 Y 5 AOS,"",NO FUE NUNCA,"",NO FUE NUNCA,"",NO FUE NUNCA,"",NO FUE NUNCA,"",NO FUE NUNCA,"",NO FUE NUNCA,"",NO FUE NUNCA,"",NO FUE NUNCA,"",NO FUE NUNCA,"",NO FUE NUNCA,"",NO FUE NUNCA,"",NO FUE NUNCA,"",NO FUE NUNCA,"",NO FUE NUNCA,"",NO FUE NUNCA,"",NO FUE NUNCA,"",1 VEZ EN EL ULTIMO AO,NS/NC,3,1,0,2,SECUNDARIA INCOMPLETA,OTRO MIEMBRO DEL HOGAR,SECUNDARIA COMPLETA,TRABAJA,EMPLEADO DE COMERCIO,"OFICIO MENOR, OBRERO NO CALIFICADO/ SERVICIO DOMESTICO", ,"",SI,SI,NO,NO,SI,SI,ALQUILADA,NO,NO,NO,NO,NO,BARRIO CON VIVIENDAS DISTINTAS,BARRIO CON VIVIENDAS DISTINTAS,CASA,52,D1,0,0,0,60,60,1,0,0,0,120,120,2,60,60,1,0,0,0,0,0,0
67,67,11570,2017-12-05T00:00:00,NEA,Mujer,23,"EL ARTE, LO CULTO", ,SI,"", ,NA,NO,TODOS O CASI TODOS LOS DIAS,FM,4,0,4,0,TODOS O CASI TODOS LOS DIAS,NUNCA,NUNCA,NUNCA,NUNCA,MUSICALES,NA,NA,NA,NA,NA,NA, ,2,SI,"", ,NA,TODOS O CASI TODOS LOS DIAS,4,0,4,0,NUNCA,NUNCA,NUNCA,TODOS O CASI TODOS LOS DIAS,NUNCA,NUNCA,NUNCA,NUNCA,NUNCA,CASI NUNCA,NUNCA,CASI NUNCA,NUNCA,NUNCA,NUNCA,CASI NUNCA,NUNCA,DE VEZ EN CUANDO,DE VEZ EN CUANDO,NUNCA,NUNCA,DE VEZ EN CUANDO,DE VEZ EN CUANDO,3 canciones,SI,ALGUNA VEZ CADA 3 MESES,NUNCA,SPOTIFY,NA,NA,NA,NA,NA,NA, ,0,0,0,0,NO,POR FALTA DE DINERO, ,SI,NA,"",0,"",0,"",0,NO,0,NO,SI,"", ,NA,1,1,0,30,0,30,ALGUNOS DIAS POR SEMANA,1,1,20,20,TODOS O CASI TODOS LOS DIAS,COMPUTADORA,ALGUNOS DIAS POR SEMANA,NUNCA,NUNCA,PRINCIPALMENTE LEE EN PAPEL O POR INTERNET SU DIARIO O DIARIOS PREFERIDOS,SI,NA,ALGUNOS DIAS POR SEMANA,0,0,0,0,0,0,ALGUNA VEZ AL AO,SI,"", ,NA,3,3,1,1,SE LO REGALARON, ,1,1,150,150,TODOS O CASI TODOS LOS DIAS,ALGUNOS DIAS POR SEMANA,COMPUTADORA,"","","",NO,DE VEZ EN CUANDO,DE VEZ EN CUANDO,CASI NUNCA,NUNCA,NUNCA,NUNCA,NUNCA,CASI NUNCA,NUNCA,CASI NUNCA,NUNCA,NUNCA,NUNCA,CASI NUNCA,CASI NUNCA,NUNCA,SI,"",NA,1,0,1,0,TELEVISION SATELITAL,NA,UNA HORA O MENOS AL DIA,UNA HORA O MENOS AL DIA,NUNCA,NUNCA,NUNCA,TODOS O CASI TODOS LOS DIAS,NUNCA,HABITUALMENTE,NUNCA,3,NINGUNO,NINGUNO,SI,"", ,NA,TODOS O CASI TODOS LOS DIAS,TODOS O CASI TODOS LOS DIAS,TODOS O CASI TODOS LOS DIAS,ALGUNOS DIAS POR SEMANA,ALGUNOS DIAS POR SEMANA,TODOS O CASI TODOS LOS DIAS,TODOS O CASI TODOS LOS DIAS,ALGUNOS DIAS POR SEMANA,ALGUNOS DIAS POR SEMANA,NUNCA,NUNCA,ALGUNA VEZ CADA 3 MESES,NUNCA,0,0,0,SI,"", ,NA,ALGUNA VEZ AL AO O MENOS,2,2,0,0,VIO LOS AVANCES EN EL CINE, ,HABITUALMENTE,HABITUALMENTE,CASI NUNCA,CASI NUNCA,CASI NUNCA,DE VEZ EN CUANDO,NUNCA,CASI NUNCA,DE VEZ EN CUANDO,DE VEZ EN CUANDO,DE VEZ EN CUANDO,NO,NA,"",0,"",0,"",0,SI,"", ,NA,NA,SI,NA,"",INCLUYE TELFONO Y CABLE,700,700,ALGUNAS VECES AL MES,TODOS O CASI TODOS LOS DAS,NUNCA,NUNCA,1,NO USA,1,NO USA,ALGUNAS VECES AL MES,TODOS O CASI TODOS LOS DAS,NUNCA,NUNCA,TODOS O CASI TODOS LOS DAS,NUNCA,NUNCA,ALGUNAS VECES AL MES,NUNCA,ALGUNOS DIAS POR SEMANA,NO,SI,NO,NO,NO,NA,TODOS O CASI TODOS LOS DAS,NA,NA,NA,NO,NA, ,NUNCA,NUNCA,TODOS O CASI TODOS LOS DAS,ALGUNOS DIAS POR SEMANA,NUNCA,ALGUNOS DIAS POR SEMANA,NUNCA,1,0,1,0,"OBSERVA LOS CONTENIDOS, SIN HACER COMENTARIOS",NA,"","","","","","","","","","","",4,NINGUNA,SI,1,SI,SI,NS/NC,NS/NC,5000,NO,NA,,,0,0,NA,NA,NA,NA,"",0,NO,SI,SI,SI,NO,NO,NO,SI,NO,NO,NO,NO,SI,NO,NO,NO,NO,NO,NO,NO,NO,NO,NO,NO,NO,"",0,NO,"",0,NA,NA,NA,NA,NA,NA,"","",0,NO FUE NUNCA,"",NO FUE NUNCA,"",NO FUE NUNCA,"",ENTRE 1 Y 5 AOS,"",1 VEZ EN EL ULTIMO AO,0,NO FUE NUNCA,"",NO FUE NUNCA,"",NO FUE NUNCA,"",NO FUE NUNCA,"",NO FUE NUNCA,"",1 VEZ EN EL ULTIMO AO,0,1 VEZ EN EL ULTIMO AO,0,1 VEZ EN EL ULTIMO AO,0,NO FUE NUNCA,"",1 VEZ EN EL ULTIMO AO,0,NO FUE NUNCA,"",NO FUE NUNCA,"",NO FUE NUNCA,"",NO FUE NUNCA,"",1 VEZ EN EL ULTIMO AO,200,8,3,0,4,SECUNDARIA COMPLETA,LA PERSONA QUE FUE ENTREVISTADA,"",TRABAJA,DOMESTICA,"OFICIO MENOR, OBRERO NO CALIFICADO/ SERVICIO DOMESTICO", ,"",NO,SI,NO,NO,NO,SI,PROPIA,SI,NO,NO,NO,NO,BARRIO CON VIVIENDAS DISTINTAS,BARRIO CON VIVIENDAS DISTINTAS,CASA,48,D1,240,240,4,240,240,4,0,30,0.5,60,60,1,60,60,1,60,60,1,0,0,0
68,68,5560,2017-05-13T00:00:00,NEA,Mujer,31,"HABITOS, COSTUMBRES, COMPORTAMIENTOS", ,SI,"", ,NA,SI,ALGUNAS VECES AL MES,AM,1,0,1,0,ALGUNAS VECES AL MES,NUNCA,NUNCA,NUNCA,NUNCA,INFORMATIVOS / NOTICIEROS,NA,NA,NA,NA,NA,NA, ,1,SI,"", ,NA,TODOS O CASI TODOS LOS DIAS,2,0,2,0,NUNCA,NUNCA,TODOS O CASI TODOS LOS DIAS,ALGUNOS DIAS POR SEMANA,NUNCA,NUNCA,NUNCA,NUNCA,NUNCA,HABITUALMENTE,NUNCA,HABITUALMENTE,NUNCA,NUNCA,NUNCA,NUNCA,NUNCA,NUNCA,HABITUALMENTE,NUNCA,NUNCA,HABITUALMENTE,NUNCA,10 canciones,SI,ALGUNOS DIAS POR SEMANA,NUNCA,NS/NC,NA,NA,NA,NA,NA,NA, ,0,0,0,0,NO,POR FALTA DE TIEMPO, ,NO,NA,"",0,"",0,"",0,SI,1,NO,NO,POR CUESTIONES ECONOMICAS/NO TIENE PLATA, ,SI,"",0,,,0,0,NA,"",0,"",0,NA,NA,NA,NA,NA,NA,NO,SI,NA,"",0,"",0,"",0,NA,NO,PORQUE NO TIENE TIEMPO, ,SI,"",0,"",0,"", ,"",0,"",0,NA,NA,"","","","","",NA,NA,NA,NA,NA,NA,NA,NA,NA,NA,NA,NA,NA,NA,NA,NA,SI,"",NA,4,0,4,0,TELEVISION POR CABLE,NA,UNA HORA O MENOS AL DIA,UNA HORA O MENOS AL DIA,NUNCA,NUNCA,NUNCA,TODOS O CASI TODOS LOS DIAS,NUNCA,DE VEZ EN CUANDO,NUNCA,2,2,2,SI,"", ,NA,NUNCA,ALGUNOS DIAS POR SEMANA,ALGUNOS DIAS POR SEMANA,NUNCA,NUNCA,ALGUNOS DIAS POR SEMANA,ALGUNOS DIAS POR SEMANA,ALGUNOS DIAS POR SEMANA,ALGUNOS DIAS POR SEMANA,NUNCA,NUNCA,ALGUNA VEZ CADA 3 MESES,NUNCA,0,0,0,NO,POR FALTA DE TIEMPO, ,SI,NA,"",0,"",0,NA, ,NA,NA,NA,NA,NA,NA,NA,NA,NA,NA,NA,NO,NA,"",0,"",0,"",0,SI,"", ,NA,NA,SI,NA,"",NS/NC,300,300,ALGUNOS DIAS POR SEMANA,TODOS O CASI TODOS LOS DAS,TODOS O CASI TODOS LOS DAS,NUNCA,2,NO USA,2,NO USA,ALGUNOS DIAS POR SEMANA,NUNCA,ALGUNOS DIAS POR SEMANA,NUNCA,NUNCA,NUNCA,NUNCA,NUNCA,NUNCA,NUNCA,NO,NO,NO,NO,NO,NA,NA,NA,NA,NA,NO,NA, ,NA,NA,NA,NA,NA,NA,NA,,,0,0,NS/NC,NA,"","","","","","","","","","","",2,1,SI,1,SI,NO,NS/NC,NS/NC,0,NO,NA,,,0,0,NA,NA,NA,NA,"",0,NO,NO,NO,NO,NO,NO,NO,NO,NO,NA,NA,NA,NA,NA,NA,NA,NA,NA,NA,NO,NO,NO,NO,NO,NO,"",0,NO,"",0,NA,NA,NA,NA,NA,NA,"","",0,NO FUE NUNCA,"",ENTRE 1 Y 5 AOS,"",NO FUE NUNCA,"",ENTRE 1 Y 5 AOS,"",ENTRE 1 Y 5 AOS,"",NO FUE NUNCA,"",NO FUE NUNCA,"",VARIAS VECES EN EL ULTIMO AO,0,NO FUE NUNCA,"",1 VEZ EN EL ULTIMO AO,200,VARIAS VECES EN EL ULTIMO AO,0,NO FUE NUNCA,"",NO FUE NUNCA,"",NO FUE NUNCA,"",NO FUE NUNCA,"",NO FUE NUNCA,"",NO FUE NUNCA,"",NO FUE NUNCA,"",NO FUE NUNCA,"",1 VEZ EN EL ULTIMO AO,300,5,3,0,3,TERCIARIO COMPLETO,OTRO MIEMBRO DEL HOGAR,TERCIARIO COMPLETO,TRABAJA,COMERCIANTE,TECNICO ESPECIALIZADO. COMERCIANTE. SUPERVISOR / JEFE / CAP, ,"",SI,SI,NO,NO,SI,SI,ALQUILADA,NO,NO,NO,NO,NO,BARRIO CON VIVIENDAS DISTINTAS,BARRIO CON VIVIENDAS DISTINTAS,CASA,78,C2,60,60,1,120,120,2,0,0,0,240,240,4,120,120,2,0,0,0,0,0,0
69,69,2780,2017-05-16T00:00:00,NEA,Mujer,46,"EL ARTE, LO CULTO", ,NO,NS/NC, ,SI,NA,NA,NA,,,0,0,NA,NA,NA,NA,NA,NA,NA,NA,NA,NA,NA,NA, ,0,SI,"", ,NA,TODOS O CASI TODOS LOS DIAS,3,0,3,0,NUNCA,NUNCA,TODOS O CASI TODOS LOS DIAS,TODOS O CASI TODOS LOS DIAS,NUNCA,NUNCA,NUNCA,NUNCA,NUNCA,NUNCA,NUNCA,NUNCA,NUNCA,NUNCA,NUNCA,NUNCA,NUNCA,HABITUALMENTE,NUNCA,NUNCA,NUNCA,NUNCA,NUNCA,0 canciones,NO,NA,NA,NA,NA,NA,NA,NA,NA,NA, ,"",0,0,0,NO,PORQUE NO LE GUSTA IR A RECITALES, ,NO,NA,"",0,"",0,"",0,NO,0,NO,NO,PORQUE NO LE INTERESAN LOS DIARIOS, ,SI,"",0,,,0,0,NA,"",0,"",0,NA,NA,NA,NA,NA,NA,NO,NO,NA,"",0,"",0,"",0,NA,SI,"", ,NA,2,2,0,0,"SE LO HABIA RECOMENDADO UN PROFESOR, REFERENTE POLITICO, RELIGIOSO O ESPIRITUAL", ,2,2,700,700,TODOS O CASI TODOS LOS DIAS,"NO LEYO LIBROS EN PANTALLA, SOLO EN PAPEL","","","","","",NUNCA,NUNCA,NUNCA,NUNCA,NUNCA,NUNCA,NUNCA,NUNCA,NUNCA,NUNCA,NUNCA,NUNCA,NUNCA,HABITUALMENTE,NUNCA,HABITUALMENTE,NO,POR FALTA DE TIEMPO,NO,,,0,0,NA,NA,NA,NA,NA,NA,NA,NA,NA,NA,NA,1,NINGUNO,NINGUNO,NO,PORQUE NO LE INTERESA, ,NO,NA,NA,NA,NA,NA,NA,NA,NA,NA,NA,NA,NA,NA,0,0,0,NO,PORQUE NO LE GUSTA EL CINE, ,NO,NA,"",0,"",0,NA, ,NA,NA,NA,NA,NA,NA,NA,NA,NA,NA,NA,NO,NA,"",0,"",0,"",0,SI,"", ,NA,NA,SI,NA,"","NO, ES SOLO LO QUE PAGO DE INTERNET",300,300,TODOS O CASI TODOS LOS DAS,TODOS O CASI TODOS LOS DAS,TODOS O CASI TODOS LOS DAS,NUNCA,4,NO USA,4,NO USA,ALGUNOS DIAS POR SEMANA,NUNCA,NUNCA,NUNCA,ALGUNOS DIAS POR SEMANA,ALGUNOS DIAS POR SEMANA,NUNCA,NUNCA,NUNCA,ALGUNOS DIAS POR SEMANA,SI,SI,NO,NO,NO,ALGUNOS DIAS POR SEMANA,ALGUNOS DIAS POR SEMANA,NA,NA,NA,NO,NA, ,NUNCA,ALGUNOS DIAS POR SEMANA,ALGUNOS DIAS POR SEMANA,NUNCA,NUNCA,NUNCA,ALGUNOS DIAS POR SEMANA,2,0,2,0,"OBSERVA LOS CONTENIDOS, SIN HACER COMENTARIOS",NA,"","","","","","","","","","","",1,1,SI,1,SI,SI,LO PAGA MI EMPLEADOR,LO PAGA MI EMPLEADOR,0,NO,NA,,,0,0,NA,NA,NA,NA,"",0,NO,NO,SI,NO,NO,NO,NO,NO,NO,NO,SI,NO,NO,NO,NO,NO,NO,NO,NO,NO,NO,NO,NO,NO,NO,"",0,NO,"",0,NA,NA,NA,NA,NA,NA,"","",0,VARIAS VECES EN EL ULTIMO AO,NS/NC,ENTRE 1 Y 5 AOS,"",NO FUE NUNCA,"",NO FUE NUNCA,"",VARIAS VECES EN EL ULTIMO AO,NS/NC,NO FUE NUNCA,"",NO FUE NUNCA,"",NO FUE NUNCA,"",NO FUE NUNCA,"",HACE MAS DE 5 AOS,"",NO FUE NUNCA,"",NO FUE NUNCA,"",NO FUE NUNCA,"",NO FUE NUNCA,"",NO FUE NUNCA,"",NO FUE NUNCA,"",NO FUE NUNCA,"",HACE MAS DE 5 AOS,"",ENTRE 1 Y 5 AOS,"",ENTRE 1 Y 5 AOS,"",1,,,1,TERCIARIO COMPLETO,LA PERSONA QUE FUE ENTREVISTADA,"",TRABAJA,DOCENTE,TRABAJADOR/OBRERO CALIFICADO. EMPLEADO ADMINISTRATIVO MEDIO, ,"",SI,SI,NO,NO,NO,SI,ALQUILADA,NO,NO,NO,NO,NO,BARRIO CON VIVIENDAS DISTINTAS,BARRIO CON VIVIENDAS DISTINTAS,DEPARTAMENTO,68,C3,0,0,0,180,180,3,0,0,0,0,0,0,240,240,4,120,120,2,0,0,0
70,70,6501,2017-12-05T00:00:00,NEA,Mujer,86,"EL ARTE, LO CULTO", ,NO,PORQUE NO LE INTERESA, ,NO,NA,NA,NA,,,0,0,NA,NA,NA,NA,NA,NA,NA,NA,NA,NA,NA,NA, ,1,SI,"", ,NA,ALGUNOS DIAS POR SEMANA,2,0,2,0,ALGUNOS DIAS POR SEMANA,NUNCA,NUNCA,NUNCA,NUNCA,NUNCA,NUNCA,NUNCA,NUNCA,NUNCA,NUNCA,NUNCA,DE VEZ EN CUANDO,NUNCA,NUNCA,NUNCA,NUNCA,DE VEZ EN CUANDO,NUNCA,NUNCA,NUNCA,DE VEZ EN CUANDO,DE VEZ EN CUANDO,3 canciones,NO,NA,NA,NA,NA,NA,NA,NA,NA,NA, ,"",0,0,0,NO,POR PROBLEMAS DE SALUD, ,SI,NA,"",0,"",0,"",0,NO,0,NO,NO,POR CUESTIONES ECONOMICAS/NO TIENE PLATA, ,SI,"",0,,,0,0,NA,"",0,"",0,NA,NA,NA,NA,NA,NA,NO,NO,NA,"",0,"",0,"",0,NA,NO,POR PROBLEMAS DE SALUD PARA LEER, ,SI,"",0,"",0,"", ,"",0,"",0,NA,NA,"","","","","",NA,NA,NA,NA,NA,NA,NA,NA,NA,NA,NA,NA,NA,NA,NA,NA,NO,PORQUE NO LE INTERESA,SI,,,0,0,NA,NA,NA,NA,NA,NA,NA,NA,NA,NA,NA,1,NINGUNO,NINGUNO,NO,PORQUE NO LE INTERESA, ,SI,NA,NA,NA,NA,NA,NA,NA,NA,NA,NA,NA,NA,NA,0,0,0,NO,PORQUE NO LE GUSTA EL CINE, ,SI,NA,"",0,"",0,NA, ,NA,NA,NA,NA,NA,NA,NA,NA,NA,NA,NA,NO,NA,"",0,"",0,"",0,NO,PORQUE NO LE INTERESA, ,NO,NO,NA,NA,"",NA,"",0,NA,NA,NA,NA,,"",0,NO USA,NA,NA,NA,NA,NA,NA,NA,NA,NA,NA,NA,NA,NA,NA,NA,NA,NA,NA,NA,NA,NA,NA, ,NA,NA,NA,NA,NA,NA,NA,,,0,0,NA,NA,"","","","","","","","","","","",NINGUNA,NINGUNA,SI,NINGUNO,NA,NA,"",0,0,NO,NA,,,0,0,NA,NA,NA,NA,"",0,NO,NO,NO,NO,NO,NO,NO,NO,NO,NA,NA,NA,NA,NA,NA,NA,NA,NA,NA,NO,NO,NO,NO,NO,NO,"",0,NO,"",0,NA,NA,NA,NA,NA,NA,"","",0,NO FUE NUNCA,"",NO FUE NUNCA,"",NO FUE NUNCA,"",HACE MAS DE 5 AOS,"",HACE MAS DE 5 AOS,"",NO FUE NUNCA,"",NO FUE NUNCA,"",HACE MAS DE 5 AOS,"",NO FUE NUNCA,"",HACE MAS DE 5 AOS,"",HACE MAS DE 5 AOS,"",HACE MAS DE 5 AOS,"",NO FUE NUNCA,"",NO FUE NUNCA,"",HACE MAS DE 5 AOS,"",NO FUE NUNCA,"",HACE MAS DE 5 AOS,"",NO FUE NUNCA,"",HACE MAS DE 5 AOS,"",HACE MAS DE 5 AOS,"",2,0,1,2,TERCIARIO COMPLETO,LA PERSONA QUE FUE ENTREVISTADA,"",ES JUBILADO/PENSIONADO, ,"",DOCENTE,TRABAJADOR/OBRERO CALIFICADO. EMPLEADO ADMINISTRATIVO MEDIO,SI,NO,NO,NO,NO,NO,PROPIA,SI,NO,SI,NO,NO,BARRIO CON VIVIENDAS DISTINTAS,BARRIO CON VIVIENDAS DISTINTAS,CASA,58,C3,0,0,0,120,120,2,0,0,0,0,0,0,0,0,0,0,0,0,0,0,0
71,71,1235,2017-12-05T00:00:00,NEA,Varn,14,"INFORMACION, ESTUDIAR, CONOCER", ,SI,"", ,NA,NO,TODOS O CASI TODOS LOS DIAS,FM,1,0,1,0,TODOS O CASI TODOS LOS DIAS,NUNCA,NUNCA,NUNCA,NUNCA,PROGRAMAS RELIGIOSOS,NA,NA,NA,NA,NA,NA, ,1,SI,"", ,NA,TODOS O CASI TODOS LOS DIAS,5,0,5,0,NUNCA,NUNCA,NUNCA,TODOS O CASI TODOS LOS DIAS,NUNCA,NUNCA,NUNCA,NUNCA,NUNCA,NUNCA,NUNCA,NUNCA,NUNCA,NUNCA,NUNCA,HABITUALMENTE,NUNCA,NUNCA,NUNCA,NUNCA,NUNCA,NUNCA,NUNCA,10 canciones,SI,NUNCA,NUNCA,NS/NC,NA,NA,NA,NA,NA,NA, ,0,0,0,0,NO,PORQUE NO SE ENTERA, ,NO,NA,"",0,"",0,"",0,NO,0,NO,NO,PORQUE NO LE INTERESAN LOS DIARIOS, ,SI,"",0,,,0,0,NA,"",0,"",0,NA,NA,NA,NA,NA,NA,NO,NO,NA,"",0,"",0,"",0,NA,NO,PORQUE LOS LIBROS ESTAN CAROS, ,NO,"",0,"",0,"", ,"",0,"",0,NA,NA,"","","","","",NA,NA,NA,NA,NA,NA,NA,NA,NA,NA,NA,NA,NA,NA,NA,NA,SI,"",NA,7,0,7,0,TELEVISION SATELITAL,NA,VARIAS HORAS AL DIA,VARIAS HORAS AL DIA,NUNCA,NUNCA,NUNCA,TODOS O CASI TODOS LOS DIAS,NUNCA,NUNCA,NUNCA,2,NINGUNO,NINGUNO,SI,"", ,NA,NUNCA,NUNCA,ALGUNA VEZ AL AO,ALGUNAS VECES AL MES,ALGUNAS VECES AL MES,TODOS O CASI TODOS LOS DIAS,TODOS O CASI TODOS LOS DIAS,TODOS O CASI TODOS LOS DIAS,TODOS O CASI TODOS LOS DIAS,NUNCA,ALGUNOS DIAS POR SEMANA,NUNCA,NUNCA,0,3,45,NO,PORQUE IR AL CINE ES MUY CARO, ,NO,NA,"",0,"",0,NA, ,NA,NA,NA,NA,NA,NA,NA,NA,NA,NA,NA,NO,NA,"",0,"",0,"",0,NO,PORQUE NO TIENE DISPOSITIVO PARA CONECTARSE, ,NO,SI,NO,SI,150,NA,"",0,NUNCA,NUNCA,NUNCA,NUNCA,0,NO USA,0,NO USA,NA,NA,NA,NA,NA,NA,NA,NA,NA,NA,NA,NA,NA,NA,NA,NA,NA,NA,NA,NA,NA,NA, ,NA,NA,NA,NA,NA,NA,NA,,,0,0,NA,NA,"","","","","","","","","","","",NINGUNA,NINGUNA,SI,1,SI,SI,200,200,0,NO,NA,,,0,0,NA,NA,NA,NA,"",0,SI,NO,NO,NO,NO,NO,NO,SI,NO,NO,NO,NO,SI,NO,NO,NO,NO,NO,NO,NO,NO,NO,NO,NO,NO,"",0,NO,"",0,NA,NA,NA,NA,NA,NA,"","",0,NO FUE NUNCA,"",NO FUE NUNCA,"",NO FUE NUNCA,"",NO FUE NUNCA,"",NO FUE NUNCA,"",NO FUE NUNCA,"",NO FUE NUNCA,"",NO FUE NUNCA,"",NO FUE NUNCA,"",NO FUE NUNCA,"",NO FUE NUNCA,"",NO FUE NUNCA,"",NO FUE NUNCA,"",NO FUE NUNCA,"",NO FUE NUNCA,"",NO FUE NUNCA,"",NO FUE NUNCA,"",NO FUE NUNCA,"",NO FUE NUNCA,"",NO FUE NUNCA,"",3,2,0,2,SECUNDARIA INCOMPLETA,OTRO MIEMBRO DEL HOGAR,PRIMARIA COMPLETA,TRABAJA,EMPLEADA DOMESTICA,"OFICIO MENOR, OBRERO NO CALIFICADO/ SERVICIO DOMESTICO", ,"",NO,NO,NO,NO,NO,SI,PROPIA,NO,NO,NO,NO,NO,BARRIO CON VIVIENDAS DISTINTAS,BARRIO CON VIVIENDAS DISTINTAS,CASA,32,D2,60,60,1,300,300,5,0,0,0,420,420,7,0,0,0,0,0,0,0,0,0
72,72,7406,2017-12-05T00:00:00,NEA,Varn,20,"INFORMACION, ESTUDIAR, CONOCER", ,SI,"", ,NA,SI,ALGUNOS DIAS POR SEMANA,FM,2,0,2,0,NUNCA,NUNCA,NUNCA,ALGUNOS DIAS POR SEMANA,NUNCA,CULTURALES,NA,NA,NA,NA,NA,NA, ,1,SI,"", ,NA,ALGUNOS DIAS POR SEMANA,2,0,2,0,NUNCA,NUNCA,NUNCA,ALGUNOS DIAS POR SEMANA,NUNCA,NUNCA,NUNCA,NUNCA,ALGUNOS DIAS POR SEMANA,NUNCA,CASI NUNCA,CASI NUNCA,DE VEZ EN CUANDO,NUNCA,HABITUALMENTE,HABITUALMENTE,HABITUALMENTE,HABITUALMENTE,HABITUALMENTE,NUNCA,HABITUALMENTE,NUNCA,HABITUALMENTE,10 canciones,NO,NA,NA,NA,NA,NA,NA,NA,NA,NA, ,"",0,0,0,NO,POR FALTA DE DINERO, ,SI,NA,"",0,"",0,"",0,NO,0,NO,SI,"", ,NA,1,1,1,0,1,0,ALGUNOS DIAS POR SEMANA,4,4,100,100,ALGUNOS DIAS POR SEMANA,NS/NC,ALGUNOS DIAS POR SEMANA,NUNCA,NUNCA,PRINCIPALMENTE LEE EN PAPEL O POR INTERNET SU DIARIO O DIARIOS PREFERIDOS,NO,NO,NA,"",0,"",0,"",0,NA,NO,PORQUE NO LE INTERESA, ,NO,"",0,"",0,"", ,"",0,"",0,NA,NA,"","","","","",NA,NA,NA,NA,NA,NA,NA,NA,NA,NA,NA,NA,NA,NA,NA,NA,SI,"",NA,1,0,1,0,TELEVISION SATELITAL,NA,UNA HORA O MENOS AL DIA,VARIAS HORAS AL DIA,NUNCA,NUNCA,NUNCA,TODOS O CASI TODOS LOS DIAS,NUNCA,HABITUALMENTE,NUNCA,1,NINGUNO,NINGUNO,SI,"", ,NA,NUNCA,TODOS O CASI TODOS LOS DIAS,ALGUNAS VECES AL MES,NUNCA,TODOS O CASI TODOS LOS DIAS,TODOS O CASI TODOS LOS DIAS,TODOS O CASI TODOS LOS DIAS,TODOS O CASI TODOS LOS DIAS,TODOS O CASI TODOS LOS DIAS,NUNCA,NUNCA,NUNCA,NUNCA,0,0,0,NO,PORQUE NO LE INTERESA, ,NO,NA,"",0,"",0,NA, ,NA,NA,NA,NA,NA,NA,NA,NA,NA,NA,NA,NO,NA,"",0,"",0,"",0,SI,"", ,NA,NA,NO,SI,540,NA,"",0,NUNCA,TODOS O CASI TODOS LOS DAS,NUNCA,NUNCA,15,NO USA,15,NO USA,NUNCA,ALGUNOS DIAS POR SEMANA,NUNCA,NUNCA,ALGUNOS DIAS POR SEMANA,ALGUNOS DIAS POR SEMANA,NUNCA,NUNCA,ALGUNOS DIAS POR SEMANA,NUNCA,SI,SI,NO,NO,NO,TODOS O CASI TODOS LOS DAS,TODOS O CASI TODOS LOS DAS,NA,NA,NA,NO,NA, ,TODOS O CASI TODOS LOS DAS,TODOS O CASI TODOS LOS DAS,TODOS O CASI TODOS LOS DAS,NUNCA,NUNCA,TODOS O CASI TODOS LOS DAS,NUNCA,1,0,1,0,"COMENTA, COMPARTE, PARTICIPA Y/U OPINA FRENTE A CONTENIDOS",NA,"","","","","","","","","","","",NINGUNA,NINGUNA,NO,3,SI,SI,600,600,0,NO,NA,,,0,0,NA,NA,NA,NA,"",0,NO,NO,SI,NO,NO,NO,NO,NO,NO,NO,NO,NO,SI,NO,NO,NO,NO,NO,NO,NO,NO,NO,NO,NO,NO,"",0,NO,"",0,NA,NA,NA,NA,NA,NA,"","",0,NO FUE NUNCA,"",NO FUE NUNCA,"",NO FUE NUNCA,"",NO FUE NUNCA,"",NO FUE NUNCA,"",NO FUE NUNCA,"",NO FUE NUNCA,"",NO FUE NUNCA,"",NO FUE NUNCA,"",NO FUE NUNCA,"",NO FUE NUNCA,"",NO FUE NUNCA,"",NO FUE NUNCA,"",NO FUE NUNCA,"",NO FUE NUNCA,"",NO FUE NUNCA,"",NO FUE NUNCA,"",NO FUE NUNCA,"",NO FUE NUNCA,"",NO FUE NUNCA,"",7,1,0,3,PRIMARIA COMPLETA,LA PERSONA QUE FUE ENTREVISTADA,"",TRABAJA,ALBAILERIA,"OFICIO MENOR, OBRERO NO CALIFICADO/ SERVICIO DOMESTICO", ,"",NO,NO,NO,NO,NO,SI,PROPIA,NO,NO,NO,NO,NO,BARRIO CON VIVIENDAS DISTINTAS,BARRIO CON VIVIENDAS DISTINTAS,CASA,32,D2,120,120,2,120,120,2,60,60,1,60,60,1,900,900,15,60,60,1,0,0,0
73,73,5989,2017-11-05T00:00:00,NEA,Varn,43,"HABITOS, COSTUMBRES, COMPORTAMIENTOS", ,SI,"", ,NA,NO,ALGUNOS DIAS POR SEMANA,FM,1,0,1,0,NUNCA,ALGUNOS DIAS POR SEMANA,NUNCA,NUNCA,NUNCA,MUSICALES,ACTUALIDAD / MAGAZINE,NA,NA,NA,NA,NA, ,0,SI,"", ,NA,ALGUNOS DIAS POR SEMANA,1,0,1,0,NUNCA,ALGUNOS DIAS POR SEMANA,NUNCA,NUNCA,NUNCA,NUNCA,NUNCA,NUNCA,NUNCA,NUNCA,HABITUALMENTE,HABITUALMENTE,NUNCA,NUNCA,NUNCA,NUNCA,NS/NC,HABITUALMENTE,NUNCA,NUNCA,NUNCA,NUNCA,HABITUALMENTE,5 canciones,NO,NA,NA,NA,NA,NA,NA,NA,NA,NA, ,"",0,0,0,NO,POR FALTA DE TIEMPO, ,NO,NA,"",0,"",0,"",0,NO,0,NO,NO,POR CUESTIONES ECONOMICAS/NO TIENE PLATA, ,NO,"",0,,,0,0,NA,"",0,"",0,NA,NA,NA,NA,NA,NA,NO,NO,NA,"",0,"",0,"",0,NA,SI,"", ,NA,NS/NC,NS/NC,1,1,RELIGION, ,0,0,0,0,ALGUNOS DIAS POR SEMANA,"NO LEYO LIBROS EN PANTALLA, SOLO EN PAPEL","","","","","",NUNCA,NUNCA,NUNCA,NUNCA,NUNCA,NUNCA,NUNCA,NUNCA,NUNCA,NUNCA,NUNCA,NUNCA,NUNCA,NUNCA,NUNCA,HABITUALMENTE,SI,"",NA,4,0,4,0,"SOLO CANALES DE AIRE ""ANALOGICOS""",NA,NA,NA,NUNCA,NUNCA,NUNCA,TODOS O CASI TODOS LOS DIAS,NUNCA,HABITUALMENTE,NUNCA,1,NINGUNO,NINGUNO,SI,"", ,NA,NUNCA,NUNCA,ALGUNOS DIAS POR SEMANA,ALGUNOS DIAS POR SEMANA,ALGUNOS DIAS POR SEMANA,ALGUNOS DIAS POR SEMANA,ALGUNOS DIAS POR SEMANA,ALGUNOS DIAS POR SEMANA,NUNCA,NUNCA,ALGUNOS DIAS POR SEMANA,NUNCA,NUNCA,0,0,0,SI,"", ,NA,ALGUNA VEZ AL AO O MENOS,1,1,0,0,VIO O ESCUCHO EN UNA PUBLICIDAD, ,HABITUALMENTE,HABITUALMENTE,HABITUALMENTE,NUNCA,NUNCA,NUNCA,NUNCA,NUNCA,NUNCA,NUNCA,NUNCA,NO,NA,"",0,"",0,"",0,NO,PORQUE NO LE INTERESA, ,NO,NO,NA,NA,"",NA,"",0,NA,NA,NA,NA,,"",0,NO USA,NA,NA,NA,NA,NA,NA,NA,NA,NA,NA,NA,NA,NA,NA,NA,NA,NA,NA,NA,NA,NA,NA, ,NA,NA,NA,NA,NA,NA,NA,,,0,0,NA,NA,"","","","","","","","","","","",1,NINGUNA,NO,4,SI,SI,290,290,0,NO,NA,,,0,0,NA,NA,NA,NA,"",0,NO,NO,SI,NO,NO,NO,NO,NO,NO,NO,NO,NO,SI,NO,NO,NO,NO,NO,NO,NO,NO,NO,NO,NO,NO,"",0,NO,"",0,NA,NA,NA,NA,NA,NA,"","",0,HACE MAS DE 5 AOS,"",NO FUE NUNCA,"",NO FUE NUNCA,"",NO FUE NUNCA,"",NO FUE NUNCA,"",HACE MAS DE 5 AOS,"",HACE MAS DE 5 AOS,"",NO FUE NUNCA,"",NO FUE NUNCA,"",NO FUE NUNCA,"",NO FUE NUNCA,"",ENTRE 1 Y 5 AOS,"",NO FUE NUNCA,"",NO FUE NUNCA,"",ENTRE 1 Y 5 AOS,"",NO FUE NUNCA,"",NO FUE NUNCA,"",ENTRE 1 Y 5 AOS,"",NO FUE NUNCA,"",NO FUE NUNCA,"",4,0,0,2,PRIMARIA COMPLETA,LA PERSONA QUE FUE ENTREVISTADA,"",TRABAJA,COMERCIATE KIOSCO Y DESPENSA,TECNICO ESPECIALIZADO. COMERCIANTE. SUPERVISOR / JEFE / CAP, ,"",NO,NO,SI,NO,SI,SI,PROPIA,NO,NO,NO,NO,NO,BARRIO CON VIVIENDAS DISTINTAS,BARRIO CON VIVIENDAS DISTINTAS,CASA,52,D1,60,60,1,60,60,1,0,0,0,240,240,4,0,0,0,0,0,0,0,0,0
74,74,11979,2017-11-05T00:00:00,NEA,Varn,45,"EL ARTE, LO CULTO", ,SI,"", ,NA,NO,TODOS O CASI TODOS LOS DIAS,FM,4,0,4,0,TODOS O CASI TODOS LOS DIAS,NUNCA,NUNCA,NUNCA,NUNCA,MUSICALES,NA,NA,NA,NA,NA,NA, ,1,SI,"", ,NA,TODOS O CASI TODOS LOS DIAS,4,0,4,0,NUNCA,NUNCA,NUNCA,NUNCA,NUNCA,NUNCA,NUNCA,NUNCA,NUNCA,CASI NUNCA,NUNCA,NUNCA,NUNCA,NUNCA,NUNCA,NUNCA,NUNCA,NUNCA,NUNCA,NUNCA,NUNCA,NUNCA,NUNCA,10 canciones,NO,NA,NA,NA,NA,NA,NA,NA,NA,NA, ,"",0,0,10,NO,POR FALTA DE DINERO, ,SI,NA,"",0,"",0,"",0,NO,0,NO,NO,POR CUESTIONES ECONOMICAS/NO TIENE PLATA, ,SI,"",0,,,0,0,NA,"",0,"",0,NA,NA,NA,NA,NA,NA,NO,NO,NA,"",0,"",0,"",0,NA,SI,"", ,NA,1,1,1,1,RELIGION, ,0,0,0,0,TODOS O CASI TODOS LOS DIAS,"NO LEYO LIBROS EN PANTALLA, SOLO EN PAPEL","","","","","",NUNCA,NUNCA,NUNCA,NUNCA,NUNCA,NUNCA,NUNCA,NUNCA,NUNCA,NUNCA,NUNCA,NUNCA,NUNCA,NUNCA,NUNCA,HABITUALMENTE,NO,PORQUE NO LE INTERESA,SI,,,0,0,NA,NA,NA,NA,NA,NA,NA,NA,NA,NA,NA,1,NINGUNO,NINGUNO,NO,PORQUE NO LE INTERESA, ,SI,NA,NA,NA,NA,NA,NA,NA,NA,NA,NA,NA,NA,NA,0,0,0,NO,POR FALTA DE DINERO, ,SI,NA,"",0,"",0,NA, ,NA,NA,NA,NA,NA,NA,NA,NA,NA,NA,NA,NO,NA,"",0,"",0,"",0,NO,PORQUE NO LO PUEDE PAGAR, ,NO,NO,NA,NA,"",NA,"",0,NA,NA,NA,NA,,"",0,NO USA,NA,NA,NA,NA,NA,NA,NA,NA,NA,NA,NA,NA,NA,NA,NA,NA,NA,NA,NA,NA,NA,NA, ,NA,NA,NA,NA,NA,NA,NA,,,0,0,NA,NA,"","","","","","","","","","","",NINGUNA,NINGUNA,SI,1,SI,NO,950,950,0,NO,NA,,,0,0,NA,NA,NA,NA,"",0,NO,NO,SI,NO,NO,NO,NO,NO,NO,NO,SI,NO,NO,NO,NO,NO,NO,NO,NO,NO,NO,NO,NO,NO,NO,"",0,NO,"",0,NA,NA,NA,NA,NA,NA,"","",0,HACE MAS DE 5 AOS,"",NO FUE NUNCA,"",NO FUE NUNCA,"",NO FUE NUNCA,"",VARIAS VECES EN EL ULTIMO AO,NS/NC,NO FUE NUNCA,"",NO FUE NUNCA,"",NO FUE NUNCA,"",NO FUE NUNCA,"",NO FUE NUNCA,"",NO FUE NUNCA,"",NO FUE NUNCA,"",NO FUE NUNCA,"",NO FUE NUNCA,"",NO FUE NUNCA,"",NO FUE NUNCA,"",NO FUE NUNCA,"",NO FUE NUNCA,"",NO FUE NUNCA,"",NO FUE NUNCA,"",11,3,0,6,PRIMARIA INCOMPLETA,OTRO MIEMBRO DEL HOGAR,SECUNDARIA COMPLETA,ES JUBILADO/PENSIONADO, ,"",MADRE DE 7 HIJOS,"OFICIO MENOR, OBRERO NO CALIFICADO/ SERVICIO DOMESTICO",SI,NO,NO,NO,NO,SI,PROPIA,NO,NO,NO,NO,NO,BARRIO CON VIVIENDAS DISTINTAS,BARRIO CON VIVIENDAS DISTINTAS,CASA,48,D1,240,240,4,240,240,4,0,0,0,0,0,0,0,0,0,0,0,0,0,0,0
75,75,8106,2017-11-05T00:00:00,NEA,Varn,65,"LA TRADICION, LA HISTORIA", ,SI,"", ,NA,NO,TODOS O CASI TODOS LOS DIAS,FM,5,0,5,0,TODOS O CASI TODOS LOS DIAS,NUNCA,NUNCA,NUNCA,NUNCA,INFORMATIVOS / NOTICIEROS,NA,NA,NA,NA,NA,NA, ,1,SI,"", ,NA,TODOS O CASI TODOS LOS DIAS,1,0,1,0,TODOS O CASI TODOS LOS DIAS,NUNCA,NUNCA,NUNCA,NUNCA,NUNCA,NUNCA,NUNCA,NUNCA,HABITUALMENTE,NUNCA,NUNCA,NUNCA,NUNCA,HABITUALMENTE,NUNCA,NUNCA,NUNCA,NUNCA,NUNCA,NUNCA,NUNCA,NUNCA,10 canciones,NO,NA,NA,NA,NA,NA,NA,NA,NA,NA, ,"",5,50,0,NO,PORQUE NO LE INTERESA, ,NO,NA,"",0,"",0,"",0,NO,0,NO,NO,PORQUE NO LE INTERESAN LOS DIARIOS, ,NO,"",0,,,0,0,NA,"",0,"",0,NA,NA,NA,NA,NA,NA,NO,NO,NA,"",0,"",0,"",0,NA,NO,PORQUE NO LE INTERESA, ,NO,"",0,"",0,"", ,"",0,"",0,NA,NA,"","","","","",NA,NA,NA,NA,NA,NA,NA,NA,NA,NA,NA,NA,NA,NA,NA,NA,SI,"",NA,3,0,3,0,TELEVISION POR CABLE,NA,UNA HORA O MENOS AL DIA,VARIAS HORAS AL DIA,NUNCA,NUNCA,NUNCA,TODOS O CASI TODOS LOS DIAS,NUNCA,HABITUALMENTE,NUNCA,2,1,1,SI,"", ,NA,NUNCA,NUNCA,NUNCA,ALGUNOS DIAS POR SEMANA,ALGUNOS DIAS POR SEMANA,ALGUNOS DIAS POR SEMANA,TODOS O CASI TODOS LOS DIAS,TODOS O CASI TODOS LOS DIAS,TODOS O CASI TODOS LOS DIAS,NUNCA,NUNCA,NUNCA,NUNCA,0,0,0,NO,PORQUE NO LE INTERESA, ,SI,NA,"",0,"",0,NA, ,NA,NA,NA,NA,NA,NA,NA,NA,NA,NA,NA,NO,NA,"",0,"",0,"",0,NO,NO TIENE INTERNET, ,NO,NO,NA,NA,"",NA,"",0,NA,NA,NA,NA,,"",0,NO USA,NA,NA,NA,NA,NA,NA,NA,NA,NA,NA,NA,NA,NA,NA,NA,NA,NA,NA,NA,NA,NA,NA, ,NA,NA,NA,NA,NA,NA,NA,,,0,0,NA,NA,"","","","","","","","","","","",NINGUNA,NINGUNA,NO,1,NO,NA,50,50,0,NO,NA,,,0,0,NA,NA,NA,NA,"",0,NO,SI,NO,NO,NO,NO,NO,NO,NO,NO,SI,NO,NO,NO,NO,NO,NO,NO,NO,NO,NO,NO,NO,NO,NO,"",0,NO,"",0,NA,NA,NA,NA,NA,NA,"","",0,NO FUE NUNCA,"",NO FUE NUNCA,"",NO FUE NUNCA,"",NO FUE NUNCA,"",NO FUE NUNCA,"",NO FUE NUNCA,"",NO FUE NUNCA,"",NO FUE NUNCA,"",NO FUE NUNCA,"",NO FUE NUNCA,"",NO FUE NUNCA,"",NO FUE NUNCA,"",NO FUE NUNCA,"",NO FUE NUNCA,"",NO FUE NUNCA,"",NO FUE NUNCA,"",NO FUE NUNCA,"",NO FUE NUNCA,"",NO FUE NUNCA,"",NO FUE NUNCA,"",6,0,0,3,PRIMARIA INCOMPLETA,LA PERSONA QUE FUE ENTREVISTADA,"",ES JUBILADO/PENSIONADO, ,"",EMPLEADO MUNICIPAL,"OFICIO MENOR, OBRERO NO CALIFICADO/ SERVICIO DOMESTICO",SI,NO,NO,NO,SI,SI,PROPIA,SI,NO,NO,NO,NO,BARRIO DE VIVIENDA SOCIAL,BARRIO DE VIVIENDA SOCIAL,CASA,36,D2,300,300,5,60,60,1,0,0,0,180,180,3,0,0,0,0,0,0,0,0,0
76,76,1309,2017-11-05T00:00:00,NEA,Mujer,14,"EL ARTE, LO CULTO", ,SI,"", ,NA,NO,ALGUNAS VECES AL MES,FM,1,0,1,0,ALGUNAS VECES AL MES,NUNCA,NUNCA,NUNCA,NUNCA,PROGRAMAS RELIGIOSOS,NA,NA,NA,NA,NA,NA, ,1,SI,"", ,NA,ALGUNAS VECES AL MES,1,0,1,0,NUNCA,NUNCA,NUNCA,NUNCA,NUNCA,NUNCA,NUNCA,NUNCA,NUNCA,NUNCA,NUNCA,NUNCA,NUNCA,NUNCA,CASI NUNCA,CASI NUNCA,NUNCA,NUNCA,NUNCA,NUNCA,NUNCA,NUNCA,NUNCA,10 canciones,SI,TODOS O CASI TODOS LOS DIAS,TODOS O CASI TODOS LOS DIAS,YOUTUBE,SNAPTUBE,NA,NA,NA,NA,NA, ,0,0,0,0,SI,"", ,NA,ALGUNA VEZ AL AO O MENOS,1,1,1,1,0,0,NO,0,NO,NO,PORQUE NO LE INTERESAN LOS DIARIOS, ,NO,"",0,,,0,0,NA,"",0,"",0,NA,NA,NA,NA,NA,NA,NO,NO,NA,"",0,"",0,"",0,NA,SI,"", ,NA,1,1,0,0,POR GUSTO PERSONAL, ,0,0,0,0,TODOS O CASI TODOS LOS DIAS,TODOS O CASI TODOS LOS DIAS,CELULAR,"","","",NO,NUNCA,NUNCA,NUNCA,NUNCA,NUNCA,NUNCA,NUNCA,NUNCA,NUNCA,NUNCA,NUNCA,NUNCA,NUNCA,NUNCA,NUNCA,HABITUALMENTE,NO,PORQUE NO TIENE TELEVISION,SI,,,0,0,NA,NA,NA,NA,NA,NA,NA,NA,NA,NA,NA,NINGUNO,"",NINGUNO,SI,"", ,NA,NUNCA,NUNCA,NUNCA,NUNCA,NUNCA,TODOS O CASI TODOS LOS DIAS,NUNCA,NUNCA,NUNCA,NUNCA,NUNCA,TODOS O CASI TODOS LOS DIAS,NUNCA,0,0,0,NO,PORQUE NO LE GUSTA EL CINE, ,NO,NA,"",0,"",0,NA, ,NA,NA,NA,NA,NA,NA,NA,NA,NA,NA,NA,NO,NA,"",0,"",0,"",0,SI,"", ,NA,NA,NO,NO,"",NA,"",0,NUNCA,TODOS O CASI TODOS LOS DAS,NUNCA,NUNCA,2,NO USA,2,NO USA,NUNCA,NUNCA,TODOS O CASI TODOS LOS DAS,NUNCA,TODOS O CASI TODOS LOS DAS,NUNCA,NUNCA,NUNCA,NUNCA,NUNCA,SI,SI,NO,NO,NO,ALGUNAS VECES AL MES,ALGUNAS VECES AL MES,NA,NA,NA,NO,NA, ,NUNCA,NUNCA,NUNCA,NUNCA,NUNCA,TODOS O CASI TODOS LOS DAS,NUNCA,0,15,0,15,"OBSERVA LOS CONTENIDOS, SIN HACER COMENTARIOS",NA,"","","","","","","","","","","",1,NINGUNA,SI,1,SI,NO,150,150,0,NO,NA,,,0,0,NA,NA,NA,NA,"",0,NO,NO,SI,NO,NO,NO,NO,NO,NO,NO,SI,NO,NO,NO,NO,NO,NO,NO,NO,NO,NO,NO,NO,NO,NO,"",0,NO,"",0,NA,NA,NA,NA,NA,NA,"","",0,NO FUE NUNCA,"",NO FUE NUNCA,"",NO FUE NUNCA,"",NO FUE NUNCA,"",VARIAS VECES EN EL ULTIMO AO,NS/NC,NO FUE NUNCA,"",NO FUE NUNCA,"",NO FUE NUNCA,"",NO FUE NUNCA,"",NO FUE NUNCA,"",NO FUE NUNCA,"",NO FUE NUNCA,"",NO FUE NUNCA,"",NO FUE NUNCA,"",NO FUE NUNCA,"",NO FUE NUNCA,"",NO FUE NUNCA,"",NO FUE NUNCA,"",NO FUE NUNCA,"",NO FUE NUNCA,"",1,,,1,SECUNDARIA INCOMPLETA,LA PERSONA QUE FUE ENTREVISTADA,"",TRABAJA,COMERCIANTE VENTA DE ROPA DEPORTIVA Y PRODUCTOS AVON,"OFICIO MENOR, OBRERO NO CALIFICADO/ SERVICIO DOMESTICO", ,"",NO,NO,NO,NO,NO,SI,PROPIA,NO,NO,NO,NO,NO,BARRIO CON VIVIENDAS DISTINTAS,BARRIO CON VIVIENDAS DISTINTAS,CASA,38,D2,60,60,1,60,60,1,0,0,0,0,0,0,120,120,2,0,15,0.25,0,0,0
77,77,3927,2017-12-05T00:00:00,NEA,Mujer,20,"INFORMACION, ESTUDIAR, CONOCER", ,NO,PORQUE NO LE GUSTA LA RADIO, ,NO,NA,NA,NA,,,0,0,NA,NA,NA,NA,NA,NA,NA,NA,NA,NA,NA,NA, ,NS/NC,SI,"", ,NA,TODOS O CASI TODOS LOS DIAS,5,0,5,0,NUNCA,NUNCA,NUNCA,TODOS O CASI TODOS LOS DIAS,NUNCA,NUNCA,NUNCA,NUNCA,NUNCA,NUNCA,NUNCA,NUNCA,NUNCA,NUNCA,NUNCA,HABITUALMENTE,NUNCA,NUNCA,NUNCA,NUNCA,NUNCA,NUNCA,NUNCA,10 canciones,SI,TODOS O CASI TODOS LOS DIAS,NUNCA,GOOGLE PLAY,NA,NA,NA,NA,NA,NA, ,0,0,0,0,NO,PORQUE NO LE GUSTA IR A RECITALES, ,NO,NA,"",0,"",0,"",0,NO,0,NO,NO,PORQUE NO LE GUSTA LEER DIARIOS, ,NO,"",0,,,0,0,NA,"",0,"",0,NA,NA,NA,NA,NA,NA,NO,NO,NA,"",0,"",0,"",0,NA,NO,POR PROBLEMAS DE SALUD PARA LEER, ,NO,"",0,"",0,"", ,"",0,"",0,NA,NA,"","","","","",NA,NA,NA,NA,NA,NA,NA,NA,NA,NA,NA,NA,NA,NA,NA,NA,SI,"",NA,2,0,2,0,"SOLO CANALES DE AIRE ""ANALOGICOS""",NA,NA,NA,NUNCA,NUNCA,NUNCA,TODOS O CASI TODOS LOS DIAS,NUNCA,HABITUALMENTE,NUNCA,1,NINGUNO,NINGUNO,SI,"", ,NA,TODOS O CASI TODOS LOS DIAS,TODOS O CASI TODOS LOS DIAS,NUNCA,NUNCA,TODOS O CASI TODOS LOS DIAS,TODOS O CASI TODOS LOS DIAS,TODOS O CASI TODOS LOS DIAS,TODOS O CASI TODOS LOS DIAS,NUNCA,NUNCA,NUNCA,NUNCA,NUNCA,0,0,0,NO,PORQUE NO LE GUSTA EL CINE, ,NO,NA,"",0,"",0,NA, ,NA,NA,NA,NA,NA,NA,NA,NA,NA,NA,NA,NO,NA,"",0,"",0,"",0,SI,"", ,NA,NA,NO,NO,"",NA,"",0,NUNCA,TODOS O CASI TODOS LOS DAS,NUNCA,NUNCA,0,30,0,30,NUNCA,NUNCA,NUNCA,NUNCA,TODOS O CASI TODOS LOS DAS,NUNCA,NUNCA,NUNCA,NUNCA,NUNCA,SI,NO,NO,NO,NO,ALGUNOS DIAS POR SEMANA,NA,NA,NA,NA,NO,NA, ,NUNCA,NUNCA,NUNCA,NUNCA,NUNCA,ALGUNA VEZ CADA 3 MESES,NUNCA,0,30,0,30,"OBSERVA LOS CONTENIDOS, SIN HACER COMENTARIOS",NA,"","","","","","","","","","","",NINGUNA,NINGUNA,SI,3,SI,SI,600,600,0,NO,NA,,,0,0,NA,NA,NA,NA,"",0,NO,NO,NO,NO,NO,NO,NO,NO,NO,NA,NA,NA,NA,NA,NA,NA,NA,NA,NA,NO,NO,NO,NO,NO,NO,"",0,NO,"",0,NA,NA,NA,NA,NA,NA,"","",0,NO FUE NUNCA,"",NO FUE NUNCA,"",NO FUE NUNCA,"",NO FUE NUNCA,"",NO FUE NUNCA,"",NO FUE NUNCA,"",NO FUE NUNCA,"",NO FUE NUNCA,"",NO FUE NUNCA,"",NO FUE NUNCA,"",NO FUE NUNCA,"",NO FUE NUNCA,"",NO FUE NUNCA,"",NO FUE NUNCA,"",NO FUE NUNCA,"",NO FUE NUNCA,"",NO FUE NUNCA,"",NO FUE NUNCA,"",NO FUE NUNCA,"",NO FUE NUNCA,"",7,4,0,2,SECUNDARIA INCOMPLETA,OTRO MIEMBRO DEL HOGAR,PRIMARIA COMPLETA,NO TRABAJA PERO RECIBE ALGN PLAN SOCIAL, ,"", ,"",NO,NO,NO,NO,NO,SI,PROPIA,NO,NO,NO,NO,NO,BARRIO CON VIVIENDAS DISTINTAS,BARRIO CON VIVIENDAS DISTINTAS,CASA,26,D2,0,0,0,300,300,5,0,0,0,120,120,2,0,30,0.5,0,30,0.5,0,0,0
78,78,9434,2017-12-05T00:00:00,NEA,Mujer,44,"LOS MODALES, EL BUEN COMPORTAMIENTO", ,NO,PORQUE NO LE GUSTA LA RADIO, ,SI,NA,NA,NA,,,0,0,NA,NA,NA,NA,NA,NA,NA,NA,NA,NA,NA,NA, ,1,SI,"", ,NA,ALGUNOS DIAS POR SEMANA,2,0,2,0,ALGUNOS DIAS POR SEMANA,NUNCA,NUNCA,ALGUNOS DIAS POR SEMANA,NUNCA,NUNCA,NUNCA,NUNCA,ALGUNOS DIAS POR SEMANA,NS/NC,NS/NC,NS/NC,HABITUALMENTE,NS/NC,HABITUALMENTE,NS/NC,NS/NC,NS/NC,NS/NC,NS/NC,NS/NC,NS/NC,NS/NC,10 canciones,SI,ALGUNOS DIAS POR SEMANA,NUNCA,PERSONAL PLAY MSICA,NA,NA,NA,NA,NA,NA, ,0,0,0,0,NO,PORQUE NO LE INTERESA, ,NO,NA,"",0,"",0,"",0,NO,0,NO,SI,"", ,NA,1,1,1,0,1,0,ALGUNOS DIAS POR SEMANA,4,4,100,100,"NO LEYO DIARIOS EN PANTALLA, SOLO EN PAPEL",NA,ALGUNOS DIAS POR SEMANA,NUNCA,NUNCA,PRINCIPALMENTE LEE EN PAPEL O POR INTERNET SU DIARIO O DIARIOS PREFERIDOS,NO,NO,NA,"",0,"",0,"",0,NA,NO,PORQUE NO TIENE TIEMPO, ,NO,"",0,"",0,"", ,"",0,"",0,NA,NA,"","","","","",NA,NA,NA,NA,NA,NA,NA,NA,NA,NA,NA,NA,NA,NA,NA,NA,SI,"",NA,5,0,5,0,TELEVISION SATELITAL,NA,VARIAS HORAS AL DIA,VARIAS HORAS AL DIA,NUNCA,NUNCA,NUNCA,TODOS O CASI TODOS LOS DIAS,NUNCA,HABITUALMENTE,NUNCA,2,NINGUNO,NINGUNO,SI,"", ,NA,NUNCA,TODOS O CASI TODOS LOS DIAS,TODOS O CASI TODOS LOS DIAS,TODOS O CASI TODOS LOS DIAS,TODOS O CASI TODOS LOS DIAS,TODOS O CASI TODOS LOS DIAS,TODOS O CASI TODOS LOS DIAS,TODOS O CASI TODOS LOS DIAS,TODOS O CASI TODOS LOS DIAS,NUNCA,NUNCA,NUNCA,NUNCA,0,0,0,NO,POR FALTA DE DINERO, ,NO,NA,"",0,"",0,NA, ,NA,NA,NA,NA,NA,NA,NA,NA,NA,NA,NA,NO,NA,"",0,"",0,"",0,NO,PORQUE NO LO PUEDE PAGAR, ,NO,NO,NA,NA,"",NA,"",0,NA,NA,NA,NA,,"",0,NO USA,NA,NA,NA,NA,NA,NA,NA,NA,NA,NA,NA,NA,NA,NA,NA,NA,NA,NA,NA,NA,NA,NA, ,NA,NA,NA,NA,NA,NA,NA,,,0,0,NA,NA,"","","","","","","","","","","",NINGUNA,NINGUNA,SI,3,SI,SI,600,600,0,NO,NA,,,0,0,NA,NA,NA,NA,"",0,NO,NO,SI,NO,NO,NO,NO,NO,NO,NO,NO,NO,SI,NO,NO,NO,NO,NO,NO,NO,NO,NO,NO,NO,NO,"",0,NO,"",0,NA,NA,NA,NA,NA,NA,"","",0,NO FUE NUNCA,"",NO FUE NUNCA,"",NO FUE NUNCA,"",NO FUE NUNCA,"",NO FUE NUNCA,"",NO FUE NUNCA,"",NO FUE NUNCA,"",NO FUE NUNCA,"",NO FUE NUNCA,"",NO FUE NUNCA,"",NO FUE NUNCA,"",NO FUE NUNCA,"",NO FUE NUNCA,"",NO FUE NUNCA,"",NO FUE NUNCA,"",NO FUE NUNCA,"",NO FUE NUNCA,"",NO FUE NUNCA,"",NO FUE NUNCA,"",NO FUE NUNCA,"",6,0,0,2,PRIMARIA COMPLETA,LA PERSONA QUE FUE ENTREVISTADA,"",ES JUBILADO/PENSIONADO, ,"",PENSION POR ENFERMEDAD,"OFICIO MENOR, OBRERO NO CALIFICADO/ SERVICIO DOMESTICO",SI,NO,NO,NO,NO,SI,PROPIA,SI,NO,NO,NO,NO,BARRIO CON VIVIENDAS DISTINTAS,BARRIO CON VIVIENDAS DISTINTAS,CASA,36,D2,0,0,0,120,120,2,60,60,1,300,300,5,0,0,0,0,0,0,0,0,0
79,79,4717,2017-11-05T00:00:00,NEA,Mujer,46,"LA TRADICION, LA HISTORIA", ,NO,PORQUE NO LE GUSTA LA RADIO, ,NO,NA,NA,NA,,,0,0,NA,NA,NA,NA,NA,NA,NA,NA,NA,NA,NA,NA, ,1,SI,"", ,NA,TODOS O CASI TODOS LOS DIAS,10,0,10,0,TODOS O CASI TODOS LOS DIAS,NUNCA,TODOS O CASI TODOS LOS DIAS,TODOS O CASI TODOS LOS DIAS,NUNCA,NUNCA,NUNCA,NUNCA,TODOS O CASI TODOS LOS DIAS,NUNCA,NUNCA,NUNCA,NUNCA,NUNCA,CASI NUNCA,NUNCA,NUNCA,NUNCA,NUNCA,NUNCA,NUNCA,NUNCA,NUNCA,10 canciones,NO,NA,NA,NA,NA,NA,NA,NA,NA,NA, ,"",0,0,0,NO,PORQUE NO LE INTERESA, ,NO,NA,"",0,"",0,"",0,NO,0,NO,NO,PORQUE NO LE INTERESAN LOS DIARIOS, ,NO,"",0,,,0,0,NA,"",0,"",0,NA,NA,NA,NA,NA,NA,NO,NO,NA,"",0,"",0,"",0,NA,SI,"", ,NA,3,3,0,0,"SE LO HABIA RECOMENDADO UN AMIGO, FAMILIAR O CONOCIDO", ,3,3,700,700,TODOS O CASI TODOS LOS DIAS,"NO LEYO LIBROS EN PANTALLA, SOLO EN PAPEL","","","","","",NUNCA,NUNCA,NUNCA,NUNCA,NUNCA,NUNCA,NUNCA,NUNCA,NUNCA,NUNCA,NUNCA,NUNCA,NUNCA,NUNCA,NUNCA,HABITUALMENTE,SI,"",NA,3,0,3,0,TELEVISION POR CABLE,NA,VARIAS HORAS AL DIA,UNA HORA O MENOS AL DIA,NUNCA,NUNCA,NUNCA,TODOS O CASI TODOS LOS DIAS,NUNCA,HABITUALMENTE,NUNCA,2,NINGUNO,NINGUNO,SI,"", ,NA,NUNCA,TODOS O CASI TODOS LOS DIAS,TODOS O CASI TODOS LOS DIAS,ALGUNOS DIAS POR SEMANA,ALGUNOS DIAS POR SEMANA,ALGUNOS DIAS POR SEMANA,ALGUNOS DIAS POR SEMANA,TODOS O CASI TODOS LOS DIAS,TODOS O CASI TODOS LOS DIAS,NUNCA,NUNCA,NUNCA,NUNCA,0,0,0,NO,PORQUE NO LE INTERESA, ,NO,NA,"",0,"",0,NA, ,NA,NA,NA,NA,NA,NA,NA,NA,NA,NA,NA,NO,NA,"",0,"",0,"",0,NO,NS/NC, ,NO,SI,SI,NA,"","NO, ES SOLO LO QUE PAGO DE INTERNET",350,350,TODOS O CASI TODOS LOS DAS,TODOS O CASI TODOS LOS DAS,NUNCA,NUNCA,20,NO USA,20,NO USA,NUNCA,NUNCA,NUNCA,NUNCA,NUNCA,NUNCA,NUNCA,NUNCA,NUNCA,NUNCA,SI,NO,NO,NO,NO,TODOS O CASI TODOS LOS DAS,NA,NA,NA,NA,NO,NA, ,NUNCA,NUNCA,NUNCA,NUNCA,NUNCA,NUNCA,NUNCA,4,0,4,0,"OBSERVA LOS CONTENIDOS, SIN HACER COMENTARIOS",NA,"","","","","","","","","","","",1,NINGUNA,NO,3,SI,NO,3500,3500,0,NO,NA,,,0,0,NA,NA,NA,NA,"",0,NO,NO,SI,NO,NO,NO,NO,NO,NO,NO,SI,NO,NO,NO,NO,NO,NO,NO,NO,SI,NO,NO,NO,NO,NO,"",0,NO,"",0,NA,NA,NA,NA,NA,NA,"","",0,NO FUE NUNCA,"",NO FUE NUNCA,"",NO FUE NUNCA,"",NO FUE NUNCA,"",VARIAS VECES EN EL ULTIMO AO,NS/NC,NO FUE NUNCA,"",NO FUE NUNCA,"",NO FUE NUNCA,"",NO FUE NUNCA,"",NO FUE NUNCA,"",NO FUE NUNCA,"",NO FUE NUNCA,"",NO FUE NUNCA,"",NO FUE NUNCA,"",NO FUE NUNCA,"",NO FUE NUNCA,"",NO FUE NUNCA,"",NO FUE NUNCA,"",NO FUE NUNCA,"",NO FUE NUNCA,"",5,2,0,3,SECUNDARIA INCOMPLETA,OTRO MIEMBRO DEL HOGAR,PRIMARIA COMPLETA,TRABAJA,ALBAIL,"OFICIO MENOR, OBRERO NO CALIFICADO/ SERVICIO DOMESTICO", ,"",NO,SI,SI,NO,NO,SI,PROPIA,NO,NO,NO,NO,NO,BARRIO CON VIVIENDAS DISTINTAS,BARRIO CON VIVIENDAS DISTINTAS,CASA,40,D1,0,0,0,600,600,10,0,0,0,180,180,3,1200,1200,20,240,240,4,0,0,0
80,80,4295,2017-12-05T00:00:00,NEA,Mujer,65,"LA TRADICION, LA HISTORIA", ,SI,"", ,NA,SI,TODOS O CASI TODOS LOS DIAS,FM,24,0,24,0,TODOS O CASI TODOS LOS DIAS,NUNCA,NUNCA,NUNCA,NUNCA,PROGRAMAS RELIGIOSOS,NA,NA,NA,NA,NA,NA, ,1,SI,"", ,NA,TODOS O CASI TODOS LOS DIAS,24,0,24,0,NUNCA,NUNCA,NUNCA,NUNCA,NUNCA,NUNCA,NUNCA,NUNCA,TODOS O CASI TODOS LOS DIAS,NUNCA,NUNCA,NUNCA,NUNCA,NUNCA,NUNCA,NUNCA,NUNCA,NUNCA,NUNCA,NUNCA,NUNCA,NUNCA,NUNCA,10 canciones,NO,NA,NA,NA,NA,NA,NA,NA,NA,NA, ,"",0,0,0,NO,PORQUE NO LE INTERESA, ,NO,NA,"",0,"",0,"",0,NO,0,NO,NO,PORQUE NO LE INTERESAN LOS DIARIOS, ,NO,"",0,,,0,0,NA,"",0,"",0,NA,NA,NA,NA,NA,NA,NO,NO,NA,"",0,"",0,"",0,NA,SI,"", ,NA,1,1,0,0,"SE LO HABIA RECOMENDADO UN PROFESOR, REFERENTE POLITICO, RELIGIOSO O ESPIRITUAL", ,0,0,0,0,TODOS O CASI TODOS LOS DIAS,"NO LEYO LIBROS EN PANTALLA, SOLO EN PAPEL","","","","","",NUNCA,NUNCA,NUNCA,NUNCA,NUNCA,NUNCA,NUNCA,NUNCA,NUNCA,NUNCA,NUNCA,NUNCA,NUNCA,NUNCA,NUNCA,HABITUALMENTE,SI,"",NA,2,0,2,0,TELEVISION SATELITAL,NA,UNA HORA O MENOS AL DIA,UNA HORA O MENOS AL DIA,NUNCA,NUNCA,NUNCA,TODOS O CASI TODOS LOS DIAS,NUNCA,HABITUALMENTE,NUNCA,1,NINGUNO,NINGUNO,SI,"", ,NA,NUNCA,NUNCA,ALGUNAS VECES AL MES,ALGUNAS VECES AL MES,ALGUNOS DIAS POR SEMANA,ALGUNOS DIAS POR SEMANA,ALGUNOS DIAS POR SEMANA,TODOS O CASI TODOS LOS DIAS,TODOS O CASI TODOS LOS DIAS,NUNCA,NUNCA,NUNCA,NUNCA,0,0,0,NO,POR FALTA DE TIEMPO, ,SI,NA,"",0,"",0,NA, ,NA,NA,NA,NA,NA,NA,NA,NA,NA,NA,NA,NO,NA,"",0,"",0,"",0,NO,PORQUE INTERNET ES CARO, ,NO,NO,NA,NA,"",NA,"",0,NA,NA,NA,NA,,"",0,NO USA,NA,NA,NA,NA,NA,NA,NA,NA,NA,NA,NA,NA,NA,NA,NA,NA,NA,NA,NA,NA,NA,NA, ,NA,NA,NA,NA,NA,NA,NA,,,0,0,NA,NA,"","","","","","","","","","","",NINGUNA,NINGUNA,NO,2,SI,SI,400,400,0,NO,NA,,,0,0,NA,NA,NA,NA,"",0,NO,SI,SI,NO,NO,NO,NO,NO,NO,NO,NO,NO,SI,NO,NO,NO,NO,NO,NO,NO,NO,NO,NO,NO,NO,"",0,NO,"",0,NA,NA,NA,NA,NA,NA,"","",0,NO FUE NUNCA,"",NO FUE NUNCA,"",NO FUE NUNCA,"",NO FUE NUNCA,"",NO FUE NUNCA,"",NO FUE NUNCA,"",NO FUE NUNCA,"",NO FUE NUNCA,"",NO FUE NUNCA,"",NO FUE NUNCA,"",NO FUE NUNCA,"",NO FUE NUNCA,"",NO FUE NUNCA,"",NO FUE NUNCA,"",NO FUE NUNCA,"",NO FUE NUNCA,"",NO FUE NUNCA,"",NO FUE NUNCA,"",NO FUE NUNCA,"",NO FUE NUNCA,"",5,2,1,2,PRIMARIA COMPLETA,LA PERSONA QUE FUE ENTREVISTADA,"",ES JUBILADO/PENSIONADO, ,"",AMA DE CASA,"OFICIO MENOR, OBRERO NO CALIFICADO/ SERVICIO DOMESTICO",SI,NO,NO,NO,NO,SI,PROPIA,SI,NO,NO,NO,NO,BARRIO CON VIVIENDAS DISTINTAS,BARRIO CON VIVIENDAS DISTINTAS,CASA,36,D2,1440,1440,24,1440,1440,24,0,0,0,120,120,2,0,0,0,0,0,0,0,0,0
81,81,2933,2017-05-19T00:00:00,NEA,Varn,13,"EL ARTE, LO CULTO", ,NO,PORQUE NO LE INTERESA, ,SI,NA,NA,NA,,,0,0,NA,NA,NA,NA,NA,NA,NA,NA,NA,NA,NA,NA, ,NS/NC,SI,"", ,NA,ALGUNOS DIAS POR SEMANA,1,0,1,0,NUNCA,NUNCA,ALGUNOS DIAS POR SEMANA,ALGUNOS DIAS POR SEMANA,NUNCA,NUNCA,NUNCA,NUNCA,NUNCA,NUNCA,NUNCA,NUNCA,NUNCA,NUNCA,NUNCA,NUNCA,NUNCA,NUNCA,DE VEZ EN CUANDO,NUNCA,NUNCA,NUNCA,NUNCA,NS/NC,NO,NA,NA,NA,NA,NA,NA,NA,NA,NA, ,"",0,0,0,NO,NO LE DAN PERMISO PARA IR, ,NO,NA,"",0,"",0,"",0,NO,0,NO,NO,PORQUE NO LE INTERESAN LOS DIARIOS, ,NO,"",0,,,0,0,NA,"",0,"",0,NA,NA,NA,NA,NA,NA,NO,NO,NA,"",0,"",0,"",0,NA,SI,"", ,NA,3,3,NS/NC,NS/NC,"SE LO HABIA RECOMENDADO UN PROFESOR, REFERENTE POLITICO, RELIGIOSO O ESPIRITUAL", ,3,3,NS/NC,NS/NC,ALGUNOS DIAS POR SEMANA,"NO LEYO LIBROS EN PANTALLA, SOLO EN PAPEL","","","","","",HABITUALMENTE,HABITUALMENTE,HABITUALMENTE,NUNCA,HABITUALMENTE,HABITUALMENTE,NUNCA,HABITUALMENTE,HABITUALMENTE,HABITUALMENTE,NUNCA,HABITUALMENTE,NUNCA,NUNCA,NUNCA,NUNCA,SI,"",NA,3,0,3,0,NS/NC,NA,NS/NC,VARIAS HORAS AL DIA,TODOS O CASI TODOS LOS DIAS,TODOS O CASI TODOS LOS DIAS,TODOS O CASI TODOS LOS DIAS,TODOS O CASI TODOS LOS DIAS,NUNCA,HABITUALMENTE,HABITUALMENTE,3,1,1,SI,"", ,NA,TODOS O CASI TODOS LOS DIAS,NUNCA,ALGUNAS VECES AL MES,ALGUNOS DIAS POR SEMANA,ALGUNOS DIAS POR SEMANA,TODOS O CASI TODOS LOS DIAS,NUNCA,NS/NC,TODOS O CASI TODOS LOS DIAS,TODOS O CASI TODOS LOS DIAS,NUNCA,TODOS O CASI TODOS LOS DIAS,TODOS O CASI TODOS LOS DIAS,NS/NC,0,0,SI,"", ,NA,ALGUNA VEZ CADA 3 MESES,2,2,0,0,LEYO O VIO UNA AVANCE O COMENTARIO EN LOS MEDIOS, ,HABITUALMENTE,HABITUALMENTE,HABITUALMENTE,HABITUALMENTE,HABITUALMENTE,HABITUALMENTE,DE VEZ EN CUANDO,NUNCA,NUNCA,CASI NUNCA,DE VEZ EN CUANDO,NO,NA,"",0,"",0,"",0,SI,"", ,NA,NA,SI,NA,"",NS/NC,NS/NC,NS/NC,TODOS O CASI TODOS LOS DAS,TODOS O CASI TODOS LOS DAS,TODOS O CASI TODOS LOS DAS,TODOS O CASI TODOS LOS DAS,3,30,3,30,NUNCA,ALGUNAS VECES AL MES,TODOS O CASI TODOS LOS DAS,NUNCA,TODOS O CASI TODOS LOS DAS,TODOS O CASI TODOS LOS DAS,NUNCA,NUNCA,NUNCA,NUNCA,NO,NO,NO,NO,NO,NA,NA,NA,NA,NA,NO,NA, ,NA,NA,NA,NA,NA,NA,NA,,,0,0,"OBSERVA LOS CONTENIDOS, SIN HACER COMENTARIOS",NA,"","","","","","","","","","","",3,1,SI,1,SI,NO,250,250,NS/NC,SI,ALGUNAS VECES AL MES,1,30,1,30,ALGUNAS VECES AL MES,NUNCA,NUNCA,NUNCA,0,0,NO,NO,NO,NO,NO,NO,NO,NO,NO,NA,NA,NA,NA,NA,NA,NA,NA,NA,NA,NO,NO,NO,NO,NO,NO,"",0,SI,2,2,UNA VEZ AL AO,UNA VEZ AL AO,NUNCA,NUNCA,NUNCA,NUNCA,FUE GRATUITO,0,0,1 VEZ EN EL ULTIMO AO,NS/NC,NO FUE NUNCA,"",NO FUE NUNCA,"",NO FUE NUNCA,"",NO FUE NUNCA,"",ENTRE 1 Y 5 AOS,"",NO FUE NUNCA,"",NO FUE NUNCA,"",NO FUE NUNCA,"",NO FUE NUNCA,"",NO FUE NUNCA,"",NO FUE NUNCA,"",NO FUE NUNCA,"",NO FUE NUNCA,"",NO FUE NUNCA,"",NO FUE NUNCA,"",NO FUE NUNCA,"",NO FUE NUNCA,"",NO FUE NUNCA,"",NO FUE NUNCA,"",4,2,0,4,SECUNDARIA INCOMPLETA,OTRO MIEMBRO DEL HOGAR,UNIVERSITARIO COMPLETO,TRABAJA,MEDICO,EJECUTIVO MEDIO DE EMPRESA/ PROFESIONAL INDEPENDIENTE/ FUNCI, ,"",SI,SI,NO,SI,SI,SI,PROPIA,SI,NO,NO,NO,NO,BARRIO CENTRICO CON PREDOMINIO DE CASAS,OTRO,CASA,89,C1,0,0,0,60,60,1,0,0,0,180,180,3,180,210,3.5,0,0,0,60,90,1.5
82,82,4464,2017-05-19T00:00:00,NEA,Varn,28,"LA FORMA DE PENSAR, IDEOLOGIA, VALORES", ,NO,NS/NC, ,NO,NA,NA,NA,,,0,0,NA,NA,NA,NA,NA,NA,NA,NA,NA,NA,NA,NA, ,0,SI,"", ,NA,TODOS O CASI TODOS LOS DIAS,8,0,8,0,NUNCA,TODOS O CASI TODOS LOS DIAS,TODOS O CASI TODOS LOS DIAS,TODOS O CASI TODOS LOS DIAS,NUNCA,NUNCA,NUNCA,NUNCA,ALGUNOS DIAS POR SEMANA,NUNCA,HABITUALMENTE,CASI NUNCA,NUNCA,NUNCA,CASI NUNCA,NUNCA,NUNCA,NUNCA,HABITUALMENTE,HABITUALMENTE,CASI NUNCA,NUNCA,NUNCA,1 cancin,SI,TODOS O CASI TODOS LOS DIAS,NUNCA,SPOTIFY,GOOGLE PLAY,YOUTUBE,NA,NA,NA,NA, ,450,0,0,0,SI,"", ,NA,TODOS O CASI TODOS LOS MESES,10,10,7,7,2000,2000,SI,1,SI,SI,"", ,NA,3,3,11,0,11,0,TODOS O CASI TODOS LOS DIAS,3,3,30,30,TODOS O CASI TODOS LOS DIAS,CELULAR,TODOS O CASI TODOS LOS DIAS,NUNCA,TODOS O CASI TODOS LOS DIAS,AMBAS POR IGUAL,SI,NA,TODOS O CASI TODOS LOS DIAS,2,2,0,0,300,300,TODOS O CASI TODOS LOS DIAS,SI,"", ,NA,8,8,0,0,"PORQUE LE GUSTO EL TITULO, LA PORTADA DEL LIBRO", ,15,15,1000,1000,ALGUNOS DIAS POR SEMANA,ALGUNA VEZ AL AO,COMPUTADORA,"","","",NO,NUNCA,HABITUALMENTE,NUNCA,NUNCA,HABITUALMENTE,HABITUALMENTE,NUNCA,NUNCA,NUNCA,NUNCA,NUNCA,HABITUALMENTE,HABITUALMENTE,NUNCA,HABITUALMENTE,NUNCA,SI,"",NA,3,0,3,0,"TELEVISION DIGITAL ABIERTA, CON DECODIFICADOR/ SINTONIZADOR",NA,NO MIRA,UNA HORA O MENOS AL DIA,NUNCA,ALGUNAS VECES AL MES,NUNCA,TODOS O CASI TODOS LOS DIAS,NUNCA,DE VEZ EN CUANDO,NUNCA,3,3,3,SI,"", ,NA,NUNCA,NUNCA,TODOS O CASI TODOS LOS DIAS,NUNCA,ALGUNOS DIAS POR SEMANA,TODOS O CASI TODOS LOS DIAS,ALGUNOS DIAS POR SEMANA,NUNCA,TODOS O CASI TODOS LOS DIAS,ALGUNOS DIAS POR SEMANA,ALGUNOS DIAS POR SEMANA,NUNCA,ALGUNOS DIAS POR SEMANA,5000,10,150,SI,"", ,NA,TODOS O CASI TODOS LOS MESES,4,4,1,1,VIO O ESCUCHO EN UNA PUBLICIDAD, ,HABITUALMENTE,HABITUALMENTE,HABITUALMENTE,NUNCA,NUNCA,CASI NUNCA,DE VEZ EN CUANDO,DE VEZ EN CUANDO,CASI NUNCA,DE VEZ EN CUANDO,DE VEZ EN CUANDO,SI,ALGUNA VEZ CADA 3 MESES,2,2,2,2,500,500,SI,"", ,NA,NA,SI,NA,"",INCLUYE CABLE,800,800,TODOS O CASI TODOS LOS DAS,TODOS O CASI TODOS LOS DAS,NUNCA,TODOS O CASI TODOS LOS DAS,10,5,10,5,TODOS O CASI TODOS LOS DAS,TODOS O CASI TODOS LOS DAS,TODOS O CASI TODOS LOS DAS,TODOS O CASI TODOS LOS DAS,ALGUNOS DIAS POR SEMANA,NUNCA,NUNCA,ALGUNAS VECES AL MES,NUNCA,TODOS O CASI TODOS LOS DAS,SI,SI,NO,SI,SI,TODOS O CASI TODOS LOS DAS,TODOS O CASI TODOS LOS DAS,NA,TODOS O CASI TODOS LOS DAS,ALGUNAS VECES AL MES,NO,NA, ,NUNCA,ALGUNAS VECES AL MES,ALGUNAS VECES AL MES,NUNCA,NUNCA,TODOS O CASI TODOS LOS DAS,ALGUNAS VECES AL MES,16,5,16,5,"OBSERVA LOS CONTENIDOS, SIN HACER COMENTARIOS",NA,"","","","","","","","","","","",5,NINGUNA,SI,2,SI,SI,600,600,4000,SI,TODOS O CASI TODOS LOS DIAS,2,0,2,0,TODOS O CASI TODOS LOS DIAS,TODOS O CASI TODOS LOS DIAS,NUNCA,NUNCA,150,150,SI,NO,NO,NO,NO,NO,NO,NO,NO,NO,NO,NO,NO,NO,NO,NO,NO,NO,NO,SI,NO,NO,NO,NO,NO,"",0,SI,1,1,UNA VEZ AL AO,UNA VEZ AL AO,UNA VEZ AL AO,UNA VEZ AL AO,UNA VEZ AL AO,NUNCA,FUE GRATUITO,0,0,1 VEZ EN EL ULTIMO AO,NS/NC,NO FUE NUNCA,"",VARIAS VECES EN EL ULTIMO AO,1000,HACE MAS DE 5 AOS,"",NO FUE NUNCA,"",ENTRE 1 Y 5 AOS,"",NO FUE NUNCA,"",NO FUE NUNCA,"",NO FUE NUNCA,"",1 VEZ EN EL ULTIMO AO,300,1 VEZ EN EL ULTIMO AO,2000,1 VEZ EN EL ULTIMO AO,5000,1 VEZ EN EL ULTIMO AO,0,1 VEZ EN EL ULTIMO AO,300,NO FUE NUNCA,"",NO FUE NUNCA,"",NO FUE NUNCA,"",ENTRE 1 Y 5 AOS,"",ENTRE 1 Y 5 AOS,"",1 VEZ EN EL ULTIMO AO,0,3,0,0,5,UNIVERSITARIO COMPLETO,OTRO MIEMBRO DEL HOGAR,POSGRADO INCOMPLETO O COMPLETO,TRABAJA,ARQUITECTA,EJECUTIVO MEDIO DE EMPRESA/ PROFESIONAL INDEPENDIENTE/ FUNCI, ,"",SI,SI,NO,SI,SI,SI,PROPIA,NO,NO,NO,NO,NO,BARRIO CENTRICO CON PREDOMINIO DE CASAS,OTRO,CASA,93,AB,0,0,0,480,480,8,660,660,11,180,180,3,600,605,10.08333333,960,965,16.08333333,120,120,2
83,83,3586,2017-05-19T00:00:00,NEA,Varn,40,"LA FORMA DE PENSAR, IDEOLOGIA, VALORES", ,SI,"", ,NA,SI,ALGUNAS VECES AL MES,FM,1,0,1,0,ALGUNA VEZ AL AO O MENOS,NUNCA,ALGUNAS VECES AL MES,ALGUNA VEZ CADA 3 MESES,NUNCA,MUSICALES,NA,NA,NA,NA,NA,NA, ,0,SI,"", ,NA,TODOS O CASI TODOS LOS DIAS,3,0,3,0,NUNCA,NUNCA,TODOS O CASI TODOS LOS DIAS,TODOS O CASI TODOS LOS DIAS,NUNCA,NUNCA,NUNCA,NUNCA,ALGUNOS DIAS POR SEMANA,CASI NUNCA,HABITUALMENTE,HABITUALMENTE,CASI NUNCA,DE VEZ EN CUANDO,DE VEZ EN CUANDO,DE VEZ EN CUANDO,CASI NUNCA,DE VEZ EN CUANDO,DE VEZ EN CUANDO,DE VEZ EN CUANDO,HABITUALMENTE,CASI NUNCA,CASI NUNCA,3 canciones,SI,ALGUNA VEZ CADA 3 MESES,ALGUNOS DIAS POR SEMANA,YOUTUBE,NA,NA,NA,NA,NA,NA, ,0,0,0,0,SI,"", ,NA,ALGUNA VEZ AL AO O MENOS,NS/NC,NS/NC,0,0,0,0,NO,0,NO,SI,"", ,NA,3,3,0,30,0,30,TODOS O CASI TODOS LOS DIAS,0,0,0,0,TODOS O CASI TODOS LOS DIAS,CELULAR,MENOS DE UNA VEZ POR MES,NUNCA,NUNCA,AMBAS POR IGUAL,NO,NO,NA,"",0,"",0,"",0,NA,SI,"", ,NA,1,1,0,0,"SE LO HABIA RECOMENDADO UN PROFESOR, REFERENTE POLITICO, RELIGIOSO O ESPIRITUAL", ,0,0,0,0,ALGUNAS VECES AL MES,TODOS O CASI TODOS LOS DIAS,COMPUTADORA,"","","",NO,CASI NUNCA,CASI NUNCA,CASI NUNCA,CASI NUNCA,CASI NUNCA,CASI NUNCA,CASI NUNCA,HABITUALMENTE,CASI NUNCA,CASI NUNCA,CASI NUNCA,CASI NUNCA,CASI NUNCA,CASI NUNCA,CASI NUNCA,CASI NUNCA,SI,"",NA,1,0,1,0,TELEVISION POR CABLE,NA,ALGUNA VEZ AL AO,ALGUNAS VECES POR SEMANA,NUNCA,NUNCA,NUNCA,ALGUNOS DIAS POR SEMANA,NUNCA,DE VEZ EN CUANDO,NUNCA,1,NINGUNO,NINGUNO,SI,"", ,NA,ALGUNA VEZ CADA 3 MESES,ALGUNOS DIAS POR SEMANA,ALGUNOS DIAS POR SEMANA,ALGUNAS VECES AL MES,ALGUNAS VECES AL MES,ALGUNOS DIAS POR SEMANA,ALGUNA VEZ CADA 3 MESES,NUNCA,ALGUNOS DIAS POR SEMANA,NUNCA,NUNCA,ALGUNOS DIAS POR SEMANA,ALGUNOS DIAS POR SEMANA,0,0,0,SI,"", ,NA,ALGUNA VEZ CADA 3 MESES,1,1,0,0,VIO O ESCUCHO EN UNA PUBLICIDAD, ,DE VEZ EN CUANDO,DE VEZ EN CUANDO,DE VEZ EN CUANDO,DE VEZ EN CUANDO,DE VEZ EN CUANDO,DE VEZ EN CUANDO,DE VEZ EN CUANDO,DE VEZ EN CUANDO,DE VEZ EN CUANDO,DE VEZ EN CUANDO,DE VEZ EN CUANDO,NO,NA,"",0,"",0,"",0,SI,"", ,NA,NA,SI,NA,"",INCLUYE CABLE,445,445,TODOS O CASI TODOS LOS DAS,TODOS O CASI TODOS LOS DAS,NUNCA,NUNCA,5,NO USA,5,NO USA,ALGUNOS DIAS POR SEMANA,ALGUNOS DIAS POR SEMANA,ALGUNOS DIAS POR SEMANA,ALGUNA VEZ AL AO O MENOS,ALGUNOS DIAS POR SEMANA,ALGUNOS DIAS POR SEMANA,ALGUNA VEZ AL AO O MENOS,ALGUNA VEZ AL AO O MENOS,NUNCA,ALGUNOS DIAS POR SEMANA,NO,NO,NO,NO,NO,NA,NA,NA,NA,NA,NO,NA, ,NA,NA,NA,NA,NA,NA,NA,,,0,0,NS/NC,NA,"","","","","","","","","","","",1,NINGUNA,NO,1,SI,NO,200,200,0,NO,NA,,,0,0,NA,NA,NA,NA,"",0,NO,NO,NO,NO,NO,NO,NO,NO,NO,NA,NA,NA,NA,NA,NA,NA,NA,NA,NA,NO,NO,NO,NO,NO,NO,"",0,NO,"",0,NA,NA,NA,NA,NA,NA,"","",0,NO FUE NUNCA,"",NO FUE NUNCA,"",NO FUE NUNCA,"",NO FUE NUNCA,"",NO FUE NUNCA,"",NO FUE NUNCA,"",NO FUE NUNCA,"",NO FUE NUNCA,"",NO FUE NUNCA,"",NO FUE NUNCA,"",NO FUE NUNCA,"",NO FUE NUNCA,"",NO FUE NUNCA,"",NO FUE NUNCA,"",ENTRE 1 Y 5 AOS,"",NO FUE NUNCA,"",NO FUE NUNCA,"",ENTRE 1 Y 5 AOS,"",NO FUE NUNCA,"",NO FUE NUNCA,"",2,0,0,4,UNIVERSITARIO COMPLETO,LA PERSONA QUE FUE ENTREVISTADA,"",TRABAJA,VETERINARIO,EJECUTIVO MEDIO DE EMPRESA/ PROFESIONAL INDEPENDIENTE/ FUNCI, ,"",SI,SI,NO,NO,NO,SI,ALQUILADA,NO,NO,NO,NO,NO,BARRIO CENTRICO CON PREDOMINIO DE CASAS,OTRO,CASA,77,C2,60,60,1,180,180,3,0,30,0.5,60,60,1,300,300,5,0,0,0,0,0,0
84,84,7172,2017-05-19T00:00:00,NEA,Varn,47,"HABITOS, COSTUMBRES, COMPORTAMIENTOS", ,NO,POR FALTA DE TIEMPO, ,SI,NA,NA,NA,,,0,0,NA,NA,NA,NA,NA,NA,NA,NA,NA,NA,NA,NA, ,1,SI,"", ,NA,ALGUNOS DIAS POR SEMANA,6,0,6,0,ALGUNOS DIAS POR SEMANA,ALGUNOS DIAS POR SEMANA,ALGUNA VEZ AL AO O MENOS,ALGUNA VEZ AL AO O MENOS,ALGUNA VEZ AL AO O MENOS,ALGUNA VEZ AL AO O MENOS,ALGUNA VEZ AL AO O MENOS,ALGUNA VEZ AL AO O MENOS,ALGUNA VEZ AL AO O MENOS,DE VEZ EN CUANDO,NUNCA,NUNCA,NUNCA,NUNCA,NUNCA,NUNCA,NUNCA,DE VEZ EN CUANDO,NUNCA,NUNCA,NUNCA,NUNCA,NUNCA,5 canciones,NO,NA,NA,NA,NA,NA,NA,NA,NA,NA, ,"",0,0,0,NO,PORQUE NO LE GUSTA IR A RECITALES, ,NO,NA,"",0,"",0,"",0,SI,1,SI,SI,"", ,NA,3,3,1,30,1,30,ALGUNOS DIAS POR SEMANA,1,1,25,25,TODOS O CASI TODOS LOS DIAS,CELULAR,ALGUNOS DIAS POR SEMANA,NUNCA,TODOS O CASI TODOS LOS DIAS,AMBAS POR IGUAL,NO,NO,NA,"",0,"",0,"",0,NA,SI,"", ,NA,10,10,6,6,"SE LO HABIA RECOMENDADO UN AMIGO, FAMILIAR O CONOCIDO", ,1,1,500,500,ALGUNAS VECES AL MES,ALGUNOS DIAS POR SEMANA,LECTOR DIGITAL DE LIBROS,TABLET,CELULAR,COMPUTADORA,SI,NUNCA,CASI NUNCA,NUNCA,DE VEZ EN CUANDO,NUNCA,DE VEZ EN CUANDO,NUNCA,HABITUALMENTE,NUNCA,NUNCA,NUNCA,HABITUALMENTE,HABITUALMENTE,NUNCA,HABITUALMENTE,NUNCA,SI,"",NA,0,30,0,30,"TELEVISION DIGITAL ABIERTA, CON DECODIFICADOR/ SINTONIZADOR",NA,UNA HORA O MENOS AL DIA,UNA HORA O MENOS AL DIA,NUNCA,NUNCA,NUNCA,ALGUNOS DIAS POR SEMANA,DE VEZ EN CUANDO,NUNCA,DE VEZ EN CUANDO,4,4,4,SI,"", ,NA,NUNCA,NUNCA,ALGUNAS VECES AL MES,ALGUNAS VECES AL MES,ALGUNAS VECES AL MES,ALGUNOS DIAS POR SEMANA,NUNCA,NUNCA,NUNCA,NUNCA,NUNCA,ALGUNOS DIAS POR SEMANA,ALGUNOS DIAS POR SEMANA,3000,0,0,NO,PORQUE NO LE GUSTA EL CINE, ,SI,NA,"",0,"",0,NA, ,NA,NA,NA,NA,NA,NA,NA,NA,NA,NA,NA,NO,NA,"",0,"",0,"",0,SI,"", ,NA,NA,SI,NA,"",INCLUYE TELFONO,1300,1300,TODOS O CASI TODOS LOS DAS,TODOS O CASI TODOS LOS DAS,ALGUNOS DIAS POR SEMANA,NUNCA,5,NO USA,5,NO USA,TODOS O CASI TODOS LOS DAS,TODOS O CASI TODOS LOS DAS,TODOS O CASI TODOS LOS DAS,TODOS O CASI TODOS LOS DAS,ALGUNOS DIAS POR SEMANA,TODOS O CASI TODOS LOS DAS,TODOS O CASI TODOS LOS DAS,ALGUNA VEZ CADA 3 MESES,NUNCA,ALGUNOS DIAS POR SEMANA,SI,NO,NO,NO,NO,ALGUNOS DIAS POR SEMANA,NA,NA,NA,NA,NO,NA, ,ALGUNOS DIAS POR SEMANA,NUNCA,NUNCA,NUNCA,NUNCA,NUNCA,ALGUNOS DIAS POR SEMANA,0,15,0,15,"COMENTA, COMPARTE, PARTICIPA Y/U OPINA FRENTE A CONTENIDOS",NA,"","","","","","","","","","","",3,2,SI,2,SI,SI,800,800,5600,NO,NA,,,0,0,NA,NA,NA,NA,"",0,NO,NO,NO,NO,SI,NO,NO,NO,NO,NO,NO,NO,SI,NO,NO,NO,NO,NO,NO,SI,NO,NO,NO,NO,NO,"",0,NO,"",0,NA,NA,NA,NA,NA,NA,"","",0,HACE MAS DE 5 AOS,"",NO FUE NUNCA,"",ENTRE 1 Y 5 AOS,"",HACE MAS DE 5 AOS,"",HACE MAS DE 5 AOS,"",ENTRE 1 Y 5 AOS,"",NO FUE NUNCA,"",HACE MAS DE 5 AOS,"",HACE MAS DE 5 AOS,"",ENTRE 1 Y 5 AOS,"",NO FUE NUNCA,"",ENTRE 1 Y 5 AOS,"",NO FUE NUNCA,"",ENTRE 1 Y 5 AOS,"",1 VEZ EN EL ULTIMO AO,350,NO FUE NUNCA,"",NO FUE NUNCA,"",ENTRE 1 Y 5 AOS,"",ENTRE 1 Y 5 AOS,"",ENTRE 1 Y 5 AOS,"",5,1,0,4,UNIVERSITARIO COMPLETO,LA PERSONA QUE FUE ENTREVISTADA,"",TRABAJA,ARQUITECTO,EJECUTIVO MEDIO DE EMPRESA/ PROFESIONAL INDEPENDIENTE/ FUNCI, ,"",SI,SI,NO,SI,SI,SI,OTRA SITUACIN,NO,NO,NO,NO,NO,BARRIO CENTRICO CON PREDOMINIO DE CASAS,OTRO,CASA,85,C1,0,0,0,360,360,6,60,90,1.5,0,30,0.5,300,300,5,0,15,0.25,0,0,0
85,85,4341,2017-05-19T00:00:00,NEA,Varn,71,"LA TRADICION, LA HISTORIA", ,SI,"", ,NA,SI,TODOS O CASI TODOS LOS DIAS,FM,4,0,4,0,TODOS O CASI TODOS LOS DIAS,NUNCA,TODOS O CASI TODOS LOS DIAS,TODOS O CASI TODOS LOS DIAS,NUNCA,MUSICALES,NA,NA,NA,NA,NA,NA, ,6,SI,"", ,NA,TODOS O CASI TODOS LOS DIAS,4,0,4,0,NUNCA,TODOS O CASI TODOS LOS DIAS,TODOS O CASI TODOS LOS DIAS,NUNCA,NUNCA,NUNCA,NUNCA,NUNCA,NUNCA,DE VEZ EN CUANDO,HABITUALMENTE,HABITUALMENTE,HABITUALMENTE,HABITUALMENTE,HABITUALMENTE,NUNCA,HABITUALMENTE,HABITUALMENTE,NUNCA,NUNCA,NUNCA,HABITUALMENTE,HABITUALMENTE,2 canciones,SI,TODOS O CASI TODOS LOS DIAS,ALGUNA VEZ CADA 3 MESES,YOUTUBE,NA,NA,NA,NA,NA,NA, ,0,0,0,0,SI,"", ,NA,ALGUNA VEZ CADA 3 MESES,3,3,3,3,200,200,SI,3,SI,NO,PORQUE NO LE INTERESAN LOS DIARIOS, ,SI,"",0,,,0,0,NA,"",0,"",0,NA,NA,NA,NA,NA,NA,NO,NO,NA,"",0,"",0,"",0,NA,SI,"", ,NA,15,15,10,10,POR GUSTO PERSONAL, ,20,20,12000,12000,TODOS O CASI TODOS LOS DIAS,"NO LEYO LIBROS EN PANTALLA, SOLO EN PAPEL","","","","","",DE VEZ EN CUANDO,DE VEZ EN CUANDO,HABITUALMENTE,HABITUALMENTE,NUNCA,HABITUALMENTE,NUNCA,HABITUALMENTE,DE VEZ EN CUANDO,NUNCA,NUNCA,HABITUALMENTE,HABITUALMENTE,NUNCA,HABITUALMENTE,HABITUALMENTE,SI,"",NA,2,0,2,0,TELEVISION POR CABLE,NA,NS/NC,VARIAS HORAS AL DIA,NUNCA,NUNCA,NUNCA,TODOS O CASI TODOS LOS DIAS,HABITUALMENTE,HABITUALMENTE,NUNCA,4,2,2,SI,"", ,NA,NUNCA,NUNCA,TODOS O CASI TODOS LOS DIAS,NUNCA,NUNCA,TODOS O CASI TODOS LOS DIAS,ALGUNOS DIAS POR SEMANA,TODOS O CASI TODOS LOS DIAS,TODOS O CASI TODOS LOS DIAS,TODOS O CASI TODOS LOS DIAS,NUNCA,TODOS O CASI TODOS LOS DIAS,NUNCA,1800,0,0,SI,"", ,NA,ALGUNA VEZ CADA 3 MESES,12,12,0,0,LEYO O VIO UNA AVANCE O COMENTARIO EN LOS MEDIOS, ,HABITUALMENTE,HABITUALMENTE,NUNCA,NUNCA,NUNCA,NUNCA,NUNCA,NUNCA,HABITUALMENTE,NUNCA,NUNCA,SI,ALGUNA VEZ AL AO O MENOS,1,1,1,1,300,300,SI,"", ,NA,NA,SI,NA,"",INCLUYE TELFONO Y CABLE,600,600,TODOS O CASI TODOS LOS DAS,NUNCA,NUNCA,NUNCA,1,15,1,15,TODOS O CASI TODOS LOS DAS,NUNCA,NUNCA,TODOS O CASI TODOS LOS DAS,NUNCA,NUNCA,ALGUNOS DIAS POR SEMANA,NUNCA,NUNCA,TODOS O CASI TODOS LOS DAS,SI,NO,NO,NO,NO,ALGUNAS VECES AL MES,NA,NA,NA,NA,NO,NA, ,NUNCA,NUNCA,NUNCA,NUNCA,NUNCA,NUNCA,NUNCA,1,0,1,0,"COMENTA, COMPARTE, PARTICIPA Y/U OPINA FRENTE A CONTENIDOS",NA,"","","","","","","","","","","",5,2,SI,4,SI,SI,1100,1100,0,NO,NA,,,0,0,NA,NA,NA,NA,"",0,SI,NO,NO,NO,SI,NO,NO,NO,NO,NO,NO,NO,NO,NO,NO,NO,NO,NO,NO,SI,NO,NO,NO,SI,NO,1600,1600,SI,20,20,NUNCA,NUNCA,NUNCA,NUNCA,VARIAS VECES AL AO,NUNCA,FUE GRATUITO,0,0,NO FUE NUNCA,"",NO FUE NUNCA,"",1 VEZ EN EL ULTIMO AO,1000,NO FUE NUNCA,"",NO FUE NUNCA,"",VARIAS VECES EN EL ULTIMO AO,600,NO FUE NUNCA,"",VARIAS VECES EN EL ULTIMO AO,0,NO FUE NUNCA,"",NO FUE NUNCA,"",VARIAS VECES EN EL ULTIMO AO,0,NO FUE NUNCA,"",VARIAS VECES EN EL ULTIMO AO,0,VARIAS VECES EN EL ULTIMO AO,0,NO FUE NUNCA,"",NO FUE NUNCA,"",NO FUE NUNCA,"",VARIAS VECES EN EL ULTIMO AO,0,VARIAS VECES EN EL ULTIMO AO,0,VARIAS VECES EN EL ULTIMO AO,2000,2,0,2,4,POSGRADO INCOMPLETO O COMPLETO,LA PERSONA QUE FUE ENTREVISTADA,"",TRABAJA,ABOGADO,EJECUTIVO MEDIO DE EMPRESA/ PROFESIONAL INDEPENDIENTE/ FUNCI, ,"",SI,SI,NO,SI,SI,SI,PROPIA,NO,NO,NO,NO,NO,BARRIO CENTRICO CON PREDOMINIO DE CASAS,OTRO,CASA,93,AB,240,240,4,240,240,4,0,0,0,120,120,2,60,75,1.25,60,60,1,0,0,0
86,86,6219,2017-05-19T00:00:00,NEA,Mujer,14,"HABITOS, COSTUMBRES, COMPORTAMIENTOS", ,NO,PORQUE NO LE GUSTA LA RADIO, ,NO,NA,NA,NA,,,0,0,NA,NA,NA,NA,NA,NA,NA,NA,NA,NA,NA,NA, ,1,NO,UTILIZA OTROS MEDIOS PARA ENTRETENERSE, ,NO,NA,,,0,0,NA,NA,NA,NA,NA,NA,NA,NA,NA,NA,NA,NA,NA,NA,NA,NA,NA,NA,NA,NA,NA,NA,NA,"",NA,NA,NA,NA,NA,NA,NA,NA,NA,NA, ,"",0,0,0,NO,PORQUE NO LE INTERESA, ,NO,NA,"",0,"",0,"",0,NO,0,NO,NO,PORQUE NO LE INTERESAN LOS DIARIOS, ,NO,"",0,,,0,0,NA,"",0,"",0,NA,NA,NA,NA,NA,NA,NO,NO,NA,"",0,"",0,"",0,NA,SI,"", ,NA,4,4,NS/NC,NS/NC,"SE LO HABIA RECOMENDADO UN PROFESOR, REFERENTE POLITICO, RELIGIOSO O ESPIRITUAL", ,1,1,NS/NC,NS/NC,ALGUNOS DIAS POR SEMANA,"NO LEYO LIBROS EN PANTALLA, SOLO EN PAPEL","","","","","",DE VEZ EN CUANDO,DE VEZ EN CUANDO,NUNCA,HABITUALMENTE,NUNCA,NUNCA,NUNCA,NUNCA,NUNCA,NUNCA,NUNCA,NUNCA,NUNCA,NUNCA,NUNCA,NUNCA,SI,"",NA,1,0,1,0,TELEVISION POR CABLE,NA,NO MIRA,UNA HORA O MENOS AL DIA,TODOS O CASI TODOS LOS DIAS,TODOS O CASI TODOS LOS DIAS,NUNCA,TODOS O CASI TODOS LOS DIAS,NUNCA,NUNCA,HABITUALMENTE,4,2,2,SI,"", ,NA,ALGUNAS VECES AL MES,ALGUNA VEZ CADA 3 MESES,ALGUNA VEZ CADA 3 MESES,ALGUNOS DIAS POR SEMANA,ALGUNOS DIAS POR SEMANA,ALGUNOS DIAS POR SEMANA,NUNCA,NUNCA,TODOS O CASI TODOS LOS DIAS,NUNCA,NUNCA,TODOS O CASI TODOS LOS DIAS,TODOS O CASI TODOS LOS DIAS,0,0,0,SI,"", ,NA,ALGUNA VEZ CADA 3 MESES,1,1,0,0,"SE LA RECOMENDO UN AMIGO, FAMILIAR O CONOCIDO", ,CASI NUNCA,HABITUALMENTE,NUNCA,HABITUALMENTE,HABITUALMENTE,DE VEZ EN CUANDO,HABITUALMENTE,NUNCA,NUNCA,NUNCA,DE VEZ EN CUANDO,NO,NA,"",0,"",0,"",0,SI,"", ,NA,NA,SI,NA,"",INCLUYE TELFONO,NS/NC,NS/NC,TODOS O CASI TODOS LOS DAS,TODOS O CASI TODOS LOS DAS,NUNCA,ALGUNOS DIAS POR SEMANA,5,NO USA,5,NO USA,NUNCA,ALGUNOS DIAS POR SEMANA,ALGUNOS DIAS POR SEMANA,NUNCA,TODOS O CASI TODOS LOS DAS,ALGUNOS DIAS POR SEMANA,NUNCA,NUNCA,NUNCA,NUNCA,NO,NO,NO,NO,NO,NA,NA,NA,NA,NA,NO,NA, ,NA,NA,NA,NA,NA,NA,NA,,,0,0,"OBSERVA LOS CONTENIDOS, SIN HACER COMENTARIOS",NA,"","","","","","","","","","","",3,NINGUNA,SI,1,SI,SI,300,300,0,NO,NA,,,0,0,NA,NA,NA,NA,"",0,NO,NO,NO,NO,NO,NO,NO,NO,NO,NA,NA,NA,NA,NA,NA,NA,NA,NA,NA,NO,NO,NO,SI,NO,NO,500,500,NO,"",0,NA,NA,NA,NA,NA,NA,"","",0,ENTRE 1 Y 5 AOS,"",NO FUE NUNCA,"",NO FUE NUNCA,"",NO FUE NUNCA,"",NO FUE NUNCA,"",1 VEZ EN EL ULTIMO AO,0,NO FUE NUNCA,"",NO FUE NUNCA,"",NO FUE NUNCA,"",NO FUE NUNCA,"",NO FUE NUNCA,"",NO FUE NUNCA,"",NO FUE NUNCA,"",NO FUE NUNCA,"",NO FUE NUNCA,"",NO FUE NUNCA,"",NO FUE NUNCA,"",NO FUE NUNCA,"",NO FUE NUNCA,"",NO FUE NUNCA,"",5,1,0,3,SECUNDARIA INCOMPLETA,OTRO MIEMBRO DEL HOGAR,POSGRADO INCOMPLETO O COMPLETO,TRABAJA,ABOGADO,EJECUTIVO MEDIO DE EMPRESA/ PROFESIONAL INDEPENDIENTE/ FUNCI, ,"",SI,SI,SI,NO,SI,SI,PROPIA,NO,NO,NO,NO,NO,BARRIO CENTRICO CON PREDOMINIO DE CASAS,OTRO,CASA,93,AB,0,0,0,0,0,0,0,0,0,60,60,1,300,300,5,0,0,0,0,0,0
87,87,4663,2017-05-19T00:00:00,NEA,Mujer,21,"LA TRADICION, LA HISTORIA", ,NO,PORQUE NO LE GUSTA LA RADIO, ,SI,NA,NA,NA,,,0,0,NA,NA,NA,NA,NA,NA,NA,NA,NA,NA,NA,NA, ,1,SI,"", ,NA,ALGUNOS DIAS POR SEMANA,3,0,3,0,NUNCA,NUNCA,ALGUNOS DIAS POR SEMANA,TODOS O CASI TODOS LOS DIAS,NUNCA,NUNCA,NUNCA,NUNCA,ALGUNOS DIAS POR SEMANA,NUNCA,NUNCA,NUNCA,NUNCA,NUNCA,NUNCA,NUNCA,CASI NUNCA,DE VEZ EN CUANDO,HABITUALMENTE,NUNCA,NUNCA,NUNCA,NUNCA,5 canciones,SI,ALGUNOS DIAS POR SEMANA,ALGUNA VEZ CADA 3 MESES,SPOTIFY,GOOGLE PLAY,YOUTUBE,APPLE MUSIC,CIENRADIOS,NA,NA, ,200,0,0,0,NO,PORQUE NO LE GUSTA IR A RECITALES, ,NO,NA,"",0,"",0,"",0,NO,0,NO,NO,PORQUE NO LE GUSTA LEER DIARIOS, ,NO,"",0,,,0,0,NA,"",0,"",0,NA,NA,NA,NA,NA,NA,NO,SI,NA,"",0,"",0,"",0,NA,SI,"", ,NA,10,10,6,6,"SE LO HABIA RECOMENDADO UN PROFESOR, REFERENTE POLITICO, RELIGIOSO O ESPIRITUAL", ,5,5,450,450,ALGUNOS DIAS POR SEMANA,ALGUNOS DIAS POR SEMANA,LECTOR DIGITAL DE LIBROS,CELULAR,COMPUTADORA,"",NO,HABITUALMENTE,HABITUALMENTE,CASI NUNCA,NUNCA,HABITUALMENTE,HABITUALMENTE,NUNCA,CASI NUNCA,NUNCA,NUNCA,NUNCA,DE VEZ EN CUANDO,NUNCA,NUNCA,CASI NUNCA,NUNCA,SI,"",NA,2,30,2,30,TELEVISION SATELITAL,NA,NO MIRA,UNA HORA O MENOS AL DIA,ALGUNOS DIAS POR SEMANA,NUNCA,NUNCA,TODOS O CASI TODOS LOS DIAS,NUNCA,HABITUALMENTE,HABITUALMENTE,6,3,3,SI,"", ,NA,ALGUNAS VECES AL MES,ALGUNOS DIAS POR SEMANA,ALGUNAS VECES AL MES,ALGUNAS VECES AL MES,ALGUNAS VECES AL MES,ALGUNOS DIAS POR SEMANA,TODOS O CASI TODOS LOS DIAS,NUNCA,TODOS O CASI TODOS LOS DIAS,TODOS O CASI TODOS LOS DIAS,NUNCA,TODOS O CASI TODOS LOS DIAS,TODOS O CASI TODOS LOS DIAS,600,0,0,SI,"", ,NA,ALGUNA VEZ CADA 3 MESES,2,2,0,0,SE ENTERO A TRAVES DE UNA PAGINA O BLOG DE INTERNET, ,NUNCA,DE VEZ EN CUANDO,NUNCA,DE VEZ EN CUANDO,CASI NUNCA,DE VEZ EN CUANDO,DE VEZ EN CUANDO,DE VEZ EN CUANDO,NUNCA,CASI NUNCA,CASI NUNCA,NO,NA,"",0,"",0,"",0,SI,"", ,NA,NA,SI,NA,"",INCLUYE TELFONO,NS/NC,NS/NC,TODOS O CASI TODOS LOS DAS,TODOS O CASI TODOS LOS DAS,ALGUNAS VECES AL MES,ALGUNOS DIAS POR SEMANA,6,30,6,30,ALGUNOS DIAS POR SEMANA,TODOS O CASI TODOS LOS DAS,TODOS O CASI TODOS LOS DAS,ALGUNOS DIAS POR SEMANA,TODOS O CASI TODOS LOS DAS,TODOS O CASI TODOS LOS DAS,ALGUNOS DIAS POR SEMANA,ALGUNA VEZ CADA 3 MESES,NUNCA,ALGUNA VEZ AL AO O MENOS,SI,SI,SI,SI,NO,TODOS O CASI TODOS LOS DAS,TODOS O CASI TODOS LOS DAS,ALGUNAS VECES AL MES,ALGUNAS VECES AL MES,NA,NO,NA, ,ALGUNAS VECES AL MES,ALGUNAS VECES AL MES,ALGUNA VEZ CADA 3 MESES,NUNCA,NUNCA,TODOS O CASI TODOS LOS DAS,NUNCA,3,0,3,0,"COMENTA, COMPARTE, PARTICIPA Y/U OPINA FRENTE A CONTENIDOS",NA,"","","","","","","","","","","",4,1,SI,1,SI,SI,560,560,4000,NO,NA,,,0,0,NA,NA,NA,NA,"",0,NO,NO,NO,NO,NO,NO,NO,NO,NO,NA,NA,NA,NA,NA,NA,NA,NA,NA,NA,NO,NO,NO,NO,NO,NO,"",0,NO,"",0,NA,NA,NA,NA,NA,NA,"","",0,HACE MAS DE 5 AOS,"",NO FUE NUNCA,"",NO FUE NUNCA,"",NO FUE NUNCA,"",HACE MAS DE 5 AOS,"",1 VEZ EN EL ULTIMO AO,0,NO FUE NUNCA,"",NO FUE NUNCA,"",NO FUE NUNCA,"",NO FUE NUNCA,"",NO FUE NUNCA,"",NO FUE NUNCA,"",NO FUE NUNCA,"",NO FUE NUNCA,"",VARIAS VECES EN EL ULTIMO AO,500,NO FUE NUNCA,"",NO FUE NUNCA,"",ENTRE 1 Y 5 AOS,"",ENTRE 1 Y 5 AOS,"",ENTRE 1 Y 5 AOS,"",5,2,0,4,TERCIARIO INCOMPLETO,OTRO MIEMBRO DEL HOGAR,SECUNDARIA COMPLETA,TRABAJA,DUEO DE UN COMERCIO,TECNICO ESPECIALIZADO. COMERCIANTE. SUPERVISOR / JEFE / CAP, ,"",SI,SI,NO,SI,SI,SI,PROPIA,SI,NO,NO,NO,NO,BARRIO CENTRICO CON PREDOMINIO DE CASAS,OTRO,CASA,72,C2,0,0,0,180,180,3,0,0,0,120,150,2.5,360,390,6.5,180,180,3,0,0,0
88,88,3766,2017-05-19T00:00:00,NEA,Mujer,41,"INFORMACION, ESTUDIAR, CONOCER", ,NO,PORQUE NO LE GUSTA LA RADIO, ,NO,NA,NA,NA,,,0,0,NA,NA,NA,NA,NA,NA,NA,NA,NA,NA,NA,NA, ,0,SI,"", ,NA,TODOS O CASI TODOS LOS DIAS,1,0,1,0,NUNCA,TODOS O CASI TODOS LOS DIAS,NUNCA,ALGUNOS DIAS POR SEMANA,NUNCA,NUNCA,NUNCA,NUNCA,NUNCA,NUNCA,CASI NUNCA,HABITUALMENTE,NUNCA,NUNCA,HABITUALMENTE,HABITUALMENTE,NUNCA,CASI NUNCA,CASI NUNCA,CASI NUNCA,HABITUALMENTE,NUNCA,CASI NUNCA,NS/NC,SI,TODOS O CASI TODOS LOS DIAS,NUNCA,SPOTIFY,NA,NA,NA,NA,NA,NA, ,80,0,0,0,NO,PORQUE NO LE GUSTA IR A RECITALES, ,SI,NA,"",0,"",0,"",0,NO,0,NO,SI,"", ,NA,1,1,0,30,0,30,ALGUNA VEZ AL AO,0,0,0,0,ALGUNA VEZ AL AO,NS/NC,MENOS DE UNA VEZ POR MES,MENOS DE UNA VEZ POR MES,MENOS DE UNA VEZ POR MES,AMBAS POR IGUAL,NO,SI,NA,"",0,"",0,"",0,NA,SI,"", ,NA,2,2,1,1,"SE LO HABIA RECOMENDADO UN AMIGO, FAMILIAR O CONOCIDO", ,1,1,375,375,ALGUNA VEZ AL AO,"NO LEYO LIBROS EN PANTALLA, SOLO EN PAPEL","","","","","",NUNCA,NUNCA,NUNCA,NUNCA,NUNCA,NUNCA,NUNCA,HABITUALMENTE,NUNCA,NUNCA,HABITUALMENTE,NUNCA,NUNCA,NUNCA,HABITUALMENTE,NUNCA,SI,"",NA,1,0,1,0,"TELEVISION DIGITAL ABIERTA, CON DECODIFICADOR/ SINTONIZADOR",NA,NO MIRA,UNA HORA O MENOS AL DIA,NUNCA,NUNCA,NUNCA,ALGUNOS DIAS POR SEMANA,NUNCA,HABITUALMENTE,DE VEZ EN CUANDO,1,1,1,SI,"", ,NA,NUNCA,ALGUNAS VECES AL MES,ALGUNAS VECES AL MES,ALGUNAS VECES AL MES,ALGUNAS VECES AL MES,ALGUNOS DIAS POR SEMANA,TODOS O CASI TODOS LOS DIAS,ALGUNAS VECES AL MES,NUNCA,TODOS O CASI TODOS LOS DIAS,NUNCA,ALGUNAS VECES AL MES,ALGUNAS VECES AL MES,0,0,0,SI,"", ,NA,ALGUNA VEZ AL AO O MENOS,2,2,2,2,"NO TENIA DECIDIDO IR A VERLA, LA ELIGIO EN EL MOMENTO", ,DE VEZ EN CUANDO,CASI NUNCA,DE VEZ EN CUANDO,DE VEZ EN CUANDO,DE VEZ EN CUANDO,DE VEZ EN CUANDO,CASI NUNCA,NUNCA,NUNCA,NUNCA,NUNCA,NO,NA,"",0,"",0,"",0,SI,"", ,NA,NA,SI,NA,"",INCLUYE CABLE,1000,1000,TODOS O CASI TODOS LOS DAS,TODOS O CASI TODOS LOS DAS,NUNCA,TODOS O CASI TODOS LOS DAS,24,NO USA,24,NO USA,TODOS O CASI TODOS LOS DAS,TODOS O CASI TODOS LOS DAS,TODOS O CASI TODOS LOS DAS,TODOS O CASI TODOS LOS DAS,TODOS O CASI TODOS LOS DAS,TODOS O CASI TODOS LOS DAS,TODOS O CASI TODOS LOS DAS,TODOS O CASI TODOS LOS DAS,TODOS O CASI TODOS LOS DAS,TODOS O CASI TODOS LOS DAS,SI,SI,NO,NO,NO,TODOS O CASI TODOS LOS DAS,TODOS O CASI TODOS LOS DAS,NA,NA,NA,NO,NA, ,ALGUNOS DIAS POR SEMANA,ALGUNOS DIAS POR SEMANA,ALGUNAS VECES AL MES,ALGUNA VEZ CADA 3 MESES,ALGUNA VEZ CADA 3 MESES,TODOS O CASI TODOS LOS DAS,ALGUNA VEZ CADA 3 MESES,20,0,20,0,"OBSERVA LOS CONTENIDOS, SIN HACER COMENTARIOS",NA,"","","","","","","","","","","",NINGUNA,NINGUNA,NO,1,SI,SI,700,700,0,NO,NA,,,0,0,NA,NA,NA,NA,"",0,NO,NO,NO,NO,NO,NO,NO,NO,NO,NA,NA,NA,NA,NA,NA,NA,NA,NA,NA,SI,NO,NO,NO,NO,NO,"",0,SI,1,1,NUNCA,NUNCA,NUNCA,UNA VEZ AL AO,NUNCA,NUNCA,TUVO QUE PAGAR ENTRADA,350,350,HACE MAS DE 5 AOS,"",NO FUE NUNCA,"",ENTRE 1 Y 5 AOS,"",ENTRE 1 Y 5 AOS,"",NO FUE NUNCA,"",HACE MAS DE 5 AOS,"",NO FUE NUNCA,"",ENTRE 1 Y 5 AOS,"",ENTRE 1 Y 5 AOS,"",ENTRE 1 Y 5 AOS,"",ENTRE 1 Y 5 AOS,"",ENTRE 1 Y 5 AOS,"",HACE MAS DE 5 AOS,"",NO FUE NUNCA,"",HACE MAS DE 5 AOS,"",NO FUE NUNCA,"",NO FUE NUNCA,"",ENTRE 1 Y 5 AOS,"",ENTRE 1 Y 5 AOS,"",ENTRE 1 Y 5 AOS,"",2,0,0,1,SECUNDARIA COMPLETA,OTRO MIEMBRO DEL HOGAR,UNIVERSITARIO COMPLETO,TRABAJA,CRIA DE GANADO,TECNICO ESPECIALIZADO. COMERCIANTE. SUPERVISOR / JEFE / CAP, ,"",SI,SI,SI,NO,SI,SI,ALQUILADA,NO,NO,NO,NO,NO,BARRIO CENTRICO CON PREDOMINIO DE EDIFICIOS DE DEPARTAMENTO,BARRIO CENTRICO CON PREDOMINIO DE EDIFICIOS DE DEPARTAMENTO,CASA,82,C2,0,0,0,60,60,1,0,30,0.5,60,60,1,1440,1440,24,1200,1200,20,0,0,0
89,89,3766,2017-05-19T00:00:00,NEA,Mujer,45,LA IDENTIDAD, ,NO,PORQUE NO LE GUSTA LA RADIO, ,SI,NA,NA,NA,,,0,0,NA,NA,NA,NA,NA,NA,NA,NA,NA,NA,NA,NA, ,2,SI,"", ,NA,ALGUNOS DIAS POR SEMANA,2,0,2,0,NUNCA,TODOS O CASI TODOS LOS DIAS,NUNCA,NUNCA,NUNCA,NUNCA,NUNCA,NUNCA,NUNCA,NUNCA,NUNCA,NUNCA,NUNCA,NUNCA,NUNCA,NUNCA,NUNCA,NUNCA,HABITUALMENTE,NUNCA,NUNCA,NUNCA,NUNCA,6 canciones,NO,NA,NA,NA,NA,NA,NA,NA,NA,NA, ,"",0,0,0,NO,PORQUE NO LE GUSTA IR A RECITALES, ,NO,NA,"",0,"",0,"",0,NO,0,NO,NO,NS/NC, ,SI,"",0,,,0,0,NA,"",0,"",0,NA,NA,NA,NA,NA,NA,SI,NA,ALGUNOS DIAS POR SEMANA,1,1,1,1,70,70,"NO LEYO REVISTAS EN PANTALLA, SOLO EN PAPEL",SI,"", ,NA,6,6,2,2,POR GUSTO PERSONAL, ,0,0,0,0,ALGUNOS DIAS POR SEMANA,ALGUNOS DIAS POR SEMANA,COMPUTADORA,"","","",SI,DE VEZ EN CUANDO,DE VEZ EN CUANDO,DE VEZ EN CUANDO,DE VEZ EN CUANDO,DE VEZ EN CUANDO,DE VEZ EN CUANDO,NUNCA,DE VEZ EN CUANDO,NUNCA,NUNCA,DE VEZ EN CUANDO,DE VEZ EN CUANDO,NUNCA,DE VEZ EN CUANDO,DE VEZ EN CUANDO,NUNCA,SI,"",NA,2,0,2,0,TELEVISION POR CABLE,NA,ALGUNAS VECES POR SEMANA,VARIAS HORAS AL DIA,NUNCA,NUNCA,NUNCA,TODOS O CASI TODOS LOS DIAS,DE VEZ EN CUANDO,DE VEZ EN CUANDO,DE VEZ EN CUANDO,2,2,2,SI,"", ,NA,NUNCA,NUNCA,NUNCA,NUNCA,NUNCA,ALGUNOS DIAS POR SEMANA,ALGUNOS DIAS POR SEMANA,NUNCA,ALGUNOS DIAS POR SEMANA,ALGUNOS DIAS POR SEMANA,ALGUNA VEZ CADA 3 MESES,ALGUNOS DIAS POR SEMANA,ALGUNOS DIAS POR SEMANA,5000,2,300,SI,"", ,NA,ALGUNA VEZ CADA 3 MESES,2,2,0,0,"SE LA RECOMENDO UN AMIGO, FAMILIAR O CONOCIDO", ,CASI NUNCA,CASI NUNCA,CASI NUNCA,DE VEZ EN CUANDO,CASI NUNCA,DE VEZ EN CUANDO,CASI NUNCA,CASI NUNCA,CASI NUNCA,CASI NUNCA,CASI NUNCA,SI,ALGUNA VEZ AL AO O MENOS,1,1,1,1,500,500,SI,"", ,NA,NA,SI,NA,"",INCLUYE TELFONO,1700,1700,TODOS O CASI TODOS LOS DAS,TODOS O CASI TODOS LOS DAS,NUNCA,NUNCA,3,NO USA,3,NO USA,ALGUNOS DIAS POR SEMANA,ALGUNOS DIAS POR SEMANA,ALGUNOS DIAS POR SEMANA,ALGUNAS VECES AL MES,ALGUNOS DIAS POR SEMANA,NUNCA,NUNCA,ALGUNA VEZ CADA 3 MESES,NUNCA,ALGUNA VEZ AL AO O MENOS,SI,SI,NO,NO,NO,TODOS O CASI TODOS LOS DAS,TODOS O CASI TODOS LOS DAS,NA,NA,NA,NO,NA, ,NUNCA,NUNCA,NUNCA,NUNCA,NUNCA,TODOS O CASI TODOS LOS DAS,NUNCA,0,30,0,30,"OBSERVA LOS CONTENIDOS, SIN HACER COMENTARIOS",NA,"","","","","","","","","","","",2,NINGUNA,SI,1,SI,SI,450,450,0,NO,NA,,,0,0,NA,NA,NA,NA,"",0,NO,NO,NO,NO,NO,NO,NO,NO,NO,NA,NA,NA,NA,NA,NA,NA,NA,NA,NA,NO,NO,NO,SI,NO,NO,2500,2500,NO,"",0,NA,NA,NA,NA,NA,NA,"","",0,ENTRE 1 Y 5 AOS,"",NO FUE NUNCA,"",NO FUE NUNCA,"",NO FUE NUNCA,"",ENTRE 1 Y 5 AOS,"",ENTRE 1 Y 5 AOS,"",NO FUE NUNCA,"",HACE MAS DE 5 AOS,"",HACE MAS DE 5 AOS,"",HACE MAS DE 5 AOS,"",NO FUE NUNCA,"",NO FUE NUNCA,"",NO FUE NUNCA,"",HACE MAS DE 5 AOS,"",VARIAS VECES EN EL ULTIMO AO,700,NO FUE NUNCA,"",NO FUE NUNCA,"",VARIAS VECES EN EL ULTIMO AO,100,ENTRE 1 Y 5 AOS,"",ENTRE 1 Y 5 AOS,"",2,0,1,4,TERCIARIO COMPLETO,LA PERSONA QUE FUE ENTREVISTADA,"",TRABAJA,DIRECTORA DE UN COLEGIO,EJECUTIVO MEDIO DE EMPRESA/ PROFESIONAL INDEPENDIENTE/ FUNCI, ,"",SI,SI,SI,NO,SI,SI,PROPIA,SI,SI,SI,NO,NO,BARRIO CENTRICO CON PREDOMINIO DE CASAS,OTRO,CASA,89,C1,0,0,0,120,120,2,0,0,0,120,120,2,180,180,3,0,30,0.5,0,0,0
90,90,4902,2017-05-19T00:00:00,NEA,Mujer,62,"LA TRADICION, LA HISTORIA", ,SI,"", ,NA,NO,ALGUNOS DIAS POR SEMANA,FM,1,30,1,30,ALGUNOS DIAS POR SEMANA,NUNCA,NUNCA,NUNCA,NUNCA,INFORMATIVOS / NOTICIEROS,NA,NA,NA,NA,NA,NA, ,1,SI,"", ,NA,ALGUNA VEZ CADA 3 MESES,0,30,0,30,NUNCA,NUNCA,ALGUNA VEZ AL AO O MENOS,NUNCA,NUNCA,NUNCA,NUNCA,NUNCA,NUNCA,CASI NUNCA,NUNCA,CASI NUNCA,NUNCA,NUNCA,NUNCA,NUNCA,NUNCA,DE VEZ EN CUANDO,NUNCA,NUNCA,NUNCA,NUNCA,CASI NUNCA,5 canciones,NO,NA,NA,NA,NA,NA,NA,NA,NA,NA, ,"",0,0,0,NO,PORQUE NO TIENE CON QUIEN IR, ,NO,NA,"",0,"",0,"",0,NO,0,NO,SI,"", ,NA,5,5,1,0,1,0,TODOS O CASI TODOS LOS DIAS,1,1,20,20,TODOS O CASI TODOS LOS DIAS,COMPUTADORA,ALGUNAS VECES AL MES,NUNCA,NUNCA,PRINCIPALMENTE LEE EN PAPEL O POR INTERNET SU DIARIO O DIARIOS PREFERIDOS,NO,NO,NA,"",0,"",0,"",0,NA,NO,PORQUE NO LE INTERESA, ,NO,"",0,"",0,"", ,"",0,"",0,NA,NA,"","","","","",NA,NA,NA,NA,NA,NA,NA,NA,NA,NA,NA,NA,NA,NA,NA,NA,SI,"",NA,2,0,2,0,TELEVISION POR CABLE,NA,ALGUNA VEZ AL AO,VARIAS HORAS AL DIA,NUNCA,NUNCA,NUNCA,TODOS O CASI TODOS LOS DIAS,NUNCA,HABITUALMENTE,NUNCA,4,1,1,SI,"", ,NA,NUNCA,NUNCA,ALGUNA VEZ CADA 3 MESES,ALGUNA VEZ CADA 3 MESES,ALGUNA VEZ CADA 3 MESES,ALGUNAS VECES AL MES,ALGUNOS DIAS POR SEMANA,NUNCA,ALGUNOS DIAS POR SEMANA,ALGUNA VEZ AL AO,NUNCA,NUNCA,NUNCA,0,0,0,NO,PORQUE NO TENGO NINGUNO CERCA, ,SI,NA,"",0,"",0,NA, ,NA,NA,NA,NA,NA,NA,NA,NA,NA,NA,NA,NO,NA,"",0,"",0,"",0,SI,"", ,NA,NA,SI,NA,"","NO, ES SOLO LO QUE PAGO DE INTERNET",500,500,TODOS O CASI TODOS LOS DAS,TODOS O CASI TODOS LOS DAS,NUNCA,NUNCA,10,NO USA,10,NO USA,NUNCA,ALGUNOS DIAS POR SEMANA,NUNCA,ALGUNOS DIAS POR SEMANA,NUNCA,NUNCA,NUNCA,NUNCA,NUNCA,ALGUNOS DIAS POR SEMANA,NO,NO,NO,NO,NO,NA,NA,NA,NA,NA,NO,NA, ,NA,NA,NA,NA,NA,NA,NA,,,0,0,"OBSERVA LOS CONTENIDOS, SIN HACER COMENTARIOS",NA,"","","","","","","","","","","",1,NINGUNA,SI,1,SI,SI,300,300,0,NO,NA,,,0,0,NA,NA,NA,NA,"",0,NO,NO,NO,NO,NO,NO,NO,NO,NO,NA,NA,NA,NA,NA,NA,NA,NA,NA,NA,NO,NO,NO,NO,NO,NO,"",0,NO,"",0,NA,NA,NA,NA,NA,NA,"","",0,HACE MAS DE 5 AOS,"",NO FUE NUNCA,"",HACE MAS DE 5 AOS,"",HACE MAS DE 5 AOS,"",NO FUE NUNCA,"",NO FUE NUNCA,"",NO FUE NUNCA,"",NO FUE NUNCA,"",NO FUE NUNCA,"",NO FUE NUNCA,"",NO FUE NUNCA,"",NO FUE NUNCA,"",NO FUE NUNCA,"",NO FUE NUNCA,"",NO FUE NUNCA,"",NO FUE NUNCA,"",NO FUE NUNCA,"",HACE MAS DE 5 AOS,"",NO FUE NUNCA,"",NO FUE NUNCA,"",3,0,0,2,TERCIARIO COMPLETO,LA PERSONA QUE FUE ENTREVISTADA,"",TRABAJA,ATENCION AL PUBLICO,"OFICIO MENOR, OBRERO NO CALIFICADO/ SERVICIO DOMESTICO", ,"",SI,SI,NO,NO,SI,SI,PROPIA,NO,NO,NO,NO,NO,BARRIO CENTRICO CON PREDOMINIO DE CASAS,OTRO,CASA,70,C2,60,90,1.5,0,30,0.5,60,60,1,120,120,2,600,600,10,0,0,0,0,0,0
91,91,4911,2017-05-22T00:00:00,NEA,Varn,17,"LA TRADICION, LA HISTORIA", ,SI,"", ,NA,NO,ALGUNOS DIAS POR SEMANA,FM,0,15,0,15,ALGUNAS VECES AL MES,ALGUNOS DIAS POR SEMANA,NUNCA,NUNCA,NUNCA,INFORMATIVOS / NOTICIEROS,MUSICALES,NA,NA,NA,NA,NA, ,1,SI,"", ,NA,TODOS O CASI TODOS LOS DIAS,1,30,1,30,ALGUNA VEZ AL AO O MENOS,ALGUNOS DIAS POR SEMANA,ALGUNAS VECES AL MES,TODOS O CASI TODOS LOS DIAS,NUNCA,NUNCA,NUNCA,NUNCA,ALGUNOS DIAS POR SEMANA,NUNCA,CASI NUNCA,CASI NUNCA,NUNCA,NUNCA,DE VEZ EN CUANDO,DE VEZ EN CUANDO,CASI NUNCA,CASI NUNCA,DE VEZ EN CUANDO,CASI NUNCA,DE VEZ EN CUANDO,NUNCA,DE VEZ EN CUANDO,3 canciones,SI,ALGUNOS DIAS POR SEMANA,ALGUNOS DIAS POR SEMANA,SPOTIFY,GOOGLE PLAY,YOUTUBE,NA,NA,NA,NA, ,0,0,0,0,NO,PORQUE NO LE INTERESA, ,NO,NA,"",0,"",0,"",0,NO,0,NO,NO,PORQUE NO LE GUSTA LEER DIARIOS, ,NO,"",0,,,0,0,NA,"",0,"",0,NA,NA,NA,NA,NA,NA,NO,NO,NA,"",0,"",0,"",0,NA,SI,"", ,NA,5,5,3,3,"SE LO HABIA RECOMENDADO UN PROFESOR, REFERENTE POLITICO, RELIGIOSO O ESPIRITUAL", ,2,2,400,400,ALGUNOS DIAS POR SEMANA,ALGUNOS DIAS POR SEMANA,CELULAR,COMPUTADORA,"","",NO,NUNCA,NUNCA,NUNCA,NUNCA,HABITUALMENTE,NUNCA,NUNCA,DE VEZ EN CUANDO,NUNCA,NUNCA,NUNCA,DE VEZ EN CUANDO,NUNCA,NUNCA,DE VEZ EN CUANDO,NUNCA,SI,"",NA,2,30,2,30,TELEVISION SATELITAL,NA,ALGUNAS VECES AL MES,VARIAS HORAS AL DIA,NUNCA,NUNCA,NUNCA,TODOS O CASI TODOS LOS DIAS,NUNCA,NUNCA,HABITUALMENTE,4,NINGUNO,NINGUNO,SI,"", ,NA,ALGUNA VEZ AL AO,ALGUNOS DIAS POR SEMANA,ALGUNAS VECES AL MES,ALGUNOS DIAS POR SEMANA,ALGUNAS VECES AL MES,ALGUNOS DIAS POR SEMANA,NUNCA,NUNCA,ALGUNAS VECES AL MES,NUNCA,NUNCA,ALGUNOS DIAS POR SEMANA,ALGUNOS DIAS POR SEMANA,0,0,0,SI,"", ,NA,ALGUNA VEZ CADA 3 MESES,3,3,0,0,LEYO O VIO UNA AVANCE O COMENTARIO EN LOS MEDIOS, ,HABITUALMENTE,HABITUALMENTE,HABITUALMENTE,HABITUALMENTE,HABITUALMENTE,HABITUALMENTE,DE VEZ EN CUANDO,CASI NUNCA,CASI NUNCA,CASI NUNCA,CASI NUNCA,NO,NA,"",0,"",0,"",0,SI,"", ,NA,NA,SI,NA,"",NS/NC,NS/NC,NS/NC,TODOS O CASI TODOS LOS DAS,TODOS O CASI TODOS LOS DAS,NUNCA,TODOS O CASI TODOS LOS DAS,12,NO USA,12,NO USA,ALGUNAS VECES AL MES,ALGUNOS DIAS POR SEMANA,TODOS O CASI TODOS LOS DAS,ALGUNOS DIAS POR SEMANA,TODOS O CASI TODOS LOS DAS,TODOS O CASI TODOS LOS DAS,NUNCA,ALGUNAS VECES AL MES,ALGUNOS DIAS POR SEMANA,ALGUNA VEZ AL AO O MENOS,SI,SI,SI,NO,NO,TODOS O CASI TODOS LOS DAS,TODOS O CASI TODOS LOS DAS,ALGUNOS DIAS POR SEMANA,NA,NA,NO,NA, ,NUNCA,NUNCA,NUNCA,NUNCA,NUNCA,ALGUNOS DIAS POR SEMANA,NUNCA,10,0,10,0,"PUBLICA, EDITA, CREA, CONSTRUYE Y/O RECICLA CONTENIDOS",FOTOS,IMGENES,VIDEO,PAGINAS WEB,"","","","","","","","",3,NINGUNA,SI,1,SI,SI,NS/NC,NS/NC,0,SI,ALGUNAS VECES AL MES,2,0,2,0,ALGUNAS VECES AL MES,ALGUNAS VECES AL MES,NUNCA,NUNCA,0,0,NO,NO,NO,NO,NO,NO,NO,NO,NO,NA,NA,NA,NA,NA,NA,NA,NA,NA,NA,SI,NO,NO,NO,NO,NO,"",0,NO,"",0,NA,NA,NA,NA,NA,NA,"","",0,ENTRE 1 Y 5 AOS,"",NO FUE NUNCA,"",NO FUE NUNCA,"",NO FUE NUNCA,"",NO FUE NUNCA,"",NO FUE NUNCA,"",NO FUE NUNCA,"",NO FUE NUNCA,"",NO FUE NUNCA,"",NO FUE NUNCA,"",NO FUE NUNCA,"",NO FUE NUNCA,"",NO FUE NUNCA,"",NO FUE NUNCA,"",NO FUE NUNCA,"",NO FUE NUNCA,"",NO FUE NUNCA,"",NO FUE NUNCA,"",NO FUE NUNCA,"",NO FUE NUNCA,"",7,2,0,3,UNIVERSITARIO INCOMPLETO,OTRO MIEMBRO DEL HOGAR,TERCIARIO COMPLETO,TRABAJA,CONTRATISTA,TRABAJADOR/OBRERO CALIFICADO. EMPLEADO ADMINISTRATIVO MEDIO, ,"",SI,SI,SI,NO,SI,SI,PROPIA,NO,NO,NO,NO,NO,BARRIO CON VIVIENDAS DISTINTAS,BARRIO CON VIVIENDAS DISTINTAS,CASA,80,C2,0,15,0.25,60,90,1.5,0,0,0,120,150,2.5,720,720,12,600,600,10,120,120,2
92,92,3986,2017-05-22T00:00:00,NEA,Varn,28,"LOS MODALES, EL BUEN COMPORTAMIENTO", ,SI,"", ,NA,NO,ALGUNAS VECES AL MES,AMBAS POR IGUAL,4,0,4,0,TODOS O CASI TODOS LOS DIAS,NUNCA,NUNCA,NUNCA,NUNCA,MUSICALES,NA,NA,NA,NA,NA,NA, ,1,SI,"", ,NA,TODOS O CASI TODOS LOS DIAS,6,0,6,0,ALGUNAS VECES AL MES,NUNCA,TODOS O CASI TODOS LOS DIAS,TODOS O CASI TODOS LOS DIAS,NUNCA,NUNCA,NUNCA,NUNCA,TODOS O CASI TODOS LOS DIAS,CASI NUNCA,NUNCA,NUNCA,NUNCA,NUNCA,HABITUALMENTE,HABITUALMENTE,NUNCA,DE VEZ EN CUANDO,NUNCA,NUNCA,NUNCA,NUNCA,NUNCA,5 canciones,SI,ALGUNAS VECES AL MES,ALGUNOS DIAS POR SEMANA,YOUTUBE,NA,NA,NA,NA,NA,NA, ,0,0,0,0,SI,"", ,NA,TODOS O CASI TODOS LOS MESES,3,3,3,3,100,100,NO,0,NO,NO,PORQUE NO LE GUSTA LEER DIARIOS, ,NO,"",0,,,0,0,NA,"",0,"",0,NA,NA,NA,NA,NA,NA,SI,NA,ALGUNA VEZ CADA 3 MESES,0,0,0,0,0,0,"NO LEYO REVISTAS EN PANTALLA, SOLO EN PAPEL",NO,POR PROBLEMAS DE SALUD PARA LEER, ,SI,"",0,"",0,"", ,"",0,"",0,NA,NA,"","","","","",NA,NA,NA,NA,NA,NA,NA,NA,NA,NA,NA,NA,NA,NA,NA,NA,SI,"",NA,4,0,4,0,TELEVISION POR CABLE,NA,UNA HORA O MENOS AL DIA,VARIAS HORAS AL DIA,NUNCA,NUNCA,NUNCA,TODOS O CASI TODOS LOS DIAS,NUNCA,DE VEZ EN CUANDO,NUNCA,4,NINGUNO,NINGUNO,SI,"", ,NA,NUNCA,ALGUNA VEZ AL AO,NUNCA,NUNCA,NUNCA,ALGUNAS VECES AL MES,ALGUNA VEZ AL AO,NUNCA,ALGUNAS VECES AL MES,NUNCA,NUNCA,NUNCA,NUNCA,0,0,0,SI,"", ,NA,ALGUNA VEZ CADA 3 MESES,NS/NC,NS/NC,0,0,"SE LA RECOMENDO UN AMIGO, FAMILIAR O CONOCIDO", ,DE VEZ EN CUANDO,CASI NUNCA,CASI NUNCA,CASI NUNCA,HABITUALMENTE,NUNCA,NUNCA,NUNCA,NUNCA,NUNCA,DE VEZ EN CUANDO,NO,NA,"",0,"",0,"",0,SI,"", ,NA,NA,NO,SI,NS/NC,NA,"",0,ALGUNAS VECES AL MES,NUNCA,NUNCA,NUNCA,5,NO USA,5,NO USA,NUNCA,NUNCA,NUNCA,NUNCA,NUNCA,NUNCA,NUNCA,NUNCA,NUNCA,NUNCA,SI,NO,NO,NO,NO,ALGUNAS VECES AL MES,NA,NA,NA,NA,NO,NA, ,NUNCA,ALGUNA VEZ CADA 3 MESES,NUNCA,NUNCA,NUNCA,ALGUNA VEZ CADA 3 MESES,NUNCA,1,0,1,0,"OBSERVA LOS CONTENIDOS, SIN HACER COMENTARIOS",NA,"","","","","","","","","","","",1,NINGUNA,NO,NINGUNO,NA,NA,"",0,0,SI,TODOS O CASI TODOS LOS DIAS,3,0,3,0,TODOS O CASI TODOS LOS DIAS,NUNCA,NUNCA,NUNCA,30,30,SI,NO,NO,NO,NO,NO,NO,NO,NO,NO,NO,NO,SI,NO,NO,NO,NO,SI,NO,SI,NO,NO,NO,NO,NO,"",0,NO,"",0,NA,NA,NA,NA,NA,NA,"","",0,HACE MAS DE 5 AOS,"",NO FUE NUNCA,"",1 VEZ EN EL ULTIMO AO,0,NO FUE NUNCA,"",NO FUE NUNCA,"",HACE MAS DE 5 AOS,"",NO FUE NUNCA,"",NO FUE NUNCA,"",NO FUE NUNCA,"",NO FUE NUNCA,"",NO FUE NUNCA,"",NO FUE NUNCA,"",NO FUE NUNCA,"",NO FUE NUNCA,"",NO FUE NUNCA,"",NO FUE NUNCA,"",NO FUE NUNCA,"",NO FUE NUNCA,"",NO FUE NUNCA,"",NO FUE NUNCA,"",4,0,0,1,PRIMARIA INCOMPLETA,OTRO MIEMBRO DEL HOGAR,SECUNDARIA INCOMPLETA,TRABAJA,LIMPIEZA,"OFICIO MENOR, OBRERO NO CALIFICADO/ SERVICIO DOMESTICO", ,"",NO,NO,NO,NO,NO,NO,PROPIA,NO,NO,NO,NO,SI,BARRIO CON VIVIENDAS DISTINTAS,BARRIO CON VIVIENDAS DISTINTAS,CASA,34,D2,240,240,4,360,360,6,0,0,0,240,240,4,300,300,5,60,60,1,180,180,3
93,93,3603,2017-05-22T00:00:00,NEA,Varn,35,"EL ARTE, LO CULTO", ,NO,PORQUE NO TIENE EQUIPOS DE RADIO, ,SI,NA,NA,NA,,,0,0,NA,NA,NA,NA,NA,NA,NA,NA,NA,NA,NA,NA, ,0,SI,"", ,NA,TODOS O CASI TODOS LOS DIAS,7,0,7,0,ALGUNA VEZ CADA 3 MESES,ALGUNOS DIAS POR SEMANA,ALGUNOS DIAS POR SEMANA,TODOS O CASI TODOS LOS DIAS,NUNCA,NUNCA,NUNCA,NUNCA,TODOS O CASI TODOS LOS DIAS,DE VEZ EN CUANDO,NUNCA,NUNCA,NUNCA,NUNCA,HABITUALMENTE,HABITUALMENTE,NUNCA,DE VEZ EN CUANDO,HABITUALMENTE,NUNCA,HABITUALMENTE,NUNCA,CASI NUNCA,10 canciones,SI,TODOS O CASI TODOS LOS DIAS,NUNCA,YOUTUBE,NA,NA,NA,NA,NA,NA, ,0,0,0,0,NO,POR FALTA DE TIEMPO, ,SI,NA,"",0,"",0,"",0,SI,1,NO,NO,UTILIZA OTRO MEDIO PARA INFORMARSE, ,SI,"",0,,,0,0,NA,"",0,"",0,NA,NA,NA,NA,NA,NA,SI,NA,ALGUNOS DIAS POR SEMANA,2,2,0,0,60,60,"NO LEYO REVISTAS EN PANTALLA, SOLO EN PAPEL",SI,"", ,NA,2,2,1,1,SE LO REGALARON, ,1,1,400,400,ALGUNOS DIAS POR SEMANA,"NO LEYO LIBROS EN PANTALLA, SOLO EN PAPEL","","","","","",HABITUALMENTE,HABITUALMENTE,CASI NUNCA,NUNCA,CASI NUNCA,NUNCA,NUNCA,NUNCA,NUNCA,NUNCA,NUNCA,NUNCA,NUNCA,NUNCA,NUNCA,DE VEZ EN CUANDO,SI,"",NA,5,0,5,0,TELEVISION POR CABLE,NA,UNA HORA O MENOS AL DIA,VARIAS HORAS AL DIA,ALGUNAS VECES AL MES,NUNCA,NUNCA,TODOS O CASI TODOS LOS DIAS,NUNCA,HABITUALMENTE,DE VEZ EN CUANDO,2,NINGUNO,NINGUNO,SI,"", ,NA,ALGUNA VEZ AL AO,ALGUNOS DIAS POR SEMANA,TODOS O CASI TODOS LOS DIAS,ALGUNOS DIAS POR SEMANA,ALGUNAS VECES AL MES,TODOS O CASI TODOS LOS DIAS,ALGUNA VEZ AL AO,ALGUNOS DIAS POR SEMANA,TODOS O CASI TODOS LOS DIAS,NUNCA,ALGUNOS DIAS POR SEMANA,ALGUNAS VECES AL MES,ALGUNAS VECES AL MES,0,35,300,NO,POR FALTA DE TIEMPO, ,SI,NA,"",0,"",0,NA, ,NA,NA,NA,NA,NA,NA,NA,NA,NA,NA,NA,NO,NA,"",0,"",0,"",0,SI,"", ,NA,NA,SI,NA,"",INCLUYE TELFONO,480,480,TODOS O CASI TODOS LOS DAS,TODOS O CASI TODOS LOS DAS,NUNCA,NUNCA,20,NO USA,20,NO USA,ALGUNA VEZ AL AO O MENOS,ALGUNOS DIAS POR SEMANA,ALGUNA VEZ AL AO O MENOS,ALGUNAS VECES AL MES,TODOS O CASI TODOS LOS DAS,TODOS O CASI TODOS LOS DAS,NUNCA,ALGUNAS VECES AL MES,NUNCA,ALGUNAS VECES AL MES,SI,NO,NO,NO,NO,TODOS O CASI TODOS LOS DAS,NA,NA,NA,NA,NO,NA, ,NUNCA,ALGUNOS DIAS POR SEMANA,NUNCA,NUNCA,NUNCA,TODOS O CASI TODOS LOS DAS,NUNCA,1,0,1,0,"PUBLICA, EDITA, CREA, CONSTRUYE Y/O RECICLA CONTENIDOS",FOTOS,IMGENES,MSICA,VIDEO,TUTORIALES EN VIDEO DONDE ENSEA A OTROS A HACER ALGO,PAGINAS WEB,BLOGS,NOTICIAS Y OPINION,"","","","",2,NINGUNA,SI,2,SI,SI,500,500,0,NO,NA,,,0,0,NA,NA,NA,NA,"",0,NO,NO,NO,NO,NO,NO,NO,NO,NO,NA,NA,NA,NA,NA,NA,NA,NA,NA,NA,SI,NO,NO,NO,NO,NO,"",0,NO,"",0,NA,NA,NA,NA,NA,NA,"","",0,ENTRE 1 Y 5 AOS,"",NO FUE NUNCA,"",ENTRE 1 Y 5 AOS,"",HACE MAS DE 5 AOS,"",VARIAS VECES EN EL ULTIMO AO,0,ENTRE 1 Y 5 AOS,"",NO FUE NUNCA,"",NO FUE NUNCA,"",NO FUE NUNCA,"",HACE MAS DE 5 AOS,"",HACE MAS DE 5 AOS,"",NO FUE NUNCA,"",NO FUE NUNCA,"",NO FUE NUNCA,"",ENTRE 1 Y 5 AOS,"",NO FUE NUNCA,"",NO FUE NUNCA,"",VARIAS VECES EN EL ULTIMO AO,NS/NC,ENTRE 1 Y 5 AOS,"",VARIAS VECES EN EL ULTIMO AO,400,6,3,0,4,SECUNDARIA INCOMPLETA,OTRO MIEMBRO DEL HOGAR,PRIMARIA COMPLETA,TRABAJA,CARNICERO EN UN NEGOCIO,"OFICIO MENOR, OBRERO NO CALIFICADO/ SERVICIO DOMESTICO", ,"",SI,SI,SI,NO,SI,SI,PROPIA,SI,NO,NO,NO,NO,BARRIO CON VIVIENDAS DISTINTAS,BARRIO CON VIVIENDAS DISTINTAS,CASA,48,D1,0,0,0,420,420,7,0,0,0,300,300,5,1200,1200,20,60,60,1,0,0,0
94,94,6197,2017-05-22T00:00:00,NEA,Varn,58,"INFORMACION, ESTUDIAR, CONOCER", ,SI,"", ,NA,NO,TODOS O CASI TODOS LOS DIAS,FM,2,0,2,0,TODOS O CASI TODOS LOS DIAS,NUNCA,NUNCA,NUNCA,NUNCA,MUSICALES,NA,NA,NA,NA,NA,NA, ,1,SI,"", ,NA,ALGUNOS DIAS POR SEMANA,2,0,2,0,NUNCA,NUNCA,NUNCA,NUNCA,NUNCA,NUNCA,NUNCA,NUNCA,ALGUNAS VECES AL MES,HABITUALMENTE,NUNCA,NUNCA,NUNCA,NUNCA,HABITUALMENTE,NUNCA,NUNCA,CASI NUNCA,NUNCA,NUNCA,NUNCA,NUNCA,NUNCA,10 canciones,NO,NA,NA,NA,NA,NA,NA,NA,NA,NA, ,"",0,0,0,NO,PORQUE NO LE INTERESA, ,NO,NA,"",0,"",0,"",0,NO,0,NO,NO,POR FALTA DE TIEMPO, ,SI,"",0,,,0,0,NA,"",0,"",0,NA,NA,NA,NA,NA,NA,NO,NO,NA,"",0,"",0,"",0,NA,NO,PORQUE NO TIENE TIEMPO, ,NO,"",0,"",0,"", ,"",0,"",0,NA,NA,"","","","","",NA,NA,NA,NA,NA,NA,NA,NA,NA,NA,NA,NA,NA,NA,NA,NA,SI,"",NA,2,0,2,0,TELEVISION POR CABLE,NA,UNA HORA O MENOS AL DIA,VARIAS HORAS AL DIA,NUNCA,NUNCA,NUNCA,TODOS O CASI TODOS LOS DIAS,NUNCA,HABITUALMENTE,NUNCA,1,NS/NC,NS/NC,SI,"", ,NA,NUNCA,NUNCA,ALGUNAS VECES AL MES,ALGUNAS VECES AL MES,ALGUNAS VECES AL MES,ALGUNAS VECES AL MES,ALGUNAS VECES AL MES,ALGUNOS DIAS POR SEMANA,ALGUNOS DIAS POR SEMANA,NUNCA,NUNCA,NUNCA,NUNCA,0,0,0,NO,POR FALTA DE TIEMPO, ,SI,NA,"",0,"",0,NA, ,NA,NA,NA,NA,NA,NA,NA,NA,NA,NA,NA,NO,NA,"",0,"",0,"",0,NO,PORQUE NO LO PUEDE PAGAR, ,NO,NO,NA,NA,"",NA,"",0,NA,NA,NA,NA,,"",0,NO USA,NA,NA,NA,NA,NA,NA,NA,NA,NA,NA,NA,NA,NA,NA,NA,NA,NA,NA,NA,NA,NA,NA, ,NA,NA,NA,NA,NA,NA,NA,,,0,0,NA,NA,"","","","","","","","","","","",NINGUNA,NINGUNA,NO,1,NO,NA,NS/NC,NS/NC,0,NO,NA,,,0,0,NA,NA,NA,NA,"",0,NO,NO,NO,NO,NO,NO,NO,NO,NO,NA,NA,NA,NA,NA,NA,NA,NA,NA,NA,NO,NO,NO,NO,NO,NO,"",0,NO,"",0,NA,NA,NA,NA,NA,NA,"","",0,HACE MAS DE 5 AOS,"",NO FUE NUNCA,"",HACE MAS DE 5 AOS,"",HACE MAS DE 5 AOS,"",1 VEZ EN EL ULTIMO AO,0,ENTRE 1 Y 5 AOS,"",HACE MAS DE 5 AOS,"",NO FUE NUNCA,"",NO FUE NUNCA,"",NO FUE NUNCA,"",NO FUE NUNCA,"",NO FUE NUNCA,"",NO FUE NUNCA,"",NO FUE NUNCA,"",NO FUE NUNCA,"",NO FUE NUNCA,"",NO FUE NUNCA,"",NO FUE NUNCA,"",NO FUE NUNCA,"",NO FUE NUNCA,"",8,2,0,3,PRIMARIA INCOMPLETA,LA PERSONA QUE FUE ENTREVISTADA,"",TRABAJA,ELECTRICISTA INDEPENDIENTE,TECNICO ESPECIALIZADO. COMERCIANTE. SUPERVISOR / JEFE / CAP, ,"",NO,NO,NO,NO,NO,SI,PROPIA,NO,NO,NO,NO,NO,BARRIO CON VIVIENDAS DISTINTAS,BARRIO CON VIVIENDAS DISTINTAS,CASA,40,D1,120,120,2,120,120,2,0,0,0,120,120,2,0,0,0,0,0,0,0,0,0
95,95,4361,2017-05-22T00:00:00,NEA,Varn,73,"LOS MODALES, EL BUEN COMPORTAMIENTO", ,SI,"", ,NA,SI,NS/NC,FM,0,30,0,30,TODOS O CASI TODOS LOS DIAS,NUNCA,NUNCA,NUNCA,NUNCA,INFORMATIVOS / NOTICIEROS,MUSICALES,NA,NA,NA,NA,NA, ,1,SI,"", ,NA,ALGUNOS DIAS POR SEMANA,1,0,1,0,ALGUNA VEZ CADA 3 MESES,NUNCA,NUNCA,NUNCA,NUNCA,NUNCA,NUNCA,NUNCA,ALGUNAS VECES AL MES,HABITUALMENTE,NUNCA,NUNCA,NUNCA,NUNCA,NUNCA,NUNCA,NUNCA,NUNCA,NUNCA,NUNCA,NUNCA,HABITUALMENTE,NUNCA,10 canciones,NO,NA,NA,NA,NA,NA,NA,NA,NA,NA, ,"",0,0,0,NO,PORQUE NO LE GUSTA IR A RECITALES, ,SI,NA,"",0,"",0,"",0,NO,0,NO,SI,"", ,NA,1,1,2,0,2,0,ALGUNOS DIAS POR SEMANA,1,1,25,25,"NO LEYO DIARIOS EN PANTALLA, SOLO EN PAPEL",NA,ALGUNOS DIAS POR SEMANA,NUNCA,NUNCA,PRINCIPALMENTE LEE EN PAPEL O POR INTERNET SU DIARIO O DIARIOS PREFERIDOS,NO,NO,NA,"",0,"",0,"",0,NA,NO,PORQUE NO TIENE TIEMPO, ,NO,"",0,"",0,"", ,"",0,"",0,NA,NA,"","","","","",NA,NA,NA,NA,NA,NA,NA,NA,NA,NA,NA,NA,NA,NA,NA,NA,SI,"",NA,2,0,2,0,TELEVISION POR CABLE,NA,VARIAS HORAS AL DIA,VARIAS HORAS AL DIA,NUNCA,NUNCA,NUNCA,TODOS O CASI TODOS LOS DIAS,NUNCA,HABITUALMENTE,NUNCA,2,NS/NC,NS/NC,SI,"", ,NA,NUNCA,NUNCA,ALGUNOS DIAS POR SEMANA,ALGUNA VEZ CADA 3 MESES,ALGUNAS VECES AL MES,TODOS O CASI TODOS LOS DIAS,NUNCA,ALGUNOS DIAS POR SEMANA,ALGUNOS DIAS POR SEMANA,NUNCA,NUNCA,NUNCA,NUNCA,0,0,0,NO,PORQUE NO LE GUSTA EL CINE, ,SI,NA,"",0,"",0,NA, ,NA,NA,NA,NA,NA,NA,NA,NA,NA,NA,NA,NO,NA,"",0,"",0,"",0,NO,PORQUE NO LE INTERESA, ,NO,NO,NA,NA,"",NA,"",0,NA,NA,NA,NA,,"",0,NO USA,NA,NA,NA,NA,NA,NA,NA,NA,NA,NA,NA,NA,NA,NA,NA,NA,NA,NA,NA,NA,NA,NA, ,NA,NA,NA,NA,NA,NA,NA,,,0,0,NA,NA,"","","","","","","","","","","",1,NINGUNA,SI,NINGUNO,NA,NA,"",0,0,NO,NA,,,0,0,NA,NA,NA,NA,"",0,NO,NO,NO,NO,NO,NO,NO,NO,NO,NA,NA,NA,NA,NA,NA,NA,NA,NA,NA,NO,NO,NO,NO,NO,NO,"",0,NO,"",0,NA,NA,NA,NA,NA,NA,"","",0,HACE MAS DE 5 AOS,"",HACE MAS DE 5 AOS,"",ENTRE 1 Y 5 AOS,"",HACE MAS DE 5 AOS,"",ENTRE 1 Y 5 AOS,"",ENTRE 1 Y 5 AOS,"",HACE MAS DE 5 AOS,"",NO FUE NUNCA,"",NO FUE NUNCA,"",HACE MAS DE 5 AOS,"",HACE MAS DE 5 AOS,"",HACE MAS DE 5 AOS,"",NO FUE NUNCA,"",HACE MAS DE 5 AOS,"",NO FUE NUNCA,"",NO FUE NUNCA,"",NO FUE NUNCA,"",HACE MAS DE 5 AOS,"",HACE MAS DE 5 AOS,"",HACE MAS DE 5 AOS,"",3,0,2,3,PRIMARIA COMPLETA,LA PERSONA QUE FUE ENTREVISTADA,"",ES JUBILADO/PENSIONADO, ,"",POLICIA,TECNICO ESPECIALIZADO. COMERCIANTE. SUPERVISOR / JEFE / CAP,SI,NO,NO,NO,SI,NO,PROPIA,NO,NO,NO,NO,NO,BARRIO CON VIVIENDAS DISTINTAS,BARRIO CON VIVIENDAS DISTINTAS,CASA,36,D2,0,30,0.5,60,60,1,120,120,2,120,120,2,0,0,0,0,0,0,0,0,0
96,96,8331,2017-05-22T00:00:00,NEA,Mujer,18,"LOS MODALES, EL BUEN COMPORTAMIENTO", ,SI,"", ,NA,NO,ALGUNOS DIAS POR SEMANA,NS/NC,0,30,0,30,TODOS O CASI TODOS LOS DIAS,NUNCA,NUNCA,NUNCA,NUNCA,INFORMATIVOS / NOTICIEROS,NA,NA,NA,NA,NA,NA, ,2,SI,"", ,NA,TODOS O CASI TODOS LOS DIAS,6,0,6,0,ALGUNA VEZ CADA 3 MESES,ALGUNA VEZ AL AO O MENOS,ALGUNA VEZ AL AO O MENOS,ALGUNOS DIAS POR SEMANA,ALGUNA VEZ AL AO O MENOS,NUNCA,TODOS O CASI TODOS LOS DIAS,NS/NC,ALGUNOS DIAS POR SEMANA,CASI NUNCA,NUNCA,NUNCA,DE VEZ EN CUANDO,NUNCA,HABITUALMENTE,HABITUALMENTE,NUNCA,HABITUALMENTE,DE VEZ EN CUANDO,NUNCA,NUNCA,NUNCA,CASI NUNCA,2 canciones,SI,TODOS O CASI TODOS LOS DIAS,TODOS O CASI TODOS LOS DIAS,YOUTUBE,NA,NA,NA,NA,NA,NA, ,0,10,200,0,SI,"", ,NA,ALGUNA VEZ CADA 3 MESES,1,1,1,1,100,100,NO,0,NO,SI,"", ,NA,1,1,0,30,0,30,ALGUNOS DIAS POR SEMANA,1,1,50,50,"NO LEYO DIARIOS EN PANTALLA, SOLO EN PAPEL",NA,ALGUNOS DIAS POR SEMANA,NUNCA,NUNCA,PRINCIPALMENTE LEE EN PAPEL O POR INTERNET SU DIARIO O DIARIOS PREFERIDOS,NO,SI,NA,"",0,"",0,"",0,NA,SI,"", ,NA,1,1,1,1,"SE LO HABIA RECOMENDADO UN PROFESOR, REFERENTE POLITICO, RELIGIOSO O ESPIRITUAL", ,1,1,300,300,TODOS O CASI TODOS LOS DIAS,"NO LEYO LIBROS EN PANTALLA, SOLO EN PAPEL","","","","","",NUNCA,NUNCA,NUNCA,NUNCA,HABITUALMENTE,NUNCA,NUNCA,HABITUALMENTE,NUNCA,NUNCA,NUNCA,HABITUALMENTE,HABITUALMENTE,NUNCA,NUNCA,NUNCA,SI,"",NA,1,30,1,30,TELEVISION POR CABLE,NA,ALGUNAS VECES POR SEMANA,UNA HORA O MENOS AL DIA,NUNCA,NUNCA,NUNCA,ALGUNOS DIAS POR SEMANA,NUNCA,DE VEZ EN CUANDO,NUNCA,3,NS/NC,NS/NC,SI,"", ,NA,ALGUNA VEZ CADA 3 MESES,ALGUNOS DIAS POR SEMANA,ALGUNA VEZ AL AO,ALGUNA VEZ AL AO,ALGUNA VEZ AL AO,ALGUNOS DIAS POR SEMANA,ALGUNA VEZ CADA 3 MESES,ALGUNOS DIAS POR SEMANA,TODOS O CASI TODOS LOS DIAS,NUNCA,ALGUNA VEZ AL AO,ALGUNAS VECES AL MES,ALGUNAS VECES AL MES,0,0,0,SI,"", ,NA,ALGUNA VEZ CADA 3 MESES,5,5,0,0,VIO O ESCUCHO EN UNA PUBLICIDAD, ,DE VEZ EN CUANDO,DE VEZ EN CUANDO,DE VEZ EN CUANDO,CASI NUNCA,DE VEZ EN CUANDO,CASI NUNCA,CASI NUNCA,CASI NUNCA,NUNCA,CASI NUNCA,CASI NUNCA,NO,NA,"",0,"",0,"",0,SI,"", ,NA,NA,SI,NA,"",INCLUYE TELFONO,500,500,NUNCA,TODOS O CASI TODOS LOS DAS,NUNCA,NUNCA,12,NO USA,12,NO USA,ALGUNA VEZ AL AO O MENOS,ALGUNA VEZ CADA 3 MESES,ALGUNOS DIAS POR SEMANA,ALGUNA VEZ CADA 3 MESES,ALGUNOS DIAS POR SEMANA,ALGUNA VEZ AL AO O MENOS,ALGUNA VEZ AL AO O MENOS,ALGUNAS VECES AL MES,ALGUNAS VECES AL MES,ALGUNA VEZ CADA 3 MESES,SI,SI,NO,NO,NO,TODOS O CASI TODOS LOS DAS,TODOS O CASI TODOS LOS DAS,NA,NA,NA,NO,NA, ,NUNCA,ALGUNOS DIAS POR SEMANA,NUNCA,NUNCA,NUNCA,TODOS O CASI TODOS LOS DAS,NUNCA,5,0,5,0,"COMENTA, COMPARTE, PARTICIPA Y/U OPINA FRENTE A CONTENIDOS",NA,"","","","","","","","","","","",NINGUNA,NINGUNA,SI,1,SI,SI,300,300,0,NO,NA,,,0,0,NA,NA,NA,NA,"",0,NO,NO,NO,NO,NO,NO,NO,NO,NO,NA,NA,NA,NA,NA,NA,NA,NA,NA,NA,SI,NO,NO,NO,NO,NO,"",0,NO,"",0,NA,NA,NA,NA,NA,NA,"","",0,VARIAS VECES EN EL ULTIMO AO,300,NO FUE NUNCA,"",VARIAS VECES EN EL ULTIMO AO,300,VARIAS VECES EN EL ULTIMO AO,200,1 VEZ EN EL ULTIMO AO,0,VARIAS VECES EN EL ULTIMO AO,100,NO FUE NUNCA,"",NO FUE NUNCA,"",NO FUE NUNCA,"",NO FUE NUNCA,"",NO FUE NUNCA,"",NO FUE NUNCA,"",NO FUE NUNCA,"",NO FUE NUNCA,"",NO FUE NUNCA,"",NO FUE NUNCA,"",NO FUE NUNCA,"",NO FUE NUNCA,"",NO FUE NUNCA,"",VARIAS VECES EN EL ULTIMO AO,0,10,2,1,3,SECUNDARIA COMPLETA,OTRO MIEMBRO DEL HOGAR,TERCIARIO COMPLETO,TRABAJA,ES AMA DE CASA Y TRABAJA EN ELLAS HACEN,"OFICIO MENOR, OBRERO NO CALIFICADO/ SERVICIO DOMESTICO", ,"",NO,SI,NO,NO,SI,SI,PROPIA,NO,NO,NO,NO,NO,BARRIO CON VIVIENDAS DISTINTAS,BARRIO CON VIVIENDAS DISTINTAS,CASA,66,C3,0,30,0.5,360,360,6,0,30,0.5,60,90,1.5,720,720,12,300,300,5,0,0,0
97,97,2082,2017-05-22T00:00:00,NEA,Mujer,24,"LA TRADICION, LA HISTORIA", ,SI,"", ,NA,NO,TODOS O CASI TODOS LOS DIAS,FM,3,0,3,0,TODOS O CASI TODOS LOS DIAS,NUNCA,NUNCA,NUNCA,NUNCA,INFORMATIVOS / NOTICIEROS,NA,NA,NA,NA,NA,NA, ,1,SI,"", ,NA,ALGUNOS DIAS POR SEMANA,2,0,2,0,NUNCA,NUNCA,NUNCA,TODOS O CASI TODOS LOS DIAS,NUNCA,NUNCA,NUNCA,NUNCA,NUNCA,NUNCA,NUNCA,NUNCA,NUNCA,NUNCA,DE VEZ EN CUANDO,DE VEZ EN CUANDO,DE VEZ EN CUANDO,NUNCA,NUNCA,NUNCA,NUNCA,NUNCA,NUNCA,5 canciones,SI,ALGUNOS DIAS POR SEMANA,ALGUNAS VECES AL MES,GOOGLE PLAY,YOUTUBE,NA,NA,NA,NA,NA, ,0,0,0,0,NO,POR FALTA DE TIEMPO, ,SI,NA,"",0,"",0,"",0,NO,0,NO,SI,"", ,NA,2,2,2,0,2,0,ALGUNOS DIAS POR SEMANA,1,1,18,18,"NO LEYO DIARIOS EN PANTALLA, SOLO EN PAPEL",NA,ALGUNAS VECES AL MES,NUNCA,NUNCA,AMBAS POR IGUAL,NO,NO,NA,"",0,"",0,"",0,NA,SI,"", ,NA,4,4,4,4,"SE LO HABIA RECOMENDADO UN PROFESOR, REFERENTE POLITICO, RELIGIOSO O ESPIRITUAL", ,2,2,400,400,ALGUNOS DIAS POR SEMANA,"NO LEYO LIBROS EN PANTALLA, SOLO EN PAPEL","","","","","",NUNCA,DE VEZ EN CUANDO,NUNCA,NUNCA,NUNCA,NUNCA,NUNCA,NUNCA,NUNCA,NUNCA,NUNCA,DE VEZ EN CUANDO,NUNCA,NUNCA,NUNCA,NUNCA,SI,"",NA,3,0,3,0,TELEVISION POR CABLE,NA,ALGUNA VEZ AL AO,VARIAS HORAS AL DIA,NUNCA,NUNCA,NUNCA,TODOS O CASI TODOS LOS DIAS,NUNCA,HABITUALMENTE,NUNCA,2,2,2,SI,"", ,NA,NUNCA,ALGUNOS DIAS POR SEMANA,ALGUNOS DIAS POR SEMANA,NUNCA,NUNCA,ALGUNOS DIAS POR SEMANA,ALGUNOS DIAS POR SEMANA,ALGUNA VEZ AL AO,ALGUNOS DIAS POR SEMANA,NUNCA,NUNCA,NUNCA,NUNCA,NS/NC,0,0,NO,PORQUE NO LE GUSTA EL CINE, ,NO,NA,"",0,"",0,NA, ,NA,NA,NA,NA,NA,NA,NA,NA,NA,NA,NA,NO,NA,"",0,"",0,"",0,SI,"", ,NA,NA,SI,NA,"",INCLUYE TELFONO,350,350,NS/NC,TODOS O CASI TODOS LOS DAS,NUNCA,NS/NC,1,NO USA,1,NO USA,ALGUNA VEZ CADA 3 MESES,ALGUNA VEZ AL AO O MENOS,ALGUNOS DIAS POR SEMANA,NUNCA,ALGUNOS DIAS POR SEMANA,ALGUNA VEZ AL AO O MENOS,ALGUNAS VECES AL MES,NUNCA,NUNCA,ALGUNA VEZ CADA 3 MESES,SI,NO,NO,NO,NO,TODOS O CASI TODOS LOS DAS,NA,NA,NA,NA,NO,NA, ,NUNCA,ALGUNAS VECES AL MES,NUNCA,NUNCA,NUNCA,ALGUNOS DIAS POR SEMANA,NUNCA,1,0,1,0,"OBSERVA LOS CONTENIDOS, SIN HACER COMENTARIOS",NA,"","","","","","","","","","","",1,NINGUNA,SI,1,SI,SI,NS/NC,NS/NC,0,NO,NA,,,0,0,NA,NA,NA,NA,"",0,NO,NO,NO,NO,NO,NO,NO,NO,NO,NA,NA,NA,NA,NA,NA,NA,NA,NA,NA,SI,NO,NO,NO,NO,NO,"",0,NO,"",0,NA,NA,NA,NA,NA,NA,"","",0,1 VEZ EN EL ULTIMO AO,NS/NC,VARIAS VECES EN EL ULTIMO AO,NS/NC,NO FUE NUNCA,"",NO FUE NUNCA,"",NO FUE NUNCA,"",NO FUE NUNCA,"",NO FUE NUNCA,"",NO FUE NUNCA,"",NO FUE NUNCA,"",NO FUE NUNCA,"",NO FUE NUNCA,"",NO FUE NUNCA,"",NO FUE NUNCA,"",NO FUE NUNCA,"",NO FUE NUNCA,"",NO FUE NUNCA,"",NO FUE NUNCA,"",NO FUE NUNCA,"",NO FUE NUNCA,"",NO FUE NUNCA,"",4,2,0,2,TERCIARIO COMPLETO,OTRO MIEMBRO DEL HOGAR,TERCIARIO INCOMPLETO,TRABAJA,REPOSTERA INDEPENDIENTE,"OFICIO MENOR, OBRERO NO CALIFICADO/ SERVICIO DOMESTICO", ,"",SI,SI,NO,NO,NO,SI,PRESTADA,NO,NO,NO,NO,NO,BARRIO CON VIVIENDAS DISTINTAS,BARRIO CON VIVIENDAS DISTINTAS,CASA,54,C3,180,180,3,120,120,2,120,120,2,180,180,3,60,60,1,60,60,1,0,0,0
98,98,3783,2017-05-22T00:00:00,NEA,Mujer,43,"LA TRADICION, LA HISTORIA", ,SI,"", ,NA,NO,TODOS O CASI TODOS LOS DIAS,FM,2,0,2,0,TODOS O CASI TODOS LOS DIAS,NUNCA,NUNCA,NUNCA,NUNCA,INFORMATIVOS / NOTICIEROS,NA,NA,NA,NA,NA,NA, ,1,SI,"", ,NA,TODOS O CASI TODOS LOS DIAS,1,0,1,0,ALGUNAS VECES AL MES,NUNCA,NUNCA,TODOS O CASI TODOS LOS DIAS,NUNCA,NUNCA,NUNCA,NUNCA,ALGUNOS DIAS POR SEMANA,CASI NUNCA,NUNCA,NUNCA,NUNCA,NUNCA,HABITUALMENTE,CASI NUNCA,CASI NUNCA,HABITUALMENTE,DE VEZ EN CUANDO,NUNCA,CASI NUNCA,NUNCA,DE VEZ EN CUANDO,3 canciones,NO,NA,NA,NA,NA,NA,NA,NA,NA,NA, ,"",0,0,0,NO,PORQUE NO LE GUSTA IR A RECITALES, ,NO,NA,"",0,"",0,"",0,NO,0,NO,SI,"", ,NA,1,1,0,30,0,30,ALGUNOS DIAS POR SEMANA,1,1,100,100,ALGUNOS DIAS POR SEMANA,CELULAR,ALGUNOS DIAS POR SEMANA,NUNCA,TODOS O CASI TODOS LOS DIAS,PRINCIPALMENTE LEE ARTICULOS Y NOTICIAS DE DISTINTOS MEDIOS,NO,NO,NA,"",0,"",0,"",0,NA,SI,"", ,NA,1,1,0,0,"SE LO HABIA RECOMENDADO UN PROFESOR, REFERENTE POLITICO, RELIGIOSO O ESPIRITUAL", ,1,1,700,700,TODOS O CASI TODOS LOS DIAS,"NO LEYO LIBROS EN PANTALLA, SOLO EN PAPEL","","","","","",CASI NUNCA,NUNCA,CASI NUNCA,NUNCA,DE VEZ EN CUANDO,NUNCA,NUNCA,NUNCA,NUNCA,NUNCA,NUNCA,NUNCA,NUNCA,NUNCA,NUNCA,HABITUALMENTE,SI,"",NA,1,0,1,0,TELEVISION POR CABLE,NA,UNA HORA O MENOS AL DIA,VARIAS HORAS AL DIA,NUNCA,NUNCA,NUNCA,TODOS O CASI TODOS LOS DIAS,NUNCA,HABITUALMENTE,NUNCA,2,1,1,SI,"", ,NA,ALGUNOS DIAS POR SEMANA,TODOS O CASI TODOS LOS DIAS,ALGUNA VEZ AL AO,TODOS O CASI TODOS LOS DIAS,ALGUNA VEZ AL AO,ALGUNA VEZ AL AO,TODOS O CASI TODOS LOS DIAS,ALGUNOS DIAS POR SEMANA,TODOS O CASI TODOS LOS DIAS,NUNCA,NUNCA,ALGUNOS DIAS POR SEMANA,NUNCA,0,0,0,NO,PORQUE NO LE GUSTA EL CINE, ,NO,NA,"",0,"",0,NA, ,NA,NA,NA,NA,NA,NA,NA,NA,NA,NA,NA,NO,NA,"",0,"",0,"",0,SI,"", ,NA,NA,NO,SI,400,NA,"",0,NUNCA,TODOS O CASI TODOS LOS DAS,NUNCA,NUNCA,5,NO USA,5,NO USA,ALGUNAS VECES AL MES,ALGUNOS DIAS POR SEMANA,NUNCA,NUNCA,ALGUNOS DIAS POR SEMANA,NUNCA,NUNCA,NUNCA,NUNCA,ALGUNA VEZ CADA 3 MESES,SI,NO,NO,NO,NO,TODOS O CASI TODOS LOS DAS,NA,NA,NA,NA,NO,NA, ,NUNCA,NUNCA,NUNCA,NUNCA,NUNCA,TODOS O CASI TODOS LOS DAS,NUNCA,1,0,1,0,"OBSERVA LOS CONTENIDOS, SIN HACER COMENTARIOS",NA,"","","","","","","","","","","",NINGUNA,NINGUNA,NO,1,SI,SI,3500,3500,0,NO,NA,,,0,0,NA,NA,NA,NA,"",0,NO,NO,SI,NO,NO,NO,NO,NO,NO,SI,NA,SI,NO,NO,NO,NO,NO,NO,NO,SI,NO,NO,NO,NO,NO,"",0,NO,"",0,NA,NA,NA,NA,NA,NA,"","",0,ENTRE 1 Y 5 AOS,"",NO FUE NUNCA,"",ENTRE 1 Y 5 AOS,"",HACE MAS DE 5 AOS,"",VARIAS VECES EN EL ULTIMO AO,0,1 VEZ EN EL ULTIMO AO,0,NO FUE NUNCA,"",NO FUE NUNCA,"",NO FUE NUNCA,"",NO FUE NUNCA,"",NO FUE NUNCA,"",NO FUE NUNCA,"",NO FUE NUNCA,"",NO FUE NUNCA,"",NO FUE NUNCA,"",NO FUE NUNCA,"",NO FUE NUNCA,"",NO FUE NUNCA,"",NO FUE NUNCA,"",ENTRE 1 Y 5 AOS,"",3,0,0,2,SECUNDARIA INCOMPLETA,OTRO MIEMBRO DEL HOGAR,SECUNDARIA COMPLETA,TRABAJA,EMPLEADO DE COMERCIO,"OFICIO MENOR, OBRERO NO CALIFICADO/ SERVICIO DOMESTICO", ,"",SI,NO,NO,NO,NO,SI,ALQUILADA,NO,NO,NO,NO,NO,BARRIO DE VIVIENDA SOCIAL,BARRIO DE VIVIENDA SOCIAL,CASA,44,D1,120,120,2,60,60,1,0,30,0.5,60,60,1,300,300,5,60,60,1,0,0,0
99,99,8828,2017-05-22T00:00:00,NEA,Mujer,47,"EL ARTE, LO CULTO", ,SI,"", ,NA,NO,TODOS O CASI TODOS LOS DIAS,FM,6,0,6,0,TODOS O CASI TODOS LOS DIAS,NUNCA,NUNCA,NUNCA,NUNCA,INFORMATIVOS / NOTICIEROS,MUSICALES,NA,NA,NA,NA,NA, ,1,SI,"", ,NA,ALGUNOS DIAS POR SEMANA,6,0,6,0,ALGUNAS VECES AL MES,NUNCA,NUNCA,TODOS O CASI TODOS LOS DIAS,NUNCA,NUNCA,NUNCA,NUNCA,TODOS O CASI TODOS LOS DIAS,DE VEZ EN CUANDO,CASI NUNCA,CASI NUNCA,CASI NUNCA,NUNCA,DE VEZ EN CUANDO,CASI NUNCA,NUNCA,DE VEZ EN CUANDO,CASI NUNCA,NUNCA,NUNCA,NUNCA,NUNCA,10 canciones,NO,NA,NA,NA,NA,NA,NA,NA,NA,NA, ,"",1,50,0,SI,"", ,NA,ALGUNA VEZ CADA 3 MESES,3,3,3,3,300,300,SI,4,NO,SI,"", ,NA,2,2,0,30,0,30,ALGUNOS DIAS POR SEMANA,1,1,20,20,ALGUNOS DIAS POR SEMANA,CELULAR,ALGUNOS DIAS POR SEMANA,NUNCA,ALGUNOS DIAS POR SEMANA,PRINCIPALMENTE LEE EN PAPEL O POR INTERNET SU DIARIO O DIARIOS PREFERIDOS,SI,NA,ALGUNAS VECES AL MES,0,0,0,0,0,0,"NO LEYO REVISTAS EN PANTALLA, SOLO EN PAPEL",SI,"", ,NA,5,5,5,5,"SE LO HABIA RECOMENDADO UN AMIGO, FAMILIAR O CONOCIDO", ,3,3,500,500,TODOS O CASI TODOS LOS DIAS,"NO LEYO LIBROS EN PANTALLA, SOLO EN PAPEL","","","","","",HABITUALMENTE,HABITUALMENTE,NUNCA,NUNCA,DE VEZ EN CUANDO,DE VEZ EN CUANDO,NUNCA,NUNCA,NUNCA,NUNCA,NUNCA,DE VEZ EN CUANDO,NUNCA,HABITUALMENTE,NUNCA,HABITUALMENTE,SI,"",NA,1,0,1,0,"SOLO CANALES DE AIRE ""ANALOGICOS""",NA,NA,NA,ALGUNAS VECES AL MES,NUNCA,NUNCA,TODOS O CASI TODOS LOS DIAS,HABITUALMENTE,DE VEZ EN CUANDO,NUNCA,2,NS/NC,NS/NC,SI,"", ,NA,ALGUNOS DIAS POR SEMANA,NUNCA,TODOS O CASI TODOS LOS DIAS,ALGUNAS VECES AL MES,ALGUNAS VECES AL MES,ALGUNAS VECES AL MES,ALGUNAS VECES AL MES,TODOS O CASI TODOS LOS DIAS,TODOS O CASI TODOS LOS DIAS,NUNCA,ALGUNA VEZ CADA 3 MESES,ALGUNA VEZ CADA 3 MESES,ALGUNA VEZ CADA 3 MESES,0,0,0,SI,"", ,NA,TODOS O CASI TODOS LOS MESES,2,2,0,0,"SE LA RECOMENDO UN AMIGO, FAMILIAR O CONOCIDO", ,HABITUALMENTE,HABITUALMENTE,NUNCA,CASI NUNCA,NUNCA,NUNCA,CASI NUNCA,DE VEZ EN CUANDO,NUNCA,HABITUALMENTE,HABITUALMENTE,NO,NA,"",0,"",0,"",0,SI,"", ,NA,NA,SI,NA,"",INCLUYE TELFONO,670,670,TODOS O CASI TODOS LOS DAS,TODOS O CASI TODOS LOS DAS,NUNCA,NUNCA,2,NO USA,2,NO USA,NUNCA,ALGUNA VEZ CADA 3 MESES,NUNCA,NUNCA,ALGUNAS VECES AL MES,NUNCA,NUNCA,NUNCA,NUNCA,ALGUNA VEZ CADA 3 MESES,SI,NO,NO,NO,NO,TODOS O CASI TODOS LOS DAS,NA,NA,NA,NA,NO,NA, ,NUNCA,NUNCA,NUNCA,NUNCA,NUNCA,ALGUNOS DIAS POR SEMANA,NUNCA,2,0,2,0,"COMENTA, COMPARTE, PARTICIPA Y/U OPINA FRENTE A CONTENIDOS",NA,"","","","","","","","","","","",1,1,SI,1,SI,SI,490,490,0,NO,NA,,,0,0,NA,NA,NA,NA,"",0,NO,NO,SI,NO,NO,NO,NO,NO,NO,NO,SI,NO,NO,NO,NO,NO,NO,NO,NO,NO,NO,NO,NO,NO,NO,"",0,SI,1,1,UNA VEZ AL AO,UNA VEZ AL AO,NUNCA,NUNCA,NUNCA,NUNCA,FUE GRATUITO,0,0,ENTRE 1 Y 5 AOS,"",NO FUE NUNCA,"",VARIAS VECES EN EL ULTIMO AO,500,HACE MAS DE 5 AOS,"",VARIAS VECES EN EL ULTIMO AO,50,HACE MAS DE 5 AOS,"",HACE MAS DE 5 AOS,"",NO FUE NUNCA,"",NO FUE NUNCA,"",NO FUE NUNCA,"",NO FUE NUNCA,"",NO FUE NUNCA,"",NO FUE NUNCA,"",NO FUE NUNCA,"",NO FUE NUNCA,"",NO FUE NUNCA,"",NO FUE NUNCA,"",NO FUE NUNCA,"",NO FUE NUNCA,"",NO FUE NUNCA,"",8,1,1,4,SECUNDARIA COMPLETA,OTRO MIEMBRO DEL HOGAR,SECUNDARIA COMPLETA,ES JUBILADO/PENSIONADO, ,"",MECANICO PARA UNA EMPRESA,"OFICIO MENOR, OBRERO NO CALIFICADO/ SERVICIO DOMESTICO",SI,SI,NO,NO,SI,SI,PROPIA,SI,NO,NO,NO,NO,BARRIO CON VIVIENDAS DISTINTAS,BARRIO CON VIVIENDAS DISTINTAS,CASA,56,C3,360,360,6,360,360,6,0,30,0.5,60,60,1,120,120,2,120,120,2,0,0,0
100,100,6081,2017-05-22T00:00:00,NEA,Mujer,68,NS/NC, ,NO,PORQUE NO TIENE EQUIPOS DE RADIO, ,SI,NA,NA,NA,,,0,0,NA,NA,NA,NA,NA,NA,NA,NA,NA,NA,NA,NA, ,0,NO,PORQUE NO LE GUSTA LA MUSICA, ,SI,NA,,,0,0,NA,NA,NA,NA,NA,NA,NA,NA,NA,NA,NA,NA,NA,NA,NA,NA,NA,NA,NA,NA,NA,NA,NA,"",NA,NA,NA,NA,NA,NA,NA,NA,NA,NA, ,"",0,0,0,NO,PORQUE NO LE GUSTA IR A RECITALES, ,NO,NA,"",0,"",0,"",0,NO,0,NO,NO,POR PROBLEMAS DE SALUD PARA LEER, ,SI,"",0,,,0,0,NA,"",0,"",0,NA,NA,NA,NA,NA,NA,NO,SI,NA,"",0,"",0,"",0,NA,NO,POR PROBLEMAS DE SALUD PARA LEER, ,SI,"",0,"",0,"", ,"",0,"",0,NA,NA,"","","","","",NA,NA,NA,NA,NA,NA,NA,NA,NA,NA,NA,NA,NA,NA,NA,NA,SI,"",NA,0,30,0,30,TELEVISION POR CABLE,NA,UNA HORA O MENOS AL DIA,UNA HORA O MENOS AL DIA,NUNCA,NUNCA,NUNCA,TODOS O CASI TODOS LOS DIAS,NUNCA,DE VEZ EN CUANDO,NUNCA,1,NINGUNO,NINGUNO,NO,PORQUE NO LE INTERESA, ,SI,NA,NA,NA,NA,NA,NA,NA,NA,NA,NA,NA,NA,NA,NS/NC,NS/NC,NS/NC,NO,PORQUE NO LE GUSTA EL CINE, ,SI,NA,"",0,"",0,NA, ,NA,NA,NA,NA,NA,NA,NA,NA,NA,NA,NA,NO,NA,"",0,"",0,"",0,NO,PORQUE NO LE GUSTA, ,NO,NO,NA,NA,"",NA,"",0,NA,NA,NA,NA,,"",0,NO USA,NA,NA,NA,NA,NA,NA,NA,NA,NA,NA,NA,NA,NA,NA,NA,NA,NA,NA,NA,NA,NA,NA, ,NA,NA,NA,NA,NA,NA,NA,,,0,0,NA,NA,"","","","","","","","","","","",NINGUNA,NINGUNA,NO,NINGUNO,NA,NA,"",0,NS/NC,NO,NA,,,0,0,NA,NA,NA,NA,"",0,NO,NO,NO,NO,NO,NO,NO,NO,NO,NA,NA,NA,NA,NA,NA,NA,NA,NA,NA,NO,NO,NO,NO,NO,NO,"",0,NO,"",0,NA,NA,NA,NA,NA,NA,"","",0,NO FUE NUNCA,"",NO FUE NUNCA,"",NO FUE NUNCA,"",NO FUE NUNCA,"",NO FUE NUNCA,"",NO FUE NUNCA,"",NO FUE NUNCA,"",NO FUE NUNCA,"",NO FUE NUNCA,"",NO FUE NUNCA,"",NO FUE NUNCA,"",NO FUE NUNCA,"",NO FUE NUNCA,"",NO FUE NUNCA,"",NO FUE NUNCA,"",NO FUE NUNCA,"",NO FUE NUNCA,"",NO FUE NUNCA,"",NO FUE NUNCA,"",NO FUE NUNCA,"",5,1,1,3,PRIMARIA INCOMPLETA,LA PERSONA QUE FUE ENTREVISTADA,"",ES JUBILADO/PENSIONADO, ,"",NO TRABAJO NUNCA AMA DE CASA,"OFICIO MENOR, OBRERO NO CALIFICADO/ SERVICIO DOMESTICO",SI,NO,NO,NO,NO,NO,PROPIA,SI,NO,SI,NO,NO,BARRIO CON VIVIENDAS DISTINTAS,BARRIO CON VIVIENDAS DISTINTAS,CASA,28,D2,0,0,0,0,0,0,0,0,0,0,30,0.5,0,0,0,0,0,0,0,0,0
101,101,6742,2017-05-20T00:00:00,NEA,Varn,16,"HABITOS, COSTUMBRES, COMPORTAMIENTOS", ,NO,PORQUE NO LE GUSTA LA RADIO, ,NO,NA,NA,NA,,,0,0,NA,NA,NA,NA,NA,NA,NA,NA,NA,NA,NA,NA, ,1,SI,"", ,NA,TODOS O CASI TODOS LOS DIAS,2,0,2,0,NUNCA,ALGUNOS DIAS POR SEMANA,ALGUNOS DIAS POR SEMANA,TODOS O CASI TODOS LOS DIAS,ALGUNAS VECES AL MES,NUNCA,NUNCA,NUNCA,ALGUNOS DIAS POR SEMANA,NUNCA,CASI NUNCA,HABITUALMENTE,NUNCA,NUNCA,CASI NUNCA,HABITUALMENTE,NUNCA,NUNCA,NUNCA,DE VEZ EN CUANDO,DE VEZ EN CUANDO,NUNCA,CASI NUNCA,6 canciones,SI,TODOS O CASI TODOS LOS DIAS,ALGUNA VEZ CADA 3 MESES,SPOTIFY,YOUTUBE,NA,NA,NA,NA,NA, ,150,0,0,0,NO,PORQUE NO LE GUSTA IR A RECITALES, ,NO,NA,"",0,"",0,"",0,NO,0,NO,SI,"", ,NA,1,1,0,20,0,20,"NO LEYO DIARIOS EN PAPEL, SOLO EN PANTALLA","",0,"",0,TODOS O CASI TODOS LOS DIAS,CELULAR,NUNCA,NUNCA,TODOS O CASI TODOS LOS DIAS,AMBAS POR IGUAL,NO,NO,NA,"",0,"",0,"",0,NA,SI,"", ,NA,3,3,3,3,"SE LO HABIA RECOMENDADO UN PROFESOR, REFERENTE POLITICO, RELIGIOSO O ESPIRITUAL", ,3,3,1000,1000,TODOS O CASI TODOS LOS DIAS,"NO LEYO LIBROS EN PANTALLA, SOLO EN PAPEL","","","","","",NUNCA,NUNCA,NUNCA,NUNCA,HABITUALMENTE,NUNCA,NUNCA,NUNCA,CASI NUNCA,NUNCA,NUNCA,HABITUALMENTE,DE VEZ EN CUANDO,HABITUALMENTE,NUNCA,DE VEZ EN CUANDO,SI,"",NA,1,0,1,0,TELEVISION POR CABLE,NA,NO MIRA,UNA HORA O MENOS AL DIA,NUNCA,NUNCA,NUNCA,TODOS O CASI TODOS LOS DIAS,NUNCA,HABITUALMENTE,NUNCA,2,1,1,SI,"", ,NA,NUNCA,ALGUNA VEZ CADA 3 MESES,ALGUNA VEZ CADA 3 MESES,ALGUNA VEZ CADA 3 MESES,ALGUNAS VECES AL MES,ALGUNOS DIAS POR SEMANA,TODOS O CASI TODOS LOS DIAS,NUNCA,TODOS O CASI TODOS LOS DIAS,TODOS O CASI TODOS LOS DIAS,NUNCA,ALGUNAS VECES AL MES,ALGUNOS DIAS POR SEMANA,250,0,0,NO,PORQUE NO LE GUSTA EL CINE, ,SI,NA,"",0,"",0,NA, ,NA,NA,NA,NA,NA,NA,NA,NA,NA,NA,NA,NO,NA,"",0,"",0,"",0,SI,"", ,NA,NA,SI,NA,"",INCLUYE TELFONO,NS/NC,NS/NC,TODOS O CASI TODOS LOS DAS,TODOS O CASI TODOS LOS DAS,NUNCA,ALGUNOS DIAS POR SEMANA,16,NO USA,16,NO USA,ALGUNAS VECES AL MES,TODOS O CASI TODOS LOS DAS,ALGUNOS DIAS POR SEMANA,NUNCA,ALGUNAS VECES AL MES,ALGUNAS VECES AL MES,NUNCA,NUNCA,NUNCA,NUNCA,SI,SI,NO,SI,NO,TODOS O CASI TODOS LOS DAS,TODOS O CASI TODOS LOS DAS,NA,TODOS O CASI TODOS LOS DAS,NA,NO,NA, ,ALGUNA VEZ AL AO O MENOS,ALGUNOS DIAS POR SEMANA,ALGUNA VEZ CADA 3 MESES,ALGUNA VEZ AL AO O MENOS,NUNCA,ALGUNOS DIAS POR SEMANA,ALGUNA VEZ CADA 3 MESES,2,0,2,0,"OBSERVA LOS CONTENIDOS, SIN HACER COMENTARIOS",NA,"","","","","","","","","","","",2,NINGUNA,SI,1,SI,SI,380,380,12000,SI,TODOS O CASI TODOS LOS DIAS,2,0,2,0,ALGUNAS VECES AL MES,ALGUNAS VECES AL MES,NUNCA,TODOS O CASI TODOS LOS DIAS,1200,1200,NO,NO,NO,NO,NO,NO,NO,NO,NO,NA,NA,NA,NA,NA,NA,NA,NA,NA,NA,NO,NO,NO,NO,NO,NO,"",0,NO,"",0,NA,NA,NA,NA,NA,NA,"","",0,ENTRE 1 Y 5 AOS,"",VARIAS VECES EN EL ULTIMO AO,0,NO FUE NUNCA,"",NO FUE NUNCA,"",NO FUE NUNCA,"",NO FUE NUNCA,"",NO FUE NUNCA,"",ENTRE 1 Y 5 AOS,"",ENTRE 1 Y 5 AOS,"",ENTRE 1 Y 5 AOS,"",NO FUE NUNCA,"",NO FUE NUNCA,"",NO FUE NUNCA,"",NO FUE NUNCA,"",NO FUE NUNCA,"",NO FUE NUNCA,"",NO FUE NUNCA,"",NO FUE NUNCA,"",NO FUE NUNCA,"",NO FUE NUNCA,"",5,1,0,3,SECUNDARIA INCOMPLETA,OTRO MIEMBRO DEL HOGAR,UNIVERSITARIO COMPLETO,TRABAJA,CONTADOR,EJECUTIVO MEDIO DE EMPRESA/ PROFESIONAL INDEPENDIENTE/ FUNCI, ,"",SI,SI,SI,NO,SI,SI,PROPIA,NO,NO,NO,NO,NO,BARRIO CON VIVIENDAS DISTINTAS,BARRIO CON VIVIENDAS DISTINTAS,CASA,89,C1,0,0,0,120,120,2,0,20,0.333333333,60,60,1,960,960,16,120,120,2,120,120,2
102,102,5054,2017-05-20T00:00:00,NEA,Varn,21,"HABITOS, COSTUMBRES, COMPORTAMIENTOS", ,NO,PORQUE NO LE GUSTA LA RADIO, ,NO,NA,NA,NA,,,0,0,NA,NA,NA,NA,NA,NA,NA,NA,NA,NA,NA,NA, ,1,SI,"", ,NA,TODOS O CASI TODOS LOS DIAS,2,0,2,0,NUNCA,ALGUNOS DIAS POR SEMANA,ALGUNOS DIAS POR SEMANA,TODOS O CASI TODOS LOS DIAS,NUNCA,NUNCA,NUNCA,NUNCA,ALGUNAS VECES AL MES,NUNCA,CASI NUNCA,DE VEZ EN CUANDO,NUNCA,NUNCA,CASI NUNCA,HABITUALMENTE,NUNCA,NUNCA,NUNCA,CASI NUNCA,DE VEZ EN CUANDO,NUNCA,NUNCA,5 canciones,SI,ALGUNOS DIAS POR SEMANA,ALGUNA VEZ CADA 3 MESES,SPOTIFY,YOUTUBE,NA,NA,NA,NA,NA, ,100,0,0,0,NO,PORQUE NO LE GUSTA IR A RECITALES, ,NO,NA,"",0,"",0,"",0,NO,0,NO,SI,"", ,NA,1,1,0,10,0,10,"NO LEYO DIARIOS EN PAPEL, SOLO EN PANTALLA","",0,"",0,TODOS O CASI TODOS LOS DIAS,CELULAR,NUNCA,NUNCA,TODOS O CASI TODOS LOS DIAS,AMBAS POR IGUAL,NO,NO,NA,"",0,"",0,"",0,NA,NO,PORQUE YA NO ESTUDIA, ,SI,"",0,"",0,"", ,"",0,"",0,NA,NA,"","","","","",NA,NA,NA,NA,NA,NA,NA,NA,NA,NA,NA,NA,NA,NA,NA,NA,SI,"",NA,4,0,4,0,TELEVISION POR CABLE,NA,ALGUNA VEZ AL AO,VARIAS HORAS AL DIA,NUNCA,NUNCA,NUNCA,TODOS O CASI TODOS LOS DIAS,NUNCA,HABITUALMENTE,NUNCA,2,NINGUNO,NINGUNO,SI,"", ,NA,NUNCA,NUNCA,ALGUNA VEZ CADA 3 MESES,ALGUNAS VECES AL MES,ALGUNAS VECES AL MES,ALGUNOS DIAS POR SEMANA,TODOS O CASI TODOS LOS DIAS,ALGUNA VEZ AL AO,TODOS O CASI TODOS LOS DIAS,TODOS O CASI TODOS LOS DIAS,NUNCA,ALGUNAS VECES AL MES,ALGUNAS VECES AL MES,200,0,0,SI,"", ,NA,ALGUNA VEZ CADA 3 MESES,30,30,0,0,POR COMENTARIOS EN REDES SOCIALES, ,HABITUALMENTE,HABITUALMENTE,DE VEZ EN CUANDO,NUNCA,CASI NUNCA,CASI NUNCA,HABITUALMENTE,NUNCA,NUNCA,NUNCA,NUNCA,NO,NA,"",0,"",0,"",0,SI,"", ,NA,NA,SI,NA,"",INCLUYE TELFONO,700,700,ALGUNAS VECES AL MES,TODOS O CASI TODOS LOS DAS,NUNCA,ALGUNAS VECES AL MES,15,NO USA,15,NO USA,ALGUNOS DIAS POR SEMANA,TODOS O CASI TODOS LOS DAS,NUNCA,NUNCA,NUNCA,NUNCA,NUNCA,NUNCA,NUNCA,NUNCA,SI,SI,SI,NO,NO,TODOS O CASI TODOS LOS DAS,TODOS O CASI TODOS LOS DAS,ALGUNOS DIAS POR SEMANA,NA,NA,NO,NA, ,ALGUNA VEZ AL AO O MENOS,ALGUNA VEZ AL AO O MENOS,ALGUNA VEZ CADA 3 MESES,NUNCA,NUNCA,ALGUNAS VECES AL MES,ALGUNA VEZ CADA 3 MESES,1,0,1,0,"OBSERVA LOS CONTENIDOS, SIN HACER COMENTARIOS",NA,"","","","","","","","","","","",1,1,SI,1,SI,SI,500,500,NS/NC,SI,ALGUNOS DIAS POR SEMANA,2,0,2,0,ALGUNAS VECES AL MES,NUNCA,NUNCA,TODOS O CASI TODOS LOS DIAS,1000,1000,NO,NO,NO,NO,NO,NO,NO,NO,NO,NA,NA,NA,NA,NA,NA,NA,NA,NA,NA,SI,NO,NO,NO,NO,NO,"",0,NO,"",0,NA,NA,NA,NA,NA,NA,"","",0,HACE MAS DE 5 AOS,"",1 VEZ EN EL ULTIMO AO,0,NO FUE NUNCA,"",NO FUE NUNCA,"",NO FUE NUNCA,"",NO FUE NUNCA,"",NO FUE NUNCA,"",NO FUE NUNCA,"",ENTRE 1 Y 5 AOS,"",ENTRE 1 Y 5 AOS,"",NO FUE NUNCA,"",NO FUE NUNCA,"",NO FUE NUNCA,"",NO FUE NUNCA,"",NO FUE NUNCA,"",NO FUE NUNCA,"",NO FUE NUNCA,"",NO FUE NUNCA,"",NO FUE NUNCA,"",NO FUE NUNCA,"",3,0,0,2,SECUNDARIA COMPLETA,OTRO MIEMBRO DEL HOGAR,SECUNDARIA COMPLETA,TRABAJA,REDES ELECTRICAS,TRABAJADOR/OBRERO CALIFICADO. EMPLEADO ADMINISTRATIVO MEDIO, ,"",SI,SI,SI,NO,SI,SI,PROPIA,NO,NO,NO,NO,NO,BARRIO CON VIVIENDAS DISTINTAS,BARRIO CON VIVIENDAS DISTINTAS,CASA,66,C3,0,0,0,120,120,2,0,10,0.166666667,240,240,4,900,900,15,60,60,1,120,120,2
103,103,3964,2017-05-20T00:00:00,NEA,Varn,37,"HABITOS, COSTUMBRES, COMPORTAMIENTOS", ,SI,"", ,NA,SI,ALGUNOS DIAS POR SEMANA,FM,4,0,4,0,TODOS O CASI TODOS LOS DIAS,NUNCA,NUNCA,NUNCA,NUNCA,INFORMATIVOS / NOTICIEROS,NA,NA,NA,NA,NA,NA, ,2,SI,"", ,NA,TODOS O CASI TODOS LOS DIAS,2,0,2,0,TODOS O CASI TODOS LOS DIAS,ALGUNA VEZ AL AO O MENOS,NUNCA,ALGUNOS DIAS POR SEMANA,NUNCA,NUNCA,NUNCA,NUNCA,ALGUNOS DIAS POR SEMANA,HABITUALMENTE,NUNCA,NUNCA,NUNCA,NUNCA,DE VEZ EN CUANDO,DE VEZ EN CUANDO,CASI NUNCA,NUNCA,NUNCA,CASI NUNCA,NUNCA,CASI NUNCA,CASI NUNCA,8 canciones,SI,ALGUNOS DIAS POR SEMANA,NUNCA,SPOTIFY,YOUTUBE,NA,NA,NA,NA,NA, ,0,0,0,0,NO,PORQUE NO LE GUSTA IR A RECITALES, ,NO,NA,"",0,"",0,"",0,NO,0,NO,SI,"", ,NA,2,2,0,30,0,30,"NO LEYO DIARIOS EN PAPEL, SOLO EN PANTALLA","",0,"",0,TODOS O CASI TODOS LOS DIAS,CELULAR,NUNCA,ALGUNAS VECES AL MES,TODOS O CASI TODOS LOS DIAS,AMBAS POR IGUAL,SI,NA,ALGUNOS DIAS POR SEMANA,4,4,0,0,160,160,"NO LEYO REVISTAS EN PANTALLA, SOLO EN PAPEL",SI,"", ,NA,2,2,2,2,PORQUE ESTABA EN SU CASA, ,0,0,0,0,ALGUNOS DIAS POR SEMANA,"NO LEYO LIBROS EN PANTALLA, SOLO EN PAPEL","","","","","",NUNCA,HABITUALMENTE,NUNCA,NUNCA,CASI NUNCA,NUNCA,NUNCA,NUNCA,DE VEZ EN CUANDO,NUNCA,NUNCA,CASI NUNCA,NUNCA,NUNCA,NUNCA,CASI NUNCA,SI,"",NA,3,0,3,0,TELEVISION POR CABLE,NA,UNA HORA O MENOS AL DIA,VARIAS HORAS AL DIA,NUNCA,NUNCA,NUNCA,TODOS O CASI TODOS LOS DIAS,NUNCA,HABITUALMENTE,CASI NUNCA,2,1,1,SI,"", ,NA,NUNCA,ALGUNA VEZ AL AO,ALGUNA VEZ AL AO,ALGUNA VEZ CADA 3 MESES,ALGUNA VEZ CADA 3 MESES,ALGUNOS DIAS POR SEMANA,TODOS O CASI TODOS LOS DIAS,TODOS O CASI TODOS LOS DIAS,TODOS O CASI TODOS LOS DIAS,NUNCA,NUNCA,ALGUNA VEZ CADA 3 MESES,NUNCA,0,0,0,NO,PORQUE NO LE GUSTA EL CINE, ,SI,NA,"",0,"",0,NA, ,NA,NA,NA,NA,NA,NA,NA,NA,NA,NA,NA,NO,NA,"",0,"",0,"",0,SI,"", ,NA,NA,NO,SI,570,NA,"",0,ALGUNA VEZ AL AO O MENOS,TODOS O CASI TODOS LOS DAS,NUNCA,NUNCA,9,NO USA,9,NO USA,ALGUNOS DIAS POR SEMANA,TODOS O CASI TODOS LOS DAS,NUNCA,NUNCA,NUNCA,NUNCA,NUNCA,NUNCA,NUNCA,NUNCA,SI,NO,NO,NO,NO,ALGUNOS DIAS POR SEMANA,NA,NA,NA,NA,NO,NA, ,ALGUNA VEZ AL AO O MENOS,ALGUNA VEZ AL AO O MENOS,ALGUNA VEZ CADA 3 MESES,ALGUNA VEZ AL AO O MENOS,NUNCA,ALGUNA VEZ CADA 3 MESES,ALGUNA VEZ CADA 3 MESES,0,20,0,20,"OBSERVA LOS CONTENIDOS, SIN HACER COMENTARIOS",NA,"","","","","","","","","","","",NINGUNA,NINGUNA,NO,1,SI,NO,200,200,0,NO,NA,,,0,0,NA,NA,NA,NA,"",0,NO,NO,NO,NO,NO,NO,NO,NO,NO,NA,NA,NA,NA,NA,NA,NA,NA,NA,NA,SI,NO,NO,NO,NO,NO,"",0,NO,"",0,NA,NA,NA,NA,NA,NA,"","",0,HACE MAS DE 5 AOS,"",1 VEZ EN EL ULTIMO AO,0,1 VEZ EN EL ULTIMO AO,200,ENTRE 1 Y 5 AOS,"",HACE MAS DE 5 AOS,"",HACE MAS DE 5 AOS,"",NO FUE NUNCA,"",HACE MAS DE 5 AOS,"",HACE MAS DE 5 AOS,"",HACE MAS DE 5 AOS,"",NO FUE NUNCA,"",NO FUE NUNCA,"",NO FUE NUNCA,"",NO FUE NUNCA,"",NO FUE NUNCA,"",NO FUE NUNCA,"",NO FUE NUNCA,"",NO FUE NUNCA,"",NO FUE NUNCA,"",NO FUE NUNCA,"",2,0,0,2,TERCIARIO COMPLETO,LA PERSONA QUE FUE ENTREVISTADA,"",TRABAJA,VENDEDOR,"OFICIO MENOR, OBRERO NO CALIFICADO/ SERVICIO DOMESTICO", ,"",NO,NO,NO,NO,SI,SI,PROPIA,NO,NO,NO,NO,NO,BARRIO CON VIVIENDAS DISTINTAS,BARRIO CON VIVIENDAS DISTINTAS,CASA,62,C3,240,240,4,120,120,2,0,30,0.5,180,180,3,540,540,9,0,20,0.333333333,0,0,0
104,104,5946,2017-05-25T00:00:00,NEA,Varn,48,"LA TRADICION, LA HISTORIA", ,SI,"", ,NA,NO,TODOS O CASI TODOS LOS DIAS,FM,6,0,6,0,TODOS O CASI TODOS LOS DIAS,TODOS O CASI TODOS LOS DIAS,NUNCA,NUNCA,NUNCA,INFORMATIVOS / NOTICIEROS,MUSICALES,DEPORTIVOS,NA,NA,NA,NA, ,1,NO,POR FALTA DE TIEMPO, ,SI,NA,,,0,0,NA,NA,NA,NA,NA,NA,NA,NA,NA,NA,NA,NA,NA,NA,NA,NA,NA,NA,NA,NA,NA,NA,NA,"",NA,NA,NA,NA,NA,NA,NA,NA,NA,NA, ,"",0,0,0,NO,PORQUE NO LE GUSTA IR A RECITALES, ,NO,NA,"",0,"",0,"",0,NO,0,NO,SI,"", ,NA,3,3,0,30,0,30,"NO LEYO DIARIOS EN PAPEL, SOLO EN PANTALLA","",0,"",0,TODOS O CASI TODOS LOS DIAS,COMPUTADORA,NUNCA,ALGUNAS VECES AL MES,TODOS O CASI TODOS LOS DIAS,PRINCIPALMENTE LEE ARTICULOS Y NOTICIAS DE DISTINTOS MEDIOS,NO,NO,NA,"",0,"",0,"",0,NA,NO,PORQUE YA NO ESTUDIA, ,SI,"",0,"",0,"", ,"",0,"",0,NA,NA,"","","","","",NA,NA,NA,NA,NA,NA,NA,NA,NA,NA,NA,NA,NA,NA,NA,NA,SI,"",NA,2,0,2,0,TELEVISION POR CABLE,NA,UNA HORA O MENOS AL DIA,VARIAS HORAS AL DIA,NUNCA,NUNCA,NUNCA,TODOS O CASI TODOS LOS DIAS,NUNCA,HABITUALMENTE,NUNCA,1,1,1,SI,"", ,NA,NUNCA,NUNCA,ALGUNA VEZ AL AO,ALGUNAS VECES AL MES,ALGUNAS VECES AL MES,ALGUNAS VECES AL MES,NUNCA,TODOS O CASI TODOS LOS DIAS,TODOS O CASI TODOS LOS DIAS,NUNCA,NUNCA,ALGUNOS DIAS POR SEMANA,NUNCA,0,0,0,SI,"", ,NA,ALGUNA VEZ CADA 3 MESES,4,4,0,0,VIO O ESCUCHO EN UNA PUBLICIDAD, ,CASI NUNCA,DE VEZ EN CUANDO,CASI NUNCA,NUNCA,NUNCA,NUNCA,NUNCA,NUNCA,NUNCA,NUNCA,NUNCA,NO,NA,"",0,"",0,"",0,SI,"", ,NA,NA,SI,NA,"",INCLUYE TELFONO,688,688,TODOS O CASI TODOS LOS DAS,TODOS O CASI TODOS LOS DAS,NUNCA,NUNCA,8,NO USA,8,NO USA,ALGUNOS DIAS POR SEMANA,TODOS O CASI TODOS LOS DAS,NUNCA,NUNCA,ALGUNAS VECES AL MES,ALGUNA VEZ AL AO O MENOS,NUNCA,NUNCA,NUNCA,NUNCA,NO,NO,NO,NO,NO,NA,NA,NA,NA,NA,NO,NA, ,NA,NA,NA,NA,NA,NA,NA,,,0,0,"OBSERVA LOS CONTENIDOS, SIN HACER COMENTARIOS",NA,"","","","","","","","","","","",1,NINGUNA,SI,1,SI,SI,100,100,0,NO,NA,,,0,0,NA,NA,NA,NA,"",0,NO,NO,NO,NO,NO,NO,NO,NO,NO,NA,NA,NA,NA,NA,NA,NA,NA,NA,NA,SI,NO,NO,NO,NO,NO,"",0,NO,"",0,NA,NA,NA,NA,NA,NA,"","",0,NO FUE NUNCA,"",1 VEZ EN EL ULTIMO AO,300,ENTRE 1 Y 5 AOS,"",ENTRE 1 Y 5 AOS,"",NO FUE NUNCA,"",NO FUE NUNCA,"",NO FUE NUNCA,"",NO FUE NUNCA,"",NO FUE NUNCA,"",HACE MAS DE 5 AOS,"",NO FUE NUNCA,"",NO FUE NUNCA,"",NO FUE NUNCA,"",NO FUE NUNCA,"",ENTRE 1 Y 5 AOS,"",NO FUE NUNCA,"",ENTRE 1 Y 5 AOS,"",ENTRE 1 Y 5 AOS,"",NO FUE NUNCA,"",NO FUE NUNCA,"",3,0,0,2,PRIMARIA COMPLETA,LA PERSONA QUE FUE ENTREVISTADA,"",TRABAJA,TAXISTA,TRABAJADOR/OBRERO CALIFICADO. EMPLEADO ADMINISTRATIVO MEDIO, ,"",SI,SI,SI,NO,SI,SI,PROPIA,NO,NO,NO,NO,NO,BARRIO CON VIVIENDAS DISTINTAS,BARRIO CON VIVIENDAS DISTINTAS,CASA,54,C3,360,360,6,0,0,0,0,30,0.5,120,120,2,480,480,8,0,0,0,0,0,0
105,105,14545,2017-05-20T00:00:00,NEA,Varn,69,"HABITOS, COSTUMBRES, COMPORTAMIENTOS", ,SI,"", ,NA,NO,ALGUNOS DIAS POR SEMANA,FM,3,0,3,0,TODOS O CASI TODOS LOS DIAS,TODOS O CASI TODOS LOS DIAS,NUNCA,NUNCA,NUNCA,INFORMATIVOS / NOTICIEROS,MUSICALES,DEPORTIVOS,CULTURALES,NA,NA,NA, ,2,SI,"", ,NA,TODOS O CASI TODOS LOS DIAS,1,0,1,0,NUNCA,TODOS O CASI TODOS LOS DIAS,NUNCA,NUNCA,NUNCA,NUNCA,NUNCA,NUNCA,NUNCA,HABITUALMENTE,NUNCA,NUNCA,NUNCA,NUNCA,NUNCA,NUNCA,CASI NUNCA,NUNCA,NUNCA,NUNCA,NUNCA,HABITUALMENTE,CASI NUNCA,9 canciones,NO,NA,NA,NA,NA,NA,NA,NA,NA,NA, ,"",0,0,0,NO,PORQUE NO LE INTERESA, ,SI,NA,"",0,"",0,"",0,NO,0,NO,SI,"", ,NA,1,1,1,0,1,0,TODOS O CASI TODOS LOS DIAS,1,1,NS/NC,NS/NC,"NO LEYO DIARIOS EN PANTALLA, SOLO EN PAPEL",NA,TODOS O CASI TODOS LOS DIAS,ALGUNAS VECES AL MES,NUNCA,PRINCIPALMENTE LEE EN PAPEL O POR INTERNET SU DIARIO O DIARIOS PREFERIDOS,NO,NO,NA,"",0,"",0,"",0,NA,NO,PORQUE LOS LIBROS ESTAN CAROS, ,SI,"",0,"",0,"", ,"",0,"",0,NA,NA,"","","","","",NA,NA,NA,NA,NA,NA,NA,NA,NA,NA,NA,NA,NA,NA,NA,NA,SI,"",NA,5,0,5,0,TELEVISION POR CABLE,NA,UNA HORA O MENOS AL DIA,VARIAS HORAS AL DIA,NUNCA,NUNCA,NUNCA,TODOS O CASI TODOS LOS DIAS,NUNCA,HABITUALMENTE,NUNCA,2,1,1,SI,"", ,NA,NUNCA,NUNCA,ALGUNOS DIAS POR SEMANA,NUNCA,TODOS O CASI TODOS LOS DIAS,TODOS O CASI TODOS LOS DIAS,ALGUNA VEZ CADA 3 MESES,TODOS O CASI TODOS LOS DIAS,TODOS O CASI TODOS LOS DIAS,NUNCA,NUNCA,NUNCA,NUNCA,0,0,0,NO,PORQUE NO LE INTERESA, ,SI,NA,"",0,"",0,NA, ,NA,NA,NA,NA,NA,NA,NA,NA,NA,NA,NA,NO,NA,"",0,"",0,"",0,SI,"", ,NA,NA,NO,SI,680,NA,"",0,ALGUNA VEZ AL AO O MENOS,TODOS O CASI TODOS LOS DAS,NUNCA,NUNCA,6,NO USA,6,NO USA,ALGUNA VEZ AL AO O MENOS,NUNCA,NUNCA,NUNCA,NUNCA,NUNCA,NUNCA,NUNCA,NUNCA,NUNCA,NO,NO,NO,NO,NO,NA,NA,NA,NA,NA,NO,NA, ,NA,NA,NA,NA,NA,NA,NA,,,0,0,"OBSERVA LOS CONTENIDOS, SIN HACER COMENTARIOS",NA,"","","","","","","","","","","",1,1,SI,1,SI,SI,300,300,0,NO,NA,,,0,0,NA,NA,NA,NA,"",0,NO,NO,NO,NO,NO,NO,NO,NO,NO,NA,NA,NA,NA,NA,NA,NA,NA,NA,NA,NO,NO,NO,NO,NO,NO,"",0,NO,"",0,NA,NA,NA,NA,NA,NA,"","",0,NO FUE NUNCA,"",ENTRE 1 Y 5 AOS,"",NO FUE NUNCA,"",NO FUE NUNCA,"",HACE MAS DE 5 AOS,"",HACE MAS DE 5 AOS,"",HACE MAS DE 5 AOS,"",NO FUE NUNCA,"",NO FUE NUNCA,"",NO FUE NUNCA,"",NO FUE NUNCA,"",NO FUE NUNCA,"",NO FUE NUNCA,"",NO FUE NUNCA,"",NO FUE NUNCA,"",NO FUE NUNCA,"",NO FUE NUNCA,"",VARIAS VECES EN EL ULTIMO AO,0,NO FUE NUNCA,"",NO FUE NUNCA,"",7,1,1,5,SECUNDARIA COMPLETA,LA PERSONA QUE FUE ENTREVISTADA,"",TRABAJA,TAPICERO,"OFICIO MENOR, OBRERO NO CALIFICADO/ SERVICIO DOMESTICO", ,"",SI,NO,SI,NO,SI,SI,PROPIA,NO,NO,NO,NO,NO,BARRIO CON VIVIENDAS DISTINTAS,BARRIO CON VIVIENDAS DISTINTAS,CASA,56,C3,180,180,3,60,60,1,60,60,1,300,300,5,360,360,6,0,0,0,0,0,0
106,106,5359,2017-05-20T00:00:00,NEA,Mujer,19,"LA FORMA DE PENSAR, IDEOLOGIA, VALORES", ,NO,PORQUE NO LE GUSTA LA RADIO, ,NO,NA,NA,NA,,,0,0,NA,NA,NA,NA,NA,NA,NA,NA,NA,NA,NA,NA, ,1,SI,"", ,NA,ALGUNOS DIAS POR SEMANA,1,0,1,0,NUNCA,NUNCA,NUNCA,TODOS O CASI TODOS LOS DIAS,NUNCA,NUNCA,NUNCA,NUNCA,NUNCA,NUNCA,CASI NUNCA,NUNCA,DE VEZ EN CUANDO,NUNCA,DE VEZ EN CUANDO,HABITUALMENTE,DE VEZ EN CUANDO,NUNCA,NUNCA,DE VEZ EN CUANDO,CASI NUNCA,NUNCA,NUNCA,6 canciones,SI,ALGUNOS DIAS POR SEMANA,ALGUNA VEZ AL AO O MENOS,SPOTIFY,YOUTUBE,NA,NA,NA,NA,NA, ,0,0,0,0,NO,PORQUE NO LE GUSTA IR A RECITALES, ,NO,NA,"",0,"",0,"",0,NO,0,NO,NO,PORQUE NO LE GUSTA LEER DIARIOS, ,NO,"",0,,,0,0,NA,"",0,"",0,NA,NA,NA,NA,NA,NA,NO,NO,NA,"",0,"",0,"",0,NA,NO,PORQUE YA NO ESTUDIA, ,SI,"",0,"",0,"", ,"",0,"",0,NA,NA,"","","","","",NA,NA,NA,NA,NA,NA,NA,NA,NA,NA,NA,NA,NA,NA,NA,NA,SI,"",NA,2,0,2,0,TELEVISION POR CABLE,NA,ALGUNAS VECES AL MES,VARIAS HORAS AL DIA,NUNCA,NUNCA,NUNCA,TODOS O CASI TODOS LOS DIAS,CASI NUNCA,HABITUALMENTE,NUNCA,2,NINGUNO,NINGUNO,SI,"", ,NA,NUNCA,NUNCA,NUNCA,ALGUNA VEZ CADA 3 MESES,ALGUNAS VECES AL MES,ALGUNAS VECES AL MES,ALGUNAS VECES AL MES,ALGUNAS VECES AL MES,TODOS O CASI TODOS LOS DIAS,NUNCA,ALGUNA VEZ AL AO,ALGUNA VEZ AL AO,NS/NC,0,0,0,NO,PORQUE NO LE INTERESA, ,SI,NA,"",0,"",0,NA, ,NA,NA,NA,NA,NA,NA,NA,NA,NA,NA,NA,NO,NA,"",0,"",0,"",0,SI,"", ,NA,NA,NO,SI,600,NA,"",0,ALGUNA VEZ AL AO O MENOS,TODOS O CASI TODOS LOS DAS,ALGUNAS VECES AL MES,NUNCA,15,NO USA,15,NO USA,ALGUNAS VECES AL MES,ALGUNA VEZ AL AO O MENOS,ALGUNA VEZ AL AO O MENOS,NUNCA,ALGUNA VEZ AL AO O MENOS,ALGUNA VEZ AL AO O MENOS,ALGUNA VEZ AL AO O MENOS,NUNCA,NUNCA,ALGUNA VEZ AL AO O MENOS,SI,NO,NO,NO,NO,TODOS O CASI TODOS LOS DAS,NA,NA,NA,NA,NO,NA, ,ALGUNA VEZ AL AO O MENOS,ALGUNA VEZ AL AO O MENOS,ALGUNA VEZ CADA 3 MESES,NUNCA,ALGUNA VEZ AL AO O MENOS,ALGUNA VEZ CADA 3 MESES,ALGUNA VEZ AL AO O MENOS,21,0,21,0,"OBSERVA LOS CONTENIDOS, SIN HACER COMENTARIOS",NA,"","","","","","","","","","","",NINGUNA,1,NO,1,SI,SI,250,250,NS/NC,NO,NA,,,0,0,NA,NA,NA,NA,"",0,NO,NO,NO,NO,NO,NO,NO,NO,NO,NA,NA,NA,NA,NA,NA,NA,NA,NA,NA,SI,NO,NO,NO,NO,NO,"",0,NO,"",0,NA,NA,NA,NA,NA,NA,"","",0,NO FUE NUNCA,"",1 VEZ EN EL ULTIMO AO,0,ENTRE 1 Y 5 AOS,"",ENTRE 1 Y 5 AOS,"",ENTRE 1 Y 5 AOS,"",ENTRE 1 Y 5 AOS,"",HACE MAS DE 5 AOS,"",NO FUE NUNCA,"",HACE MAS DE 5 AOS,"",NO FUE NUNCA,"",NO FUE NUNCA,"",NO FUE NUNCA,"",NO FUE NUNCA,"",NO FUE NUNCA,"",ENTRE 1 Y 5 AOS,"",NO FUE NUNCA,"",NO FUE NUNCA,"",1 VEZ EN EL ULTIMO AO,0,HACE MAS DE 5 AOS,"",NO FUE NUNCA,"",3,0,0,2,PRIMARIA COMPLETA,OTRO MIEMBRO DEL HOGAR,PRIMARIA COMPLETA,TRABAJA,VENDEDOR,"OFICIO MENOR, OBRERO NO CALIFICADO/ SERVICIO DOMESTICO", ,"",NO,NO,NO,NO,NO,SI,PROPIA,NO,NO,NO,NO,NO,BARRIO CON VIVIENDAS DISTINTAS,BARRIO CON VIVIENDAS DISTINTAS,CASA,32,D2,0,0,0,60,60,1,0,0,0,120,120,2,900,900,15,1260,1260,21,0,0,0
107,107,1744,2017-05-20T00:00:00,NEA,Mujer,29,"HABITOS, COSTUMBRES, COMPORTAMIENTOS", ,SI,"", ,NA,NO,ALGUNOS DIAS POR SEMANA,FM,3,0,3,0,ALGUNOS DIAS POR SEMANA,NUNCA,NUNCA,NUNCA,NUNCA,INFORMATIVOS / NOTICIEROS,MUSICALES,ACTUALIDAD / MAGAZINE,NA,NA,NA,NA, ,2,SI,"", ,NA,ALGUNOS DIAS POR SEMANA,3,0,3,0,NUNCA,ALGUNA VEZ AL AO O MENOS,ALGUNA VEZ AL AO O MENOS,ALGUNOS DIAS POR SEMANA,NUNCA,NUNCA,NUNCA,NUNCA,ALGUNOS DIAS POR SEMANA,HABITUALMENTE,NUNCA,NUNCA,CASI NUNCA,CASI NUNCA,DE VEZ EN CUANDO,DE VEZ EN CUANDO,HABITUALMENTE,CASI NUNCA,CASI NUNCA,NUNCA,NUNCA,CASI NUNCA,CASI NUNCA,5 canciones,SI,ALGUNA VEZ CADA 3 MESES,ALGUNA VEZ AL AO O MENOS,YOUTUBE,NA,NA,NA,NA,NA,NA, ,0,0,0,0,NO,PORQUE NO LE GUSTA IR A RECITALES, ,NO,NA,"",0,"",0,"",0,NO,0,NO,NO,PORQUE NO LE GUSTA LEER DIARIOS, ,SI,"",0,,,0,0,NA,"",0,"",0,NA,NA,NA,NA,NA,NA,NO,SI,NA,"",0,"",0,"",0,NA,NO,PORQUE NO TIENE TIEMPO, ,NO,"",0,"",0,"", ,"",0,"",0,NA,NA,"","","","","",NA,NA,NA,NA,NA,NA,NA,NA,NA,NA,NA,NA,NA,NA,NA,NA,SI,"",NA,1,0,1,0,TELEVISION SATELITAL,NA,NO MIRA,UNA HORA O MENOS AL DIA,NUNCA,NUNCA,NUNCA,TODOS O CASI TODOS LOS DIAS,NUNCA,HABITUALMENTE,CASI NUNCA,3,1,1,SI,"", ,NA,TODOS O CASI TODOS LOS DIAS,NUNCA,NUNCA,ALGUNA VEZ CADA 3 MESES,ALGUNA VEZ CADA 3 MESES,ALGUNOS DIAS POR SEMANA,ALGUNAS VECES AL MES,NUNCA,TODOS O CASI TODOS LOS DIAS,ALGUNAS VECES AL MES,NUNCA,ALGUNA VEZ CADA 3 MESES,ALGUNA VEZ AL AO,250,0,0,NO,PORQUE NO LE GUSTA EL CINE, ,NO,NA,"",0,"",0,NA, ,NA,NA,NA,NA,NA,NA,NA,NA,NA,NA,NA,NO,NA,"",0,"",0,"",0,SI,"", ,NA,NA,NO,SI,1000,NA,"",0,NUNCA,TODOS O CASI TODOS LOS DAS,NUNCA,ALGUNAS VECES AL MES,10,NO USA,10,NO USA,ALGUNOS DIAS POR SEMANA,NUNCA,ALGUNAS VECES AL MES,NUNCA,NUNCA,NUNCA,NUNCA,NUNCA,NUNCA,NUNCA,SI,NO,NO,NO,NO,ALGUNOS DIAS POR SEMANA,NA,NA,NA,NA,NO,NA, ,NUNCA,NUNCA,NUNCA,NUNCA,NUNCA,ALGUNA VEZ AL AO O MENOS,NUNCA,0,20,0,20,"OBSERVA LOS CONTENIDOS, SIN HACER COMENTARIOS",NA,"","","","","","","","","","","",1,NINGUNA,NO,1,SI,SI,200,200,0,NO,NA,,,0,0,NA,NA,NA,NA,"",0,NO,NO,NO,NO,NO,NO,NO,NO,NO,NA,NA,NA,NA,NA,NA,NA,NA,NA,NA,SI,NO,NO,NO,NO,NO,"",0,NO,"",0,NA,NA,NA,NA,NA,NA,"","",0,HACE MAS DE 5 AOS,"",ENTRE 1 Y 5 AOS,"",HACE MAS DE 5 AOS,"",HACE MAS DE 5 AOS,"",HACE MAS DE 5 AOS,"",HACE MAS DE 5 AOS,"",HACE MAS DE 5 AOS,"",ENTRE 1 Y 5 AOS,"",ENTRE 1 Y 5 AOS,"",HACE MAS DE 5 AOS,"",HACE MAS DE 5 AOS,"",HACE MAS DE 5 AOS,"",NO FUE NUNCA,"",NO FUE NUNCA,"",NO FUE NUNCA,"",NO FUE NUNCA,"",NO FUE NUNCA,"",ENTRE 1 Y 5 AOS,"",HACE MAS DE 5 AOS,"",HACE MAS DE 5 AOS,"",4,3,0,2,PRIMARIA COMPLETA,OTRO MIEMBRO DEL HOGAR,SECUNDARIA COMPLETA,TRABAJA,EMPLEADO ADMINISTRATIVO,TRABAJADOR/OBRERO CALIFICADO. EMPLEADO ADMINISTRATIVO MEDIO, ,"",SI,NO,NO,NO,SI,SI,PROPIA,NO,NO,NO,NO,NO,BARRIO CON VIVIENDAS DISTINTAS,BARRIO CON VIVIENDAS DISTINTAS,CASA,58,C3,180,180,3,180,180,3,0,0,0,60,60,1,600,600,10,0,20,0.333333333,0,0,0
108,108,8325,2017-05-20T00:00:00,NEA,Mujer,31,"LA FORMA DE PENSAR, IDEOLOGIA, VALORES", ,NO,PORQUE NO LE GUSTA LA RADIO, ,NO,NA,NA,NA,,,0,0,NA,NA,NA,NA,NA,NA,NA,NA,NA,NA,NA,NA, ,1,SI,"", ,NA,TODOS O CASI TODOS LOS DIAS,3,0,3,0,NUNCA,TODOS O CASI TODOS LOS DIAS,ALGUNOS DIAS POR SEMANA,TODOS O CASI TODOS LOS DIAS,NUNCA,NUNCA,NUNCA,NUNCA,ALGUNAS VECES AL MES,CASI NUNCA,NUNCA,HABITUALMENTE,NUNCA,NUNCA,CASI NUNCA,DE VEZ EN CUANDO,HABITUALMENTE,NUNCA,DE VEZ EN CUANDO,NUNCA,NUNCA,NUNCA,DE VEZ EN CUANDO,8 canciones,SI,ALGUNAS VECES AL MES,ALGUNA VEZ AL AO O MENOS,SPOTIFY,YOUTUBE,NA,NA,NA,NA,NA, ,150,0,0,0,NO,PORQUE NO LE GUSTA IR A RECITALES, ,NO,NA,"",0,"",0,"",0,NO,0,NO,SI,"", ,NA,2,2,0,30,0,30,"NO LEYO DIARIOS EN PAPEL, SOLO EN PANTALLA","",0,"",0,TODOS O CASI TODOS LOS DIAS,CELULAR,NUNCA,ALGUNAS VECES AL MES,TODOS O CASI TODOS LOS DIAS,AMBAS POR IGUAL,NO,NO,NA,"",0,"",0,"",0,NA,NO,PORQUE NO TIENE TIEMPO, ,SI,"",0,"",0,"", ,"",0,"",0,NA,NA,"","","","","",NA,NA,NA,NA,NA,NA,NA,NA,NA,NA,NA,NA,NA,NA,NA,NA,SI,"",NA,2,0,2,0,TELEVISION POR CABLE,NA,ALGUNAS VECES POR SEMANA,VARIAS HORAS AL DIA,NUNCA,NUNCA,NUNCA,TODOS O CASI TODOS LOS DIAS,CASI NUNCA,DE VEZ EN CUANDO,CASI NUNCA,1,NINGUNO,NINGUNO,NO,POR FALTA DE TIEMPO, ,SI,NA,NA,NA,NA,NA,NA,NA,NA,NA,NA,NA,NA,NA,0,0,0,SI,"", ,NA,TODOS O CASI TODOS LOS MESES,8,8,2,2,VIO LOS AVANCES EN EL CINE, ,HABITUALMENTE,DE VEZ EN CUANDO,CASI NUNCA,CASI NUNCA,NUNCA,HABITUALMENTE,HABITUALMENTE,NUNCA,NUNCA,CASI NUNCA,CASI NUNCA,NO,NA,"",0,"",0,"",0,SI,"", ,NA,NA,NO,SI,430,NA,"",0,ALGUNOS DIAS POR SEMANA,TODOS O CASI TODOS LOS DAS,NUNCA,NUNCA,9,NO USA,9,NO USA,TODOS O CASI TODOS LOS DAS,TODOS O CASI TODOS LOS DAS,ALGUNOS DIAS POR SEMANA,NUNCA,ALGUNA VEZ CADA 3 MESES,NUNCA,NUNCA,NUNCA,NUNCA,NUNCA,SI,NO,NO,NO,NO,TODOS O CASI TODOS LOS DAS,NA,NA,NA,NA,NO,NA, ,NUNCA,NUNCA,NUNCA,NUNCA,NUNCA,ALGUNA VEZ CADA 3 MESES,ALGUNA VEZ AL AO O MENOS,0,30,0,30,"OBSERVA LOS CONTENIDOS, SIN HACER COMENTARIOS",NA,"","","","","","","","","","","",1,NINGUNA,SI,1,SI,SI,600,600,0,NO,NA,,,0,0,NA,NA,NA,NA,"",0,NO,NO,NO,NO,NO,NO,NO,NO,NO,NA,NA,NA,NA,NA,NA,NA,NA,NA,NA,SI,NO,NO,NO,NO,NO,"",0,NO,"",0,NA,NA,NA,NA,NA,NA,"","",0,HACE MAS DE 5 AOS,"",ENTRE 1 Y 5 AOS,"",HACE MAS DE 5 AOS,"",NO FUE NUNCA,"",NO FUE NUNCA,"",NO FUE NUNCA,"",NO FUE NUNCA,"",NO FUE NUNCA,"",ENTRE 1 Y 5 AOS,"",NO FUE NUNCA,"",NO FUE NUNCA,"",NO FUE NUNCA,"",NO FUE NUNCA,"",NO FUE NUNCA,"",NO FUE NUNCA,"",NO FUE NUNCA,"",NO FUE NUNCA,"",ENTRE 1 Y 5 AOS,"",1 VEZ EN EL ULTIMO AO,0,NO FUE NUNCA,"",4,0,0,2,SECUNDARIA COMPLETA,LA PERSONA QUE FUE ENTREVISTADA,"",TRABAJA,VENDEDOR,"OFICIO MENOR, OBRERO NO CALIFICADO/ SERVICIO DOMESTICO", ,"",NO,NO,SI,NO,SI,SI,PROPIA,NO,NO,NO,NO,NO,BARRIO CON VIVIENDAS DISTINTAS,BARRIO CON VIVIENDAS DISTINTAS,CASA,52,D1,0,0,0,180,180,3,0,30,0.5,120,120,2,540,540,9,0,30,0.5,0,0,0
109,109,10407,2017-05-20T00:00:00,NEA,Mujer,46,"HABITOS, COSTUMBRES, COMPORTAMIENTOS", ,SI,"", ,NA,NO,TODOS O CASI TODOS LOS DIAS,FM,4,0,4,0,TODOS O CASI TODOS LOS DIAS,ALGUNOS DIAS POR SEMANA,NUNCA,NUNCA,NUNCA,INFORMATIVOS / NOTICIEROS,MUSICALES,NA,NA,NA,NA,NA, ,1,SI,"", ,NA,TODOS O CASI TODOS LOS DIAS,4,0,4,0,ALGUNAS VECES AL MES,ALGUNOS DIAS POR SEMANA,ALGUNAS VECES AL MES,TODOS O CASI TODOS LOS DIAS,NUNCA,NUNCA,NUNCA,NUNCA,ALGUNOS DIAS POR SEMANA,HABITUALMENTE,CASI NUNCA,NUNCA,CASI NUNCA,CASI NUNCA,CASI NUNCA,DE VEZ EN CUANDO,HABITUALMENTE,HABITUALMENTE,DE VEZ EN CUANDO,CASI NUNCA,CASI NUNCA,DE VEZ EN CUANDO,DE VEZ EN CUANDO,8 canciones,SI,ALGUNOS DIAS POR SEMANA,ALGUNAS VECES AL MES,SPOTIFY,YOUTUBE,NA,NA,NA,NA,NA, ,0,0,0,0,NO,PORQUE NO LE GUSTA IR A RECITALES, ,SI,NA,"",0,"",0,"",0,SI,1,NO,NO,UTILIZA OTRO MEDIO PARA INFORMARSE, ,SI,"",0,,,0,0,NA,"",0,"",0,NA,NA,NA,NA,NA,NA,NO,NO,NA,"",0,"",0,"",0,NA,SI,"", ,NA,1,1,0,0,SE LO REGALARON, ,0,0,0,0,ALGUNOS DIAS POR SEMANA,"NO LEYO LIBROS EN PANTALLA, SOLO EN PAPEL","","","","","",NUNCA,HABITUALMENTE,NUNCA,CASI NUNCA,CASI NUNCA,NUNCA,NUNCA,NUNCA,CASI NUNCA,NUNCA,NUNCA,NUNCA,NUNCA,NUNCA,NUNCA,CASI NUNCA,SI,"",NA,0,30,0,30,TELEVISION POR CABLE,NA,ALGUNAS VECES POR SEMANA,UNA HORA O MENOS AL DIA,NUNCA,NUNCA,NUNCA,TODOS O CASI TODOS LOS DIAS,NUNCA,HABITUALMENTE,NUNCA,2,1,1,NO,PORQUE NO LE INTERESA, ,SI,NA,NA,NA,NA,NA,NA,NA,NA,NA,NA,NA,NA,NA,0,0,0,SI,"", ,NA,ALGUNA VEZ CADA 3 MESES,6,6,2,2,VIO O ESCUCHO EN UNA PUBLICIDAD, ,DE VEZ EN CUANDO,HABITUALMENTE,NUNCA,CASI NUNCA,CASI NUNCA,CASI NUNCA,HABITUALMENTE,DE VEZ EN CUANDO,NUNCA,DE VEZ EN CUANDO,DE VEZ EN CUANDO,NO,NA,"",0,"",0,"",0,SI,"", ,NA,NA,SI,NA,"",INCLUYE CABLE,700,700,ALGUNOS DIAS POR SEMANA,TODOS O CASI TODOS LOS DAS,ALGUNA VEZ AL AO O MENOS,NUNCA,10,NO USA,10,NO USA,ALGUNOS DIAS POR SEMANA,NUNCA,ALGUNA VEZ AL AO O MENOS,NUNCA,NUNCA,NUNCA,NUNCA,NUNCA,NUNCA,NUNCA,NO,NO,NO,NO,NO,NA,NA,NA,NA,NA,NO,NA, ,NA,NA,NA,NA,NA,NA,NA,,,0,0,"OBSERVA LOS CONTENIDOS, SIN HACER COMENTARIOS",NA,"","","","","","","","","","","",2,1,SI,1,SI,SI,260,260,0,NO,NA,,,0,0,NA,NA,NA,NA,"",0,NO,NO,NO,NO,NO,NO,NO,NO,NO,NA,NA,NA,NA,NA,NA,NA,NA,NA,NA,SI,SI,NO,NO,NO,NO,0,0,SI,1,1,UNA VEZ AL AO,UNA VEZ AL AO,UNA VEZ AL AO,NUNCA,NUNCA,NUNCA,FUE GRATUITO,0,0,HACE MAS DE 5 AOS,"",1 VEZ EN EL ULTIMO AO,0,ENTRE 1 Y 5 AOS,"",NO FUE NUNCA,"",HACE MAS DE 5 AOS,"",NO FUE NUNCA,"",NO FUE NUNCA,"",HACE MAS DE 5 AOS,"",ENTRE 1 Y 5 AOS,"",1 VEZ EN EL ULTIMO AO,0,NO FUE NUNCA,"",1 VEZ EN EL ULTIMO AO,0,HACE MAS DE 5 AOS,"",1 VEZ EN EL ULTIMO AO,0,NO FUE NUNCA,"",NO FUE NUNCA,"",NO FUE NUNCA,"",ENTRE 1 Y 5 AOS,"",ENTRE 1 Y 5 AOS,"",HACE MAS DE 5 AOS,"",5,0,0,3,SECUNDARIA COMPLETA,OTRO MIEMBRO DEL HOGAR,PRIMARIA COMPLETA,TRABAJA,AGRICULTOR,TECNICO ESPECIALIZADO. COMERCIANTE. SUPERVISOR / JEFE / CAP, ,"",SI,SI,SI,NO,SI,SI,PROPIA,NO,NO,NO,NO,NO,BARRIO CON VIVIENDAS DISTINTAS,BARRIO CON VIVIENDAS DISTINTAS,CASA,60,C3,240,240,4,240,240,4,0,0,0,0,30,0.5,600,600,10,0,0,0,0,0,0
110,110,5071,2017-05-20T00:00:00,NEA,Mujer,78,"LA TRADICION, LA HISTORIA", ,SI,"", ,NA,NO,TODOS O CASI TODOS LOS DIAS,FM,2,0,2,0,TODOS O CASI TODOS LOS DIAS,NUNCA,NUNCA,NUNCA,NUNCA,INFORMATIVOS / NOTICIEROS,MUSICALES,CHIMENTOS,PROGRAMAS RELIGIOSOS,NA,NA,NA, ,2,NO,UTILIZA OTROS MEDIOS PARA ENTRETENERSE, ,SI,NA,,,0,0,NA,NA,NA,NA,NA,NA,NA,NA,NA,NA,NA,NA,NA,NA,NA,NA,NA,NA,NA,NA,NA,NA,NA,"",NA,NA,NA,NA,NA,NA,NA,NA,NA,NA, ,"",0,0,0,NO,NS/NC, ,NO,NA,"",0,"",0,"",0,NO,0,NO,NO,PORQUE NO LE GUSTA LEER DIARIOS, ,SI,"",0,,,0,0,NA,"",0,"",0,NA,NA,NA,NA,NA,NA,NO,SI,NA,"",0,"",0,"",0,NA,NO,POR PROBLEMAS DE SALUD PARA LEER, ,SI,"",0,"",0,"", ,"",0,"",0,NA,NA,"","","","","",NA,NA,NA,NA,NA,NA,NA,NA,NA,NA,NA,NA,NA,NA,NA,NA,SI,"",NA,4,0,4,0,TELEVISION POR CABLE,NA,ALGUNAS VECES POR SEMANA,VARIAS HORAS AL DIA,NUNCA,NUNCA,NUNCA,TODOS O CASI TODOS LOS DIAS,NUNCA,HABITUALMENTE,NUNCA,2,1,1,NO,PORQUE NO LE INTERESA, ,SI,NA,NA,NA,NA,NA,NA,NA,NA,NA,NA,NA,NA,NA,0,0,0,NO,PORQUE NO LE INTERESA, ,SI,NA,"",0,"",0,NA, ,NA,NA,NA,NA,NA,NA,NA,NA,NA,NA,NA,NO,NA,"",0,"",0,"",0,NO,PORQUE NO LE INTERESA, ,NO,NO,NA,NA,"",NA,"",0,NA,NA,NA,NA,,"",0,NO USA,NA,NA,NA,NA,NA,NA,NA,NA,NA,NA,NA,NA,NA,NA,NA,NA,NA,NA,NA,NA,NA,NA, ,NA,NA,NA,NA,NA,NA,NA,,,0,0,NA,NA,"","","","","","","","","","","",1,NINGUNA,SI,1,NO,NA,200,200,0,NO,NA,,,0,0,NA,NA,NA,NA,"",0,NO,SI,NO,NO,NO,NO,NO,NO,NO,NO,NO,NO,SI,NO,NO,NO,NO,NO,NO,NO,NO,NO,NO,NO,NO,"",0,NO,"",0,NA,NA,NA,NA,NA,NA,"","",0,NO FUE NUNCA,"",ENTRE 1 Y 5 AOS,"",NO FUE NUNCA,"",NO FUE NUNCA,"",ENTRE 1 Y 5 AOS,"",HACE MAS DE 5 AOS,"",NO FUE NUNCA,"",NO FUE NUNCA,"",NO FUE NUNCA,"",NO FUE NUNCA,"",NO FUE NUNCA,"",NO FUE NUNCA,"",NO FUE NUNCA,"",NO FUE NUNCA,"",1 VEZ EN EL ULTIMO AO,0,NO FUE NUNCA,"",NO FUE NUNCA,"",NO FUE NUNCA,"",NO FUE NUNCA,"",NO FUE NUNCA,"",2,0,2,2,PRIMARIA INCOMPLETA,LA PERSONA QUE FUE ENTREVISTADA,"",ES JUBILADO/PENSIONADO, ,"",MAESTRA,TRABAJADOR/OBRERO CALIFICADO. EMPLEADO ADMINISTRATIVO MEDIO,SI,NO,NO,NO,NO,SI,PROPIA,NO,NO,NO,NO,NO,BARRIO CON VIVIENDAS DISTINTAS,BARRIO CON VIVIENDAS DISTINTAS,CASA,32,D2,120,120,2,0,0,0,0,0,0,240,240,4,0,0,0,0,0,0,0,0,0
111,111,9047,2017-05-20T00:00:00,NEA,Varn,18,"HABITOS, COSTUMBRES, COMPORTAMIENTOS", ,SI,"", ,NA,NO,ALGUNOS DIAS POR SEMANA,FM,3,0,3,0,ALGUNOS DIAS POR SEMANA,NUNCA,NUNCA,ALGUNOS DIAS POR SEMANA,NUNCA,INFORMATIVOS / NOTICIEROS,MUSICALES,NA,NA,NA,NA,NA, ,1,SI,"", ,NA,ALGUNOS DIAS POR SEMANA,2,0,2,0,NUNCA,NUNCA,NUNCA,ALGUNOS DIAS POR SEMANA,NUNCA,NUNCA,NUNCA,NUNCA,ALGUNAS VECES AL MES,NUNCA,NUNCA,NUNCA,NUNCA,NUNCA,DE VEZ EN CUANDO,HABITUALMENTE,NUNCA,NUNCA,NUNCA,DE VEZ EN CUANDO,DE VEZ EN CUANDO,NUNCA,NUNCA,8 canciones,SI,ALGUNOS DIAS POR SEMANA,ALGUNAS VECES AL MES,SPOTIFY,YOUTUBE,NA,NA,NA,NA,NA, ,0,0,0,0,NO,PORQUE NO LE GUSTA IR A RECITALES, ,NO,NA,"",0,"",0,"",0,NO,0,NO,SI,"", ,NA,1,1,0,30,0,30,TODOS O CASI TODOS LOS DIAS,7,7,70,70,"NO LEYO DIARIOS EN PANTALLA, SOLO EN PAPEL",NA,TODOS O CASI TODOS LOS DIAS,ALGUNAS VECES AL MES,NUNCA,PRINCIPALMENTE LEE EN PAPEL O POR INTERNET SU DIARIO O DIARIOS PREFERIDOS,NO,NO,NA,"",0,"",0,"",0,NA,NO,PORQUE NO LE INTERESA, ,SI,"",0,"",0,"", ,"",0,"",0,NA,NA,"","","","","",NA,NA,NA,NA,NA,NA,NA,NA,NA,NA,NA,NA,NA,NA,NA,NA,SI,"",NA,1,0,1,0,TELEVISION POR CABLE,NA,ALGUNAS VECES POR SEMANA,VARIAS HORAS AL DIA,NUNCA,NUNCA,NUNCA,TODOS O CASI TODOS LOS DIAS,NUNCA,HABITUALMENTE,NUNCA,3,NINGUNO,NINGUNO,SI,"", ,NA,NUNCA,ALGUNA VEZ AL AO,ALGUNA VEZ AL AO,ALGUNA VEZ CADA 3 MESES,ALGUNA VEZ CADA 3 MESES,ALGUNOS DIAS POR SEMANA,ALGUNOS DIAS POR SEMANA,ALGUNOS DIAS POR SEMANA,TODOS O CASI TODOS LOS DIAS,NUNCA,ALGUNA VEZ AL AO,ALGUNAS VECES AL MES,ALGUNAS VECES AL MES,0,0,0,SI,"", ,NA,TODOS O CASI TODOS LOS MESES,2,2,0,0,"SE LA RECOMENDO UN AMIGO, FAMILIAR O CONOCIDO", ,HABITUALMENTE,NUNCA,DE VEZ EN CUANDO,CASI NUNCA,CASI NUNCA,CASI NUNCA,DE VEZ EN CUANDO,NUNCA,NUNCA,NUNCA,NUNCA,NO,NA,"",0,"",0,"",0,SI,"", ,NA,NA,NO,SI,250,NA,"",0,ALGUNA VEZ AL AO O MENOS,TODOS O CASI TODOS LOS DAS,NUNCA,NUNCA,15,NO USA,15,NO USA,ALGUNA VEZ AL AO O MENOS,NUNCA,ALGUNA VEZ AL AO O MENOS,NUNCA,ALGUNAS VECES AL MES,ALGUNA VEZ AL AO O MENOS,NUNCA,NUNCA,NUNCA,NUNCA,SI,NO,NO,NO,NO,TODOS O CASI TODOS LOS DAS,NA,NA,NA,NA,NO,NA, ,ALGUNAS VECES AL MES,ALGUNOS DIAS POR SEMANA,ALGUNA VEZ AL AO O MENOS,ALGUNA VEZ AL AO O MENOS,NUNCA,ALGUNOS DIAS POR SEMANA,ALGUNAS VECES AL MES,1,0,1,0,"OBSERVA LOS CONTENIDOS, SIN HACER COMENTARIOS",NA,"","","","","","","","","","","",NINGUNA,NINGUNA,SI,1,SI,SI,100,100,0,NO,NA,,,0,0,NA,NA,NA,NA,"",0,NO,NO,NO,NO,NO,NO,NO,NO,NO,NA,NA,NA,NA,NA,NA,NA,NA,NA,NA,SI,NO,NO,NO,NO,NO,"",0,NO,"",0,NA,NA,NA,NA,NA,NA,"","",0,NO FUE NUNCA,"",1 VEZ EN EL ULTIMO AO,150,NO FUE NUNCA,"",NO FUE NUNCA,"",NO FUE NUNCA,"",NO FUE NUNCA,"",NO FUE NUNCA,"",HACE MAS DE 5 AOS,"",ENTRE 1 Y 5 AOS,"",NO FUE NUNCA,"",NO FUE NUNCA,"",NO FUE NUNCA,"",NO FUE NUNCA,"",NO FUE NUNCA,"",NO FUE NUNCA,"",NO FUE NUNCA,"",NO FUE NUNCA,"",NO FUE NUNCA,"",NO FUE NUNCA,"",NO FUE NUNCA,"",5,2,0,4,SECUNDARIA INCOMPLETA,OTRO MIEMBRO DEL HOGAR,PRIMARIA INCOMPLETA,TRABAJA,JARDINERO,"OFICIO MENOR, OBRERO NO CALIFICADO/ SERVICIO DOMESTICO", ,"",NO,NO,NO,NO,NO,SI,PROPIA,NO,NO,NO,NO,NO,BARRIO CON VIVIENDAS DISTINTAS,BARRIO CON VIVIENDAS DISTINTAS,CASA,28,D2,180,180,3,120,120,2,0,30,0.5,60,60,1,900,900,15,60,60,1,0,0,0
112,112,2943,2017-05-20T00:00:00,NEA,Varn,28,"LA TRADICION, LA HISTORIA", ,NO,PORQUE NO LE GUSTA LA RADIO, ,SI,NA,NA,NA,,,0,0,NA,NA,NA,NA,NA,NA,NA,NA,NA,NA,NA,NA, ,NS/NC,SI,"", ,NA,TODOS O CASI TODOS LOS DIAS,1,0,1,0,NUNCA,NUNCA,ALGUNOS DIAS POR SEMANA,TODOS O CASI TODOS LOS DIAS,NUNCA,NUNCA,NUNCA,NUNCA,ALGUNOS DIAS POR SEMANA,DE VEZ EN CUANDO,NUNCA,NUNCA,NUNCA,NUNCA,CASI NUNCA,HABITUALMENTE,DE VEZ EN CUANDO,NUNCA,NUNCA,NUNCA,NUNCA,DE VEZ EN CUANDO,NUNCA,9 canciones,SI,TODOS O CASI TODOS LOS DIAS,ALGUNAS VECES AL MES,SPOTIFY,YOUTUBE,NA,NA,NA,NA,NA, ,0,0,0,0,NO,PORQUE NO LE GUSTA IR A RECITALES, ,NO,NA,"",0,"",0,"",0,NO,0,NO,NO,PORQUE NO LE GUSTA LEER DIARIOS, ,NO,"",0,,,0,0,NA,"",0,"",0,NA,NA,NA,NA,NA,NA,NO,NO,NA,"",0,"",0,"",0,NA,NO,PORQUE NO TIENE TIEMPO, ,SI,"",0,"",0,"", ,"",0,"",0,NA,NA,"","","","","",NA,NA,NA,NA,NA,NA,NA,NA,NA,NA,NA,NA,NA,NA,NA,NA,SI,"",NA,21,0,21,0,TELEVISION POR CABLE,NA,VARIAS HORAS AL DIA,UNA HORA O MENOS AL DIA,NUNCA,NUNCA,NUNCA,TODOS O CASI TODOS LOS DIAS,NUNCA,HABITUALMENTE,NUNCA,1,NINGUNO,NINGUNO,SI,"", ,NA,ALGUNAS VECES AL MES,NUNCA,NUNCA,NUNCA,ALGUNAS VECES AL MES,ALGUNOS DIAS POR SEMANA,ALGUNOS DIAS POR SEMANA,TODOS O CASI TODOS LOS DIAS,TODOS O CASI TODOS LOS DIAS,NUNCA,NUNCA,ALGUNAS VECES AL MES,ALGUNOS DIAS POR SEMANA,0,0,0,NO,PORQUE NO LE GUSTA EL CINE, ,SI,NA,"",0,"",0,NA, ,NA,NA,NA,NA,NA,NA,NA,NA,NA,NA,NA,NO,NA,"",0,"",0,"",0,SI,"", ,NA,NA,NO,SI,200,NA,"",0,ALGUNA VEZ CADA 3 MESES,TODOS O CASI TODOS LOS DAS,NUNCA,NUNCA,6,NO USA,6,NO USA,ALGUNA VEZ CADA 3 MESES,NUNCA,NUNCA,NUNCA,ALGUNAS VECES AL MES,ALGUNAS VECES AL MES,NUNCA,NUNCA,NUNCA,NUNCA,NO,NO,NO,NO,NO,NA,NA,NA,NA,NA,NO,NA, ,NA,NA,NA,NA,NA,NA,NA,,,0,0,NS/NC,NA,"","","","","","","","","","","",1,NINGUNA,NO,1,SI,SI,250,250,0,NO,NA,,,0,0,NA,NA,NA,NA,"",0,NO,NO,NO,NO,NO,NO,NO,NO,NO,NA,NA,NA,NA,NA,NA,NA,NA,NA,NA,SI,NO,NO,NO,NO,NO,"",0,NO,"",0,NA,NA,NA,NA,NA,NA,"","",0,NO FUE NUNCA,"",1 VEZ EN EL ULTIMO AO,0,HACE MAS DE 5 AOS,"",ENTRE 1 Y 5 AOS,"",NO FUE NUNCA,"",NO FUE NUNCA,"",NO FUE NUNCA,"",NO FUE NUNCA,"",ENTRE 1 Y 5 AOS,"",NO FUE NUNCA,"",NO FUE NUNCA,"",NO FUE NUNCA,"",NO FUE NUNCA,"",NO FUE NUNCA,"",NO FUE NUNCA,"",NO FUE NUNCA,"",NO FUE NUNCA,"",ENTRE 1 Y 5 AOS,"",ENTRE 1 Y 5 AOS,"",NO FUE NUNCA,"",1,,,2,SECUNDARIA COMPLETA,LA PERSONA QUE FUE ENTREVISTADA,"",TRABAJA,REPARTIDOR,"OFICIO MENOR, OBRERO NO CALIFICADO/ SERVICIO DOMESTICO", ,"",NO,NO,NO,NO,NO,SI,PROPIA,NO,NO,NO,NO,NO,BARRIO CON VIVIENDAS DISTINTAS,BARRIO CON VIVIENDAS DISTINTAS,CASA,44,D1,0,0,0,60,60,1,0,0,0,1260,1260,21,360,360,6,0,0,0,0,0,0
113,113,7093,2017-05-20T00:00:00,NEA,Varn,33,"HABITOS, COSTUMBRES, COMPORTAMIENTOS", ,SI,"", ,NA,NO,TODOS O CASI TODOS LOS DIAS,FM,8,0,8,0,TODOS O CASI TODOS LOS DIAS,NUNCA,NUNCA,NUNCA,NUNCA,INFORMATIVOS / NOTICIEROS,MUSICALES,DEPORTIVOS,ACTUALIDAD / MAGAZINE,NA,NA,NA, ,2,SI,"", ,NA,TODOS O CASI TODOS LOS DIAS,3,0,3,0,ALGUNOS DIAS POR SEMANA,NUNCA,ALGUNOS DIAS POR SEMANA,TODOS O CASI TODOS LOS DIAS,NUNCA,NUNCA,NUNCA,NUNCA,ALGUNOS DIAS POR SEMANA,HABITUALMENTE,CASI NUNCA,DE VEZ EN CUANDO,NUNCA,CASI NUNCA,DE VEZ EN CUANDO,DE VEZ EN CUANDO,HABITUALMENTE,NUNCA,NUNCA,NUNCA,NUNCA,DE VEZ EN CUANDO,HABITUALMENTE,7 canciones,SI,ALGUNOS DIAS POR SEMANA,ALGUNA VEZ AL AO O MENOS,SPOTIFY,YOUTUBE,NA,NA,NA,NA,NA, ,0,0,0,0,SI,"", ,NA,ALGUNA VEZ CADA 3 MESES,2,2,1,1,1000,1000,NO,0,NO,SI,"", ,NA,2,2,0,10,0,10,"NO LEYO DIARIOS EN PAPEL, SOLO EN PANTALLA","",0,"",0,TODOS O CASI TODOS LOS DIAS,CELULAR,NUNCA,ALGUNAS VECES AL MES,TODOS O CASI TODOS LOS DIAS,PRINCIPALMENTE LEE ARTICULOS Y NOTICIAS DE DISTINTOS MEDIOS,NO,NO,NA,"",0,"",0,"",0,NA,SI,"", ,NA,3,3,0,0,"SE LO HABIA RECOMENDADO UN AMIGO, FAMILIAR O CONOCIDO", ,0,0,0,0,ALGUNOS DIAS POR SEMANA,"NO LEYO LIBROS EN PANTALLA, SOLO EN PAPEL","","","","","",NUNCA,NUNCA,NUNCA,NUNCA,NUNCA,CASI NUNCA,NUNCA,DE VEZ EN CUANDO,CASI NUNCA,NUNCA,DE VEZ EN CUANDO,NUNCA,CASI NUNCA,NUNCA,NUNCA,HABITUALMENTE,SI,"",NA,3,0,3,0,TELEVISION POR CABLE,NA,UNA HORA O MENOS AL DIA,VARIAS HORAS AL DIA,NUNCA,NUNCA,NUNCA,TODOS O CASI TODOS LOS DIAS,NUNCA,HABITUALMENTE,NUNCA,2,2,2,SI,"", ,NA,NUNCA,ALGUNA VEZ CADA 3 MESES,ALGUNOS DIAS POR SEMANA,ALGUNA VEZ AL AO,ALGUNA VEZ CADA 3 MESES,ALGUNOS DIAS POR SEMANA,ALGUNAS VECES AL MES,TODOS O CASI TODOS LOS DIAS,TODOS O CASI TODOS LOS DIAS,NUNCA,ALGUNA VEZ AL AO,ALGUNA VEZ AL AO,ALGUNOS DIAS POR SEMANA,0,0,0,NO,POR FALTA DE TIEMPO, ,SI,NA,"",0,"",0,NA, ,NA,NA,NA,NA,NA,NA,NA,NA,NA,NA,NA,NO,NA,"",0,"",0,"",0,SI,"", ,NA,NA,SI,NA,"",INCLUYE CABLE,700,700,ALGUNOS DIAS POR SEMANA,TODOS O CASI TODOS LOS DAS,ALGUNA VEZ CADA 3 MESES,ALGUNA VEZ AL AO O MENOS,7,NO USA,7,NO USA,TODOS O CASI TODOS LOS DAS,TODOS O CASI TODOS LOS DAS,ALGUNA VEZ AL AO O MENOS,NUNCA,ALGUNAS VECES AL MES,ALGUNA VEZ AL AO O MENOS,ALGUNA VEZ AL AO O MENOS,ALGUNA VEZ AL AO O MENOS,NUNCA,NUNCA,SI,NO,NO,NO,NO,ALGUNOS DIAS POR SEMANA,NA,NA,NA,NA,NO,NA, ,ALGUNA VEZ AL AO O MENOS,ALGUNA VEZ AL AO O MENOS,ALGUNA VEZ CADA 3 MESES,ALGUNA VEZ AL AO O MENOS,NUNCA,ALGUNAS VECES AL MES,ALGUNAS VECES AL MES,0,30,0,30,"OBSERVA LOS CONTENIDOS, SIN HACER COMENTARIOS",NA,"","","","","","","","","","","",1,1,NO,1,SI,SI,200,200,0,NO,NA,,,0,0,NA,NA,NA,NA,"",0,NO,NO,NO,NO,NO,NO,NO,NO,NO,NA,NA,NA,NA,NA,NA,NA,NA,NA,NA,SI,NO,NO,NO,NO,NO,"",0,NO,"",0,NA,NA,NA,NA,NA,NA,"","",0,HACE MAS DE 5 AOS,"",VARIAS VECES EN EL ULTIMO AO,0,ENTRE 1 Y 5 AOS,"",ENTRE 1 Y 5 AOS,"",1 VEZ EN EL ULTIMO AO,0,HACE MAS DE 5 AOS,"",ENTRE 1 Y 5 AOS,"",ENTRE 1 Y 5 AOS,"",HACE MAS DE 5 AOS,"",HACE MAS DE 5 AOS,"",HACE MAS DE 5 AOS,"",NO FUE NUNCA,"",NO FUE NUNCA,"",NO FUE NUNCA,"",HACE MAS DE 5 AOS,"",NO FUE NUNCA,"",NO FUE NUNCA,"",ENTRE 1 Y 5 AOS,"",NO FUE NUNCA,"",NO FUE NUNCA,"",3,1,0,2,SECUNDARIA COMPLETA,LA PERSONA QUE FUE ENTREVISTADA,"",TRABAJA,REPARTIDOR,"OFICIO MENOR, OBRERO NO CALIFICADO/ SERVICIO DOMESTICO", ,"",SI,SI,NO,NO,SI,SI,PROPIA,NO,NO,NO,NO,NO,BARRIO CON VIVIENDAS DISTINTAS,BARRIO CON VIVIENDAS DISTINTAS,CASA,56,C3,480,480,8,180,180,3,0,10,0.166666667,180,180,3,420,420,7,0,30,0.5,0,0,0
114,114,7093,2017-05-20T00:00:00,NEA,Varn,47,"HABITOS, COSTUMBRES, COMPORTAMIENTOS", ,SI,"", ,NA,NO,ALGUNOS DIAS POR SEMANA,AMBAS POR IGUAL,0,30,0,30,ALGUNOS DIAS POR SEMANA,ALGUNOS DIAS POR SEMANA,NUNCA,NUNCA,NUNCA,INFORMATIVOS / NOTICIEROS,NA,NA,NA,NA,NA,NA, ,1,SI,"", ,NA,ALGUNOS DIAS POR SEMANA,0,20,0,20,NUNCA,ALGUNOS DIAS POR SEMANA,ALGUNAS VECES AL MES,ALGUNAS VECES AL MES,NUNCA,NUNCA,NUNCA,NUNCA,ALGUNAS VECES AL MES,HABITUALMENTE,CASI NUNCA,DE VEZ EN CUANDO,NUNCA,NUNCA,CASI NUNCA,CASI NUNCA,DE VEZ EN CUANDO,NUNCA,NUNCA,NUNCA,CASI NUNCA,CASI NUNCA,CASI NUNCA,8 canciones,NO,NA,NA,NA,NA,NA,NA,NA,NA,NA, ,"",0,0,0,NO,NS/NC, ,NO,NA,"",0,"",0,"",0,NO,0,NO,SI,"", ,NA,2,2,0,30,0,30,"NO LEYO DIARIOS EN PAPEL, SOLO EN PANTALLA","",0,"",0,TODOS O CASI TODOS LOS DIAS,CELULAR,NUNCA,MENOS DE UNA VEZ POR MES,TODOS O CASI TODOS LOS DIAS,PRINCIPALMENTE LEE ARTICULOS Y NOTICIAS DE DISTINTOS MEDIOS,NO,NO,NA,"",0,"",0,"",0,NA,NO,PORQUE NO TIENE TIEMPO, ,SI,"",0,"",0,"", ,"",0,"",0,NA,NA,"","","","","",NA,NA,NA,NA,NA,NA,NA,NA,NA,NA,NA,NA,NA,NA,NA,NA,SI,"",NA,3,0,3,0,"SOLO CANALES DE AIRE ""ANALOGICOS""",NA,NA,NA,ALGUNOS DIAS POR SEMANA,TODOS O CASI TODOS LOS DIAS,NUNCA,ALGUNOS DIAS POR SEMANA,NUNCA,NUNCA,HABITUALMENTE,1,NINGUNO,NINGUNO,SI,"", ,NA,ALGUNOS DIAS POR SEMANA,ALGUNA VEZ AL AO,ALGUNA VEZ CADA 3 MESES,ALGUNA VEZ CADA 3 MESES,ALGUNA VEZ CADA 3 MESES,TODOS O CASI TODOS LOS DIAS,TODOS O CASI TODOS LOS DIAS,TODOS O CASI TODOS LOS DIAS,ALGUNA VEZ AL AO,ALGUNOS DIAS POR SEMANA,NUNCA,ALGUNOS DIAS POR SEMANA,ALGUNOS DIAS POR SEMANA,200,0,0,NO,PORQUE NO LE INTERESA, ,SI,NA,"",0,"",0,NA, ,NA,NA,NA,NA,NA,NA,NA,NA,NA,NA,NA,NO,NA,"",0,"",0,"",0,SI,"", ,NA,NA,SI,NA,"",INCLUYE TELFONO,550,550,TODOS O CASI TODOS LOS DAS,TODOS O CASI TODOS LOS DAS,NUNCA,ALGUNOS DIAS POR SEMANA,14,NO USA,14,NO USA,TODOS O CASI TODOS LOS DAS,TODOS O CASI TODOS LOS DAS,ALGUNAS VECES AL MES,NUNCA,ALGUNOS DIAS POR SEMANA,ALGUNOS DIAS POR SEMANA,NUNCA,NUNCA,NUNCA,NUNCA,SI,NO,NO,NO,NO,TODOS O CASI TODOS LOS DAS,NA,NA,NA,NA,NO,NA, ,NUNCA,NUNCA,ALGUNAS VECES AL MES,NUNCA,NUNCA,ALGUNAS VECES AL MES,ALGUNA VEZ CADA 3 MESES,1,0,1,0,"OBSERVA LOS CONTENIDOS, SIN HACER COMENTARIOS",NA,"","","","","","","","","","","",2,NINGUNA,SI,1,SI,SI,200,200,9000,NO,NA,,,0,0,NA,NA,NA,NA,"",0,NO,NO,NO,NO,NO,NO,NO,NO,NO,NA,NA,NA,NA,NA,NA,NA,NA,NA,NA,SI,NO,NO,NO,NO,NO,"",0,SI,1,1,UNA VEZ AL AO,NUNCA,UNA VEZ AL AO,UNA VEZ AL AO,NUNCA,UNA VEZ AL AO,FUE GRATUITO,0,0,ENTRE 1 Y 5 AOS,"",VARIAS VECES EN EL ULTIMO AO,300,1 VEZ EN EL ULTIMO AO,NS/NC,HACE MAS DE 5 AOS,"",NO FUE NUNCA,"",NO FUE NUNCA,"",NO FUE NUNCA,"",1 VEZ EN EL ULTIMO AO,0,HACE MAS DE 5 AOS,"",ENTRE 1 Y 5 AOS,"",NO FUE NUNCA,"",NO FUE NUNCA,"",NO FUE NUNCA,"",NO FUE NUNCA,"",NO FUE NUNCA,"",NO FUE NUNCA,"",NO FUE NUNCA,"",HACE MAS DE 5 AOS,"",HACE MAS DE 5 AOS,"",NO FUE NUNCA,"",4,2,0,3,SECUNDARIA INCOMPLETA,LA PERSONA QUE FUE ENTREVISTADA,"",TRABAJA,TALLER,TECNICO ESPECIALIZADO. COMERCIANTE. SUPERVISOR / JEFE / CAP, ,"",NO,SI,SI,NO,NO,SI,PROPIA,NO,NO,NO,NO,NO,BARRIO CON VIVIENDAS DISTINTAS,BARRIO CON VIVIENDAS DISTINTAS,CASA,58,C3,0,30,0.5,0,20,0.333333333,0,30,0.5,180,180,3,840,840,14,60,60,1,0,0,0
115,115,6358,2017-05-20T00:00:00,NEA,Varn,63,"LA TRADICION, LA HISTORIA", ,SI,"", ,NA,NO,TODOS O CASI TODOS LOS DIAS,FM,5,0,5,0,TODOS O CASI TODOS LOS DIAS,ALGUNOS DIAS POR SEMANA,NUNCA,ALGUNOS DIAS POR SEMANA,NUNCA,INFORMATIVOS / NOTICIEROS,NA,NA,NA,NA,NA,NA, ,3,SI,"", ,NA,TODOS O CASI TODOS LOS DIAS,2,0,2,0,NUNCA,TODOS O CASI TODOS LOS DIAS,NUNCA,ALGUNOS DIAS POR SEMANA,NUNCA,NS/NC,NUNCA,ALGUNA VEZ CADA 3 MESES,ALGUNAS VECES AL MES,HABITUALMENTE,NUNCA,CASI NUNCA,CASI NUNCA,CASI NUNCA,NUNCA,NUNCA,CASI NUNCA,DE VEZ EN CUANDO,NUNCA,NUNCA,NUNCA,DE VEZ EN CUANDO,CASI NUNCA,9 canciones,SI,ALGUNOS DIAS POR SEMANA,NUNCA,YOUTUBE,NA,NA,NA,NA,NA,NA, ,0,0,0,0,NO,PORQUE LAS ENTRADAS ESTAN CARAS, ,SI,NA,"",0,"",0,"",0,SI,1,NO,SI,"", ,NA,2,2,0,30,0,30,"NO LEYO DIARIOS EN PAPEL, SOLO EN PANTALLA","",0,"",0,TODOS O CASI TODOS LOS DIAS,CELULAR,NUNCA,ALGUNAS VECES AL MES,TODOS O CASI TODOS LOS DIAS,AMBAS POR IGUAL,NO,NO,NA,"",0,"",0,"",0,NA,NO,PORQUE NO TIENE TIEMPO, ,SI,"",0,"",0,"", ,"",0,"",0,NA,NA,"","","","","",NA,NA,NA,NA,NA,NA,NA,NA,NA,NA,NA,NA,NA,NA,NA,NA,SI,"",NA,3,0,3,0,TELEVISION POR CABLE,NA,UNA HORA O MENOS AL DIA,VARIAS HORAS AL DIA,NUNCA,NUNCA,NUNCA,TODOS O CASI TODOS LOS DIAS,CASI NUNCA,HABITUALMENTE,CASI NUNCA,2,1,1,SI,"", ,NA,NUNCA,ALGUNA VEZ CADA 3 MESES,ALGUNA VEZ CADA 3 MESES,ALGUNAS VECES AL MES,ALGUNA VEZ CADA 3 MESES,ALGUNOS DIAS POR SEMANA,NUNCA,ALGUNOS DIAS POR SEMANA,TODOS O CASI TODOS LOS DIAS,ALGUNAS VECES AL MES,NUNCA,ALGUNA VEZ AL AO,ALGUNA VEZ AL AO,0,0,0,NO,PORQUE NO LE INTERESA, ,SI,NA,"",0,"",0,NA, ,NA,NA,NA,NA,NA,NA,NA,NA,NA,NA,NA,NO,NA,"",0,"",0,"",0,SI,"", ,NA,NA,NO,SI,500,NA,"",0,NUNCA,TODOS O CASI TODOS LOS DAS,NUNCA,ALGUNOS DIAS POR SEMANA,10,NO USA,10,NO USA,ALGUNA VEZ AL AO O MENOS,TODOS O CASI TODOS LOS DAS,NUNCA,NUNCA,NUNCA,NUNCA,NUNCA,NUNCA,NUNCA,NUNCA,SI,NO,NO,NO,NO,ALGUNOS DIAS POR SEMANA,NA,NA,NA,NA,NO,NA, ,NUNCA,NUNCA,ALGUNAS VECES AL MES,NUNCA,NUNCA,ALGUNOS DIAS POR SEMANA,ALGUNAS VECES AL MES,0,30,0,30,"OBSERVA LOS CONTENIDOS, SIN HACER COMENTARIOS",NA,"","","","","","","","","","","",NINGUNA,NINGUNA,NO,1,SI,NO,300,300,0,NO,NA,,,0,0,NA,NA,NA,NA,"",0,NO,NO,NO,NO,NO,NO,NO,NO,NO,NA,NA,NA,NA,NA,NA,NA,NA,NA,NA,NO,NO,NO,NO,NO,NO,"",0,NO,"",0,NA,NA,NA,NA,NA,NA,"","",0,HACE MAS DE 5 AOS,"",1 VEZ EN EL ULTIMO AO,0,HACE MAS DE 5 AOS,"",HACE MAS DE 5 AOS,"",HACE MAS DE 5 AOS,"",HACE MAS DE 5 AOS,"",HACE MAS DE 5 AOS,"",ENTRE 1 Y 5 AOS,"",HACE MAS DE 5 AOS,"",NO FUE NUNCA,"",NO FUE NUNCA,"",NO FUE NUNCA,"",NO FUE NUNCA,"",NO FUE NUNCA,"",NO FUE NUNCA,"",NO FUE NUNCA,"",NO FUE NUNCA,"",ENTRE 1 Y 5 AOS,"",NO FUE NUNCA,"",NO FUE NUNCA,"",2,0,1,2,SECUNDARIA INCOMPLETA,LA PERSONA QUE FUE ENTREVISTADA,"",TRABAJA,CHOFER,TRABAJADOR/OBRERO CALIFICADO. EMPLEADO ADMINISTRATIVO MEDIO, ,"",NO,NO,SI,NO,SI,SI,PROPIA,NO,NO,NO,NO,NO,BARRIO CON VIVIENDAS DISTINTAS,BARRIO CON VIVIENDAS DISTINTAS,CASA,52,D1,300,300,5,120,120,2,0,30,0.5,180,180,3,600,600,10,0,30,0.5,0,0,0
116,116,12791,2017-05-20T00:00:00,NEA,Mujer,15,"HABITOS, COSTUMBRES, COMPORTAMIENTOS", ,SI,"", ,NA,NO,ALGUNOS DIAS POR SEMANA,FM,1,0,1,0,ALGUNOS DIAS POR SEMANA,NUNCA,NUNCA,ALGUNAS VECES AL MES,NUNCA,INFORMATIVOS / NOTICIEROS,MUSICALES,NA,NA,NA,NA,NA, ,1,SI,"", ,NA,TODOS O CASI TODOS LOS DIAS,2,0,2,0,NUNCA,NUNCA,ALGUNAS VECES AL MES,TODOS O CASI TODOS LOS DIAS,NUNCA,NUNCA,NUNCA,NUNCA,ALGUNAS VECES AL MES,NUNCA,NUNCA,DE VEZ EN CUANDO,NUNCA,NUNCA,HABITUALMENTE,HABITUALMENTE,DE VEZ EN CUANDO,NUNCA,NUNCA,NUNCA,CASI NUNCA,NUNCA,CASI NUNCA,7 canciones,NO,NA,NA,NA,NA,NA,NA,NA,NA,NA, ,"",0,0,0,NO,PORQUE NO LE INTERESA, ,NO,NA,"",0,"",0,"",0,NO,0,NO,NO,PORQUE NO LE GUSTA LEER DIARIOS, ,NO,"",0,,,0,0,NA,"",0,"",0,NA,NA,NA,NA,NA,NA,NO,NO,NA,"",0,"",0,"",0,NA,SI,"", ,NA,2,2,2,2,"SE LO HABIA RECOMENDADO UN PROFESOR, REFERENTE POLITICO, RELIGIOSO O ESPIRITUAL", ,0,0,0,0,ALGUNOS DIAS POR SEMANA,"NO LEYO LIBROS EN PANTALLA, SOLO EN PAPEL","","","","","",NUNCA,NUNCA,NUNCA,NUNCA,HABITUALMENTE,NUNCA,NUNCA,NUNCA,NUNCA,NUNCA,NUNCA,HABITUALMENTE,DE VEZ EN CUANDO,NUNCA,DE VEZ EN CUANDO,NUNCA,SI,"",NA,1,0,1,0,TELEVISION SATELITAL,NA,NO MIRA,UNA HORA O MENOS AL DIA,NUNCA,NUNCA,NUNCA,TODOS O CASI TODOS LOS DIAS,NUNCA,HABITUALMENTE,CASI NUNCA,2,NINGUNO,NINGUNO,SI,"", ,NA,ALGUNA VEZ CADA 3 MESES,ALGUNA VEZ AL AO,ALGUNAS VECES AL MES,NUNCA,ALGUNA VEZ CADA 3 MESES,ALGUNOS DIAS POR SEMANA,NUNCA,NUNCA,TODOS O CASI TODOS LOS DIAS,NUNCA,NUNCA,ALGUNAS VECES AL MES,ALGUNAS VECES AL MES,0,0,0,NO,PORQUE NO LE INTERESA, ,SI,NA,"",0,"",0,NA, ,NA,NA,NA,NA,NA,NA,NA,NA,NA,NA,NA,NO,NA,"",0,"",0,"",0,SI,"", ,NA,NA,NO,SI,900,NA,"",0,ALGUNA VEZ AL AO O MENOS,TODOS O CASI TODOS LOS DAS,NUNCA,NUNCA,4,NO USA,4,NO USA,ALGUNAS VECES AL MES,NUNCA,ALGUNOS DIAS POR SEMANA,NUNCA,ALGUNAS VECES AL MES,NUNCA,NUNCA,NUNCA,NUNCA,NUNCA,SI,NO,SI,SI,NO,TODOS O CASI TODOS LOS DAS,NA,ALGUNAS VECES AL MES,ALGUNOS DIAS POR SEMANA,NA,NO,NA, ,ALGUNAS VECES AL MES,ALGUNAS VECES AL MES,ALGUNA VEZ CADA 3 MESES,NUNCA,NUNCA,ALGUNOS DIAS POR SEMANA,ALGUNA VEZ CADA 3 MESES,0,30,0,30,"OBSERVA LOS CONTENIDOS, SIN HACER COMENTARIOS",NA,"","","","","","","","","","","",3,NINGUNA,NO,1,SI,SI,300,300,0,NO,NA,,,0,0,NA,NA,NA,NA,"",0,NO,NO,NO,NO,NO,NO,NO,NO,NO,NA,NA,NA,NA,NA,NA,NA,NA,NA,NA,SI,NO,NO,NO,NO,NO,"",0,NO,"",0,NA,NA,NA,NA,NA,NA,"","",0,ENTRE 1 Y 5 AOS,"",1 VEZ EN EL ULTIMO AO,0,NO FUE NUNCA,"",NO FUE NUNCA,"",NO FUE NUNCA,"",ENTRE 1 Y 5 AOS,"",NO FUE NUNCA,"",ENTRE 1 Y 5 AOS,"",ENTRE 1 Y 5 AOS,"",HACE MAS DE 5 AOS,"",NO FUE NUNCA,"",NO FUE NUNCA,"",NO FUE NUNCA,"",NO FUE NUNCA,"",ENTRE 1 Y 5 AOS,"",NO FUE NUNCA,"",NO FUE NUNCA,"",ENTRE 1 Y 5 AOS,"",ENTRE 1 Y 5 AOS,"",ENTRE 1 Y 5 AOS,"",5,1,0,2,SECUNDARIA INCOMPLETA,OTRO MIEMBRO DEL HOGAR,SECUNDARIA INCOMPLETA,TRABAJA,ALBAIL,"OFICIO MENOR, OBRERO NO CALIFICADO/ SERVICIO DOMESTICO", ,"",SI,NO,NO,NO,NO,SI,PROPIA,NO,NO,NO,NO,NO,BARRIO CON VIVIENDAS DISTINTAS,BARRIO CON VIVIENDAS DISTINTAS,CASA,42,D1,60,60,1,120,120,2,0,0,0,60,60,1,240,240,4,0,30,0.5,0,0,0
117,117,3197,2017-05-20T00:00:00,NEA,Mujer,24,"HABITOS, COSTUMBRES, COMPORTAMIENTOS", ,SI,"", ,NA,NO,TODOS O CASI TODOS LOS DIAS,FM,4,0,4,0,TODOS O CASI TODOS LOS DIAS,NUNCA,NUNCA,NUNCA,NUNCA,INFORMATIVOS / NOTICIEROS,MUSICALES,NA,NA,NA,NA,NA, ,1,SI,"", ,NA,TODOS O CASI TODOS LOS DIAS,6,0,6,0,ALGUNAS VECES AL MES,NUNCA,ALGUNOS DIAS POR SEMANA,TODOS O CASI TODOS LOS DIAS,NUNCA,NUNCA,NUNCA,NUNCA,ALGUNOS DIAS POR SEMANA,CASI NUNCA,NUNCA,DE VEZ EN CUANDO,NUNCA,NUNCA,DE VEZ EN CUANDO,HABITUALMENTE,CASI NUNCA,NUNCA,NUNCA,NUNCA,CASI NUNCA,NUNCA,NUNCA,8 canciones,SI,ALGUNOS DIAS POR SEMANA,ALGUNA VEZ CADA 3 MESES,SPOTIFY,YOUTUBE,NA,NA,NA,NA,NA, ,0,0,0,0,NO,PORQUE NO LE GUSTA IR A RECITALES, ,NO,NA,"",0,"",0,"",0,NO,0,NO,NO,PORQUE NO LE GUSTA LEER DIARIOS, ,NO,"",0,,,0,0,NA,"",0,"",0,NA,NA,NA,NA,NA,NA,NO,NO,NA,"",0,"",0,"",0,NA,SI,"", ,NA,3,3,3,3,"SE LO HABIA RECOMENDADO UN PROFESOR, REFERENTE POLITICO, RELIGIOSO O ESPIRITUAL", ,2,2,500,500,TODOS O CASI TODOS LOS DIAS,"NO LEYO LIBROS EN PANTALLA, SOLO EN PAPEL","","","","","",NUNCA,NUNCA,NUNCA,NUNCA,HABITUALMENTE,DE VEZ EN CUANDO,NUNCA,NUNCA,NUNCA,NUNCA,NUNCA,HABITUALMENTE,HABITUALMENTE,NUNCA,DE VEZ EN CUANDO,NUNCA,SI,"",NA,3,0,3,0,TELEVISION POR CABLE,NA,ALGUNAS VECES AL MES,VARIAS HORAS AL DIA,NUNCA,NUNCA,NUNCA,TODOS O CASI TODOS LOS DIAS,CASI NUNCA,HABITUALMENTE,CASI NUNCA,1,NINGUNO,NINGUNO,SI,"", ,NA,NUNCA,ALGUNA VEZ CADA 3 MESES,ALGUNA VEZ CADA 3 MESES,ALGUNA VEZ AL AO,ALGUNAS VECES AL MES,ALGUNOS DIAS POR SEMANA,ALGUNA VEZ AL AO,ALGUNAS VECES AL MES,TODOS O CASI TODOS LOS DIAS,NUNCA,NUNCA,ALGUNAS VECES AL MES,ALGUNAS VECES AL MES,0,0,0,NO,PORQUE NO LE GUSTA EL CINE, ,NO,NA,"",0,"",0,NA, ,NA,NA,NA,NA,NA,NA,NA,NA,NA,NA,NA,NO,NA,"",0,"",0,"",0,SI,"", ,NA,NA,NO,SI,400,NA,"",0,ALGUNOS DIAS POR SEMANA,TODOS O CASI TODOS LOS DAS,NUNCA,NUNCA,15,NO USA,15,NO USA,ALGUNOS DIAS POR SEMANA,NUNCA,ALGUNOS DIAS POR SEMANA,NUNCA,ALGUNAS VECES AL MES,NUNCA,NUNCA,NUNCA,NUNCA,NUNCA,SI,NO,NO,NO,NO,TODOS O CASI TODOS LOS DAS,NA,NA,NA,NA,NO,NA, ,ALGUNA VEZ AL AO O MENOS,ALGUNA VEZ CADA 3 MESES,ALGUNA VEZ CADA 3 MESES,ALGUNA VEZ AL AO O MENOS,NUNCA,ALGUNAS VECES AL MES,ALGUNA VEZ CADA 3 MESES,1,0,1,0,"OBSERVA LOS CONTENIDOS, SIN HACER COMENTARIOS",NA,"","","","","","","","","","","",1,NINGUNA,NO,1,SI,NO,550,550,0,NO,NA,,,0,0,NA,NA,NA,NA,"",0,NO,NO,NO,NO,NO,NO,NO,NO,NO,NA,NA,NA,NA,NA,NA,NA,NA,NA,NA,SI,NO,NO,NO,NO,NO,"",0,NO,"",0,NA,NA,NA,NA,NA,NA,"","",0,HACE MAS DE 5 AOS,"",VARIAS VECES EN EL ULTIMO AO,0,ENTRE 1 Y 5 AOS,"",1 VEZ EN EL ULTIMO AO,150,NO FUE NUNCA,"",NO FUE NUNCA,"",NO FUE NUNCA,"",HACE MAS DE 5 AOS,"",ENTRE 1 Y 5 AOS,"",ENTRE 1 Y 5 AOS,"",NO FUE NUNCA,"",NO FUE NUNCA,"",NO FUE NUNCA,"",NO FUE NUNCA,"",HACE MAS DE 5 AOS,"",NO FUE NUNCA,"",NO FUE NUNCA,"",ENTRE 1 Y 5 AOS,"",ENTRE 1 Y 5 AOS,"",HACE MAS DE 5 AOS,"",2,1,0,1,TERCIARIO INCOMPLETO,LA PERSONA QUE FUE ENTREVISTADA,"",TRABAJA,TIENE KIOSCO,TECNICO ESPECIALIZADO. COMERCIANTE. SUPERVISOR / JEFE / CAP, ,"",SI,NO,NO,NO,NO,SI,ALQUILADA,NO,NO,NO,NO,NO,BARRIO CON VIVIENDAS DISTINTAS,BARRIO CON VIVIENDAS DISTINTAS,CASA,62,C3,240,240,4,360,360,6,0,0,0,180,180,3,900,900,15,60,60,1,0,0,0
118,118,22346,2017-05-20T00:00:00,NEA,Mujer,38,"HABITOS, COSTUMBRES, COMPORTAMIENTOS", ,SI,"", ,NA,SI,ALGUNOS DIAS POR SEMANA,FM,2,0,2,0,TODOS O CASI TODOS LOS DIAS,NUNCA,NUNCA,NUNCA,NUNCA,INFORMATIVOS / NOTICIEROS,MUSICALES,CHIMENTOS,NA,NA,NA,NA, ,1,SI,"", ,NA,ALGUNOS DIAS POR SEMANA,1,0,1,0,NUNCA,ALGUNA VEZ AL AO O MENOS,ALGUNAS VECES AL MES,ALGUNOS DIAS POR SEMANA,ALGUNA VEZ AL AO O MENOS,ALGUNA VEZ AL AO O MENOS,ALGUNA VEZ AL AO O MENOS,ALGUNA VEZ AL AO O MENOS,ALGUNAS VECES AL MES,NUNCA,NUNCA,NUNCA,NUNCA,NUNCA,NUNCA,DE VEZ EN CUANDO,DE VEZ EN CUANDO,HABITUALMENTE,NUNCA,NUNCA,NUNCA,CASI NUNCA,HABITUALMENTE,6 canciones,SI,ALGUNOS DIAS POR SEMANA,ALGUNA VEZ CADA 3 MESES,YOUTUBE,NA,NA,NA,NA,NA,NA, ,0,0,0,0,NO,PORQUE NO LE GUSTA IR A RECITALES, ,NO,NA,"",0,"",0,"",0,NO,0,NO,NO,PORQUE NO LE GUSTA LEER DIARIOS, ,SI,"",0,,,0,0,NA,"",0,"",0,NA,NA,NA,NA,NA,NA,NO,NO,NA,"",0,"",0,"",0,NA,NO,POR CUESTIONES ECONOMICAS, ,SI,"",0,"",0,"", ,"",0,"",0,NA,NA,"","","","","",NA,NA,NA,NA,NA,NA,NA,NA,NA,NA,NA,NA,NA,NA,NA,NA,SI,"",NA,2,0,2,0,TELEVISION POR CABLE,NA,ALGUNAS VECES POR SEMANA,VARIAS HORAS AL DIA,NUNCA,NUNCA,NUNCA,TODOS O CASI TODOS LOS DIAS,CASI NUNCA,HABITUALMENTE,CASI NUNCA,1,NINGUNO,NINGUNO,SI,"", ,NA,NUNCA,NUNCA,ALGUNA VEZ CADA 3 MESES,NUNCA,ALGUNA VEZ CADA 3 MESES,ALGUNOS DIAS POR SEMANA,TODOS O CASI TODOS LOS DIAS,ALGUNOS DIAS POR SEMANA,TODOS O CASI TODOS LOS DIAS,NUNCA,NUNCA,ALGUNAS VECES AL MES,ALGUNA VEZ AL AO,0,0,0,NO,PORQUE NO LE GUSTA EL CINE, ,SI,NA,"",0,"",0,NA, ,NA,NA,NA,NA,NA,NA,NA,NA,NA,NA,NA,NO,NA,"",0,"",0,"",0,SI,"", ,NA,NA,NO,SI,580,NA,"",0,NUNCA,TODOS O CASI TODOS LOS DAS,NUNCA,NUNCA,8,NO USA,8,NO USA,ALGUNOS DIAS POR SEMANA,NUNCA,ALGUNA VEZ AL AO O MENOS,NUNCA,ALGUNA VEZ AL AO O MENOS,ALGUNA VEZ AL AO O MENOS,NUNCA,NUNCA,NUNCA,NUNCA,SI,NO,NO,NO,NO,TODOS O CASI TODOS LOS DAS,NA,NA,NA,NA,NO,NA, ,NUNCA,NUNCA,ALGUNA VEZ AL AO O MENOS,ALGUNA VEZ AL AO O MENOS,NUNCA,ALGUNA VEZ CADA 3 MESES,ALGUNA VEZ AL AO O MENOS,0,20,0,20,"OBSERVA LOS CONTENIDOS, SIN HACER COMENTARIOS",NA,"","","","","","","","","","","",2,NINGUNA,NO,1,SI,NO,250,250,0,NO,NA,,,0,0,NA,NA,NA,NA,"",0,NO,NO,NO,NO,NO,NO,NO,SI,NO,NO,NO,NO,SI,NO,NO,NO,NO,NO,NO,SI,NO,NO,NO,NO,NO,"",0,NO,"",0,NA,NA,NA,NA,NA,NA,"","",0,HACE MAS DE 5 AOS,"",1 VEZ EN EL ULTIMO AO,0,HACE MAS DE 5 AOS,"",HACE MAS DE 5 AOS,"",NO FUE NUNCA,"",HACE MAS DE 5 AOS,"",NO FUE NUNCA,"",NO FUE NUNCA,"",ENTRE 1 Y 5 AOS,"",ENTRE 1 Y 5 AOS,"",NO FUE NUNCA,"",NO FUE NUNCA,"",NO FUE NUNCA,"",NO FUE NUNCA,"",NO FUE NUNCA,"",NO FUE NUNCA,"",NO FUE NUNCA,"",ENTRE 1 Y 5 AOS,"",NO FUE NUNCA,"",NO FUE NUNCA,"",12,6,0,4,PRIMARIA COMPLETA,OTRO MIEMBRO DEL HOGAR,PRIMARIA COMPLETA,TRABAJA,ALBAIL,"OFICIO MENOR, OBRERO NO CALIFICADO/ SERVICIO DOMESTICO", ,"",NO,NO,NO,NO,NO,SI,PROPIA,NO,NO,NO,NO,NO,BARRIO CON VIVIENDAS DISTINTAS,BARRIO CON VIVIENDAS DISTINTAS,CASILLA,32,D2,120,120,2,60,60,1,0,0,0,120,120,2,480,480,8,0,20,0.333333333,0,0,0
119,119,11173,2017-05-20T00:00:00,NEA,Mujer,46,"LA FORMA DE PENSAR, IDEOLOGIA, VALORES", ,NO,PORQUE NO LE INTERESA, ,SI,NA,NA,NA,,,0,0,NA,NA,NA,NA,NA,NA,NA,NA,NA,NA,NA,NA, ,1,SI,"", ,NA,ALGUNOS DIAS POR SEMANA,2,0,2,0,NUNCA,NUNCA,NUNCA,ALGUNOS DIAS POR SEMANA,NUNCA,NUNCA,NUNCA,NUNCA,ALGUNAS VECES AL MES,DE VEZ EN CUANDO,NUNCA,NUNCA,DE VEZ EN CUANDO,CASI NUNCA,NUNCA,NUNCA,HABITUALMENTE,DE VEZ EN CUANDO,NUNCA,NUNCA,NUNCA,NUNCA,HABITUALMENTE,6 canciones,NO,NA,NA,NA,NA,NA,NA,NA,NA,NA, ,"",0,0,0,NO,PORQUE NO LE GUSTA IR A RECITALES, ,NO,NA,"",0,"",0,"",0,NO,0,NO,SI,"", ,NA,1,1,0,30,0,30,ALGUNOS DIAS POR SEMANA,5,5,125,125,TODOS O CASI TODOS LOS DIAS,CELULAR,ALGUNOS DIAS POR SEMANA,ALGUNAS VECES AL MES,TODOS O CASI TODOS LOS DIAS,AMBAS POR IGUAL,NO,NO,NA,"",0,"",0,"",0,NA,NO,PORQUE NO TIENE TIEMPO, ,SI,"",0,"",0,"", ,"",0,"",0,NA,NA,"","","","","",NA,NA,NA,NA,NA,NA,NA,NA,NA,NA,NA,NA,NA,NA,NA,NA,SI,"",NA,2,0,2,0,TELEVISION POR CABLE,NA,ALGUNAS VECES POR SEMANA,VARIAS HORAS AL DIA,NUNCA,NUNCA,NUNCA,TODOS O CASI TODOS LOS DIAS,NUNCA,HABITUALMENTE,CASI NUNCA,3,1,1,SI,"", ,NA,ALGUNOS DIAS POR SEMANA,NUNCA,ALGUNA VEZ CADA 3 MESES,ALGUNA VEZ CADA 3 MESES,ALGUNAS VECES AL MES,ALGUNOS DIAS POR SEMANA,TODOS O CASI TODOS LOS DIAS,ALGUNOS DIAS POR SEMANA,TODOS O CASI TODOS LOS DIAS,NUNCA,NUNCA,NUNCA,ALGUNA VEZ AL AO,0,0,0,NO,POR FALTA DE DINERO, ,SI,NA,"",0,"",0,NA, ,NA,NA,NA,NA,NA,NA,NA,NA,NA,NA,NA,NO,NA,"",0,"",0,"",0,SI,"", ,NA,NA,NO,SI,400,NA,"",0,NUNCA,TODOS O CASI TODOS LOS DAS,NUNCA,NUNCA,6,NO USA,6,NO USA,ALGUNA VEZ CADA 3 MESES,TODOS O CASI TODOS LOS DAS,NUNCA,NUNCA,NUNCA,NUNCA,NUNCA,NUNCA,NUNCA,NUNCA,NO,NO,NO,NO,NO,NA,NA,NA,NA,NA,NO,NA, ,NA,NA,NA,NA,NA,NA,NA,,,0,0,"OBSERVA LOS CONTENIDOS, SIN HACER COMENTARIOS",NA,"","","","","","","","","","","",NINGUNA,NINGUNA,NO,1,SI,NO,250,250,0,NO,NA,,,0,0,NA,NA,NA,NA,"",0,NO,NO,NO,NO,NO,NO,NO,NO,NO,NA,NA,NA,NA,NA,NA,NA,NA,NA,NA,SI,NO,NO,NO,NO,NO,"",0,NO,"",0,NA,NA,NA,NA,NA,NA,"","",0,NO FUE NUNCA,"",1 VEZ EN EL ULTIMO AO,0,NO FUE NUNCA,"",HACE MAS DE 5 AOS,"",ENTRE 1 Y 5 AOS,"",HACE MAS DE 5 AOS,"",NO FUE NUNCA,"",NO FUE NUNCA,"",ENTRE 1 Y 5 AOS,"",ENTRE 1 Y 5 AOS,"",NO FUE NUNCA,"",NO FUE NUNCA,"",NO FUE NUNCA,"",NO FUE NUNCA,"",NO FUE NUNCA,"",NO FUE NUNCA,"",NO FUE NUNCA,"",1 VEZ EN EL ULTIMO AO,0,ENTRE 1 Y 5 AOS,"",NO FUE NUNCA,"",4,1,0,2,SECUNDARIA INCOMPLETA,OTRO MIEMBRO DEL HOGAR,PRIMARIA COMPLETA,TRABAJA,CHOFER DE COLECTIVO,TRABAJADOR/OBRERO CALIFICADO. EMPLEADO ADMINISTRATIVO MEDIO, ,"",SI,NO,NO,NO,NO,SI,PROPIA,NO,NO,NO,NO,NO,BARRIO CON VIVIENDAS DISTINTAS,BARRIO CON VIVIENDAS DISTINTAS,CASA,42,D1,0,0,0,120,120,2,0,30,0.5,120,120,2,360,360,6,0,0,0,0,0,0
120,120,3369,2017-05-20T00:00:00,NEA,Mujer,64,"LA TRADICION, LA HISTORIA", ,SI,"", ,NA,NO,ALGUNOS DIAS POR SEMANA,FM,1,0,1,0,ALGUNOS DIAS POR SEMANA,NUNCA,NUNCA,NUNCA,NUNCA,INFORMATIVOS / NOTICIEROS,NA,NA,NA,NA,NA,NA, ,1,NO,PORQUE NO LE GUSTA LA MUSICA, ,SI,NA,,,0,0,NA,NA,NA,NA,NA,NA,NA,NA,NA,NA,NA,NA,NA,NA,NA,NA,NA,NA,NA,NA,NA,NA,NA,"",NA,NA,NA,NA,NA,NA,NA,NA,NA,NA, ,"",0,0,0,NO,PORQUE NO LE GUSTA IR A RECITALES, ,NO,NA,"",0,"",0,"",0,NO,0,NO,NO,PORQUE LOS DIARIOS ESTAN CAROS, ,SI,"",0,,,0,0,NA,"",0,"",0,NA,NA,NA,NA,NA,NA,SI,NA,ALGUNOS DIAS POR SEMANA,3,3,0,0,75,75,"NO LEYO REVISTAS EN PANTALLA, SOLO EN PAPEL",SI,"", ,NA,4,4,4,4,"SE LO HABIA RECOMENDADO UN AMIGO, FAMILIAR O CONOCIDO", ,0,0,0,0,ALGUNOS DIAS POR SEMANA,"NO LEYO LIBROS EN PANTALLA, SOLO EN PAPEL","","","","","",NUNCA,NUNCA,NUNCA,NUNCA,HABITUALMENTE,NUNCA,NUNCA,NUNCA,NUNCA,NUNCA,NUNCA,HABITUALMENTE,NUNCA,NUNCA,NUNCA,HABITUALMENTE,SI,"",NA,1,0,1,0,TELEVISION POR CABLE,NA,ALGUNAS VECES POR SEMANA,UNA HORA O MENOS AL DIA,NUNCA,NUNCA,NUNCA,TODOS O CASI TODOS LOS DIAS,NUNCA,HABITUALMENTE,NUNCA,1,NINGUNO,NINGUNO,NO,"PORQUE NO LE GUSTAN LAS PELICULAS, SERIES NI PRODUCCIONES AUOVISUALES EN GENERAL", ,SI,NA,NA,NA,NA,NA,NA,NA,NA,NA,NA,NA,NA,NA,0,0,0,NO,POR FALTA DE DINERO, ,SI,NA,"",0,"",0,NA, ,NA,NA,NA,NA,NA,NA,NA,NA,NA,NA,NA,NO,NA,"",0,"",0,"",0,NO,PORQUE NO LE INTERESA, ,SI,NO,NA,NA,"",NA,"",0,NA,NA,NA,NA,,"",0,NO USA,NA,NA,NA,NA,NA,NA,NA,NA,NA,NA,NA,NA,NA,NA,NA,NA,NA,NA,NA,NA,NA,NA, ,NA,NA,NA,NA,NA,NA,NA,,,0,0,NA,NA,"","","","","","","","","","","",NINGUNA,NINGUNA,SI,1,NO,NA,200,200,0,NO,NA,,,0,0,NA,NA,NA,NA,"",0,NO,NO,NO,NO,NO,NO,NO,NO,NO,NA,NA,NA,NA,NA,NA,NA,NA,NA,NA,NO,NO,NO,NO,NO,NO,"",0,NO,"",0,NA,NA,NA,NA,NA,NA,"","",0,HACE MAS DE 5 AOS,"",ENTRE 1 Y 5 AOS,"",HACE MAS DE 5 AOS,"",HACE MAS DE 5 AOS,"",ENTRE 1 Y 5 AOS,"",ENTRE 1 Y 5 AOS,"",NO FUE NUNCA,"",NO FUE NUNCA,"",ENTRE 1 Y 5 AOS,"",NO FUE NUNCA,"",NO FUE NUNCA,"",NO FUE NUNCA,"",NO FUE NUNCA,"",NO FUE NUNCA,"",NO FUE NUNCA,"",NO FUE NUNCA,"",NO FUE NUNCA,"",ENTRE 1 Y 5 AOS,"",ENTRE 1 Y 5 AOS,"",NO FUE NUNCA,"",1,,,2,PRIMARIA COMPLETA,LA PERSONA QUE FUE ENTREVISTADA,"",ES JUBILADO/PENSIONADO, ,"",TAREFERA,"OFICIO MENOR, OBRERO NO CALIFICADO/ SERVICIO DOMESTICO",SI,NO,NO,NO,NO,SI,PROPIA,NO,NO,NO,NO,NO,BARRIO CON VIVIENDAS DISTINTAS,BARRIO CON VIVIENDAS DISTINTAS,CASA,36,D2,60,60,1,0,0,0,0,0,0,60,60,1,0,0,0,0,0,0,0,0,0
121,121,3181,2017-12-05T00:00:00,NEA,Varn,19,"HABITOS, COSTUMBRES, COMPORTAMIENTOS", ,SI,"", ,NA,NO,TODOS O CASI TODOS LOS DIAS,FM,2,0,2,0,TODOS O CASI TODOS LOS DIAS,ALGUNOS DIAS POR SEMANA,NUNCA,NUNCA,NUNCA,MUSICALES,NA,NA,NA,NA,NA,NA, ,1,SI,"", ,NA,TODOS O CASI TODOS LOS DIAS,2,0,2,0,ALGUNOS DIAS POR SEMANA,TODOS O CASI TODOS LOS DIAS,TODOS O CASI TODOS LOS DIAS,TODOS O CASI TODOS LOS DIAS,NUNCA,NUNCA,NUNCA,NUNCA,ALGUNOS DIAS POR SEMANA,CASI NUNCA,NUNCA,DE VEZ EN CUANDO,NUNCA,NUNCA,HABITUALMENTE,HABITUALMENTE,HABITUALMENTE,DE VEZ EN CUANDO,DE VEZ EN CUANDO,NUNCA,NUNCA,NUNCA,DE VEZ EN CUANDO,5 canciones,SI,TODOS O CASI TODOS LOS DIAS,ALGUNA VEZ CADA 3 MESES,YOUTUBE,NA,NA,NA,NA,NA,NA, ,0,3,300,0,NO,PORQUE LAS ENTRADAS ESTAN CARAS, ,NO,NA,"",0,"",0,"",0,SI,1,SI,SI,"", ,NA,4,4,0,30,0,30,ALGUNAS VECES AL MES,0,0,0,0,ALGUNOS DIAS POR SEMANA,CELULAR,NUNCA,ALGUNAS VECES AL MES,ALGUNOS DIAS POR SEMANA,PRINCIPALMENTE LEE ARTICULOS Y NOTICIAS DE DISTINTOS MEDIOS,SI,NA,ALGUNOS DIAS POR SEMANA,0,0,0,0,0,0,"NO LEYO REVISTAS EN PANTALLA, SOLO EN PAPEL",SI,"", ,NA,4,4,1,1,POR ESTUDIO, ,NS/NC,NS/NC,NS/NC,NS/NC,ALGUNA VEZ CADA 3 MESES,"NO LEYO LIBROS EN PANTALLA, SOLO EN PAPEL","","","","","",NUNCA,CASI NUNCA,NUNCA,DE VEZ EN CUANDO,HABITUALMENTE,HABITUALMENTE,NUNCA,HABITUALMENTE,HABITUALMENTE,NUNCA,NUNCA,DE VEZ EN CUANDO,NUNCA,NUNCA,NUNCA,NUNCA,SI,"",NA,1,30,1,30,TELEVISION POR CABLE,NA,NO MIRA,VARIAS HORAS AL DIA,NUNCA,NUNCA,NUNCA,TODOS O CASI TODOS LOS DIAS,NUNCA,HABITUALMENTE,NUNCA,3,1,1,SI,"", ,NA,ALGUNAS VECES AL MES,TODOS O CASI TODOS LOS DIAS,ALGUNA VEZ CADA 3 MESES,TODOS O CASI TODOS LOS DIAS,TODOS O CASI TODOS LOS DIAS,TODOS O CASI TODOS LOS DIAS,ALGUNAS VECES AL MES,NUNCA,TODOS O CASI TODOS LOS DIAS,NUNCA,NUNCA,ALGUNOS DIAS POR SEMANA,ALGUNOS DIAS POR SEMANA,0,0,0,NO,POR FALTA DE DINERO, ,NO,NA,"",0,"",0,NA, ,NA,NA,NA,NA,NA,NA,NA,NA,NA,NA,NA,NO,NA,"",0,"",0,"",0,SI,"", ,NA,NA,SI,NA,"",INCLUYE TELFONO Y CABLE,NS/NC,NS/NC,TODOS O CASI TODOS LOS DAS,TODOS O CASI TODOS LOS DAS,NUNCA,ALGUNOS DIAS POR SEMANA,14,NO USA,14,NO USA,ALGUNAS VECES AL MES,ALGUNOS DIAS POR SEMANA,TODOS O CASI TODOS LOS DAS,NUNCA,ALGUNOS DIAS POR SEMANA,NUNCA,NUNCA,NUNCA,NUNCA,NUNCA,SI,SI,SI,NO,NO,ALGUNOS DIAS POR SEMANA,TODOS O CASI TODOS LOS DAS,ALGUNOS DIAS POR SEMANA,NA,NA,SI,WHATSAPP, ,NUNCA,ALGUNAS VECES AL MES,ALGUNOS DIAS POR SEMANA,NUNCA,NUNCA,ALGUNOS DIAS POR SEMANA,NUNCA,1,30,1,30,"OBSERVA LOS CONTENIDOS, SIN HACER COMENTARIOS",NA,"","","","","","","","","","","",1,NINGUNA,SI,1,SI,NO,250,250,0,SI,TODOS O CASI TODOS LOS DIAS,0,45,0,45,TODOS O CASI TODOS LOS DIAS,TODOS O CASI TODOS LOS DIAS,NUNCA,ALGUNOS DIAS POR SEMANA,0,0,NO,NO,NO,SI,NO,NO,NO,NO,NO,NO,NO,NO,SI,NO,NO,NO,NO,NO,NO,SI,NO,NO,NO,NO,NO,"",0,NO,"",0,NA,NA,NA,NA,NA,NA,"","",0,ENTRE 1 Y 5 AOS,"",NO FUE NUNCA,"",NO FUE NUNCA,"",NO FUE NUNCA,"",NO FUE NUNCA,"",NO FUE NUNCA,"",NO FUE NUNCA,"",NO FUE NUNCA,"",ENTRE 1 Y 5 AOS,"",ENTRE 1 Y 5 AOS,"",NO FUE NUNCA,"",NO FUE NUNCA,"",NO FUE NUNCA,"",NO FUE NUNCA,"",NO FUE NUNCA,"",NO FUE NUNCA,"",NO FUE NUNCA,"",NO FUE NUNCA,"",NO FUE NUNCA,"",NO FUE NUNCA,"",5,1,0,4,SECUNDARIA INCOMPLETA,OTRO MIEMBRO DEL HOGAR,SECUNDARIA COMPLETA,TRABAJA,EMPLEADO PUBLICO,TRABAJADOR/OBRERO CALIFICADO. EMPLEADO ADMINISTRATIVO MEDIO, ,"",SI,SI,SI,NO,SI,SI,PROPIA,NO,NO,NO,NO,NO,BARRIO CON VIVIENDAS DISTINTAS,BARRIO CON VIVIENDAS DISTINTAS,CASA,66,C3,120,120,2,120,120,2,0,30,0.5,60,90,1.5,840,840,14,60,90,1.5,0,45,0.75
122,122,1591,2017-05-15T00:00:00,NEA,Varn,23,"LA FORMA DE PENSAR, IDEOLOGIA, VALORES", ,SI,"", ,NA,SI,TODOS O CASI TODOS LOS DIAS,AMBAS POR IGUAL,2,0,2,0,TODOS O CASI TODOS LOS DIAS,TODOS O CASI TODOS LOS DIAS,TODOS O CASI TODOS LOS DIAS,TODOS O CASI TODOS LOS DIAS,ALGUNA VEZ AL AO O MENOS,INFORMATIVOS / NOTICIEROS,DEPORTIVOS,CULTURALES,CHIMENTOS,NA,NA,NA, ,2,SI,"", ,NA,ALGUNOS DIAS POR SEMANA,1,30,1,30,NUNCA,TODOS O CASI TODOS LOS DIAS,TODOS O CASI TODOS LOS DIAS,TODOS O CASI TODOS LOS DIAS,NUNCA,NUNCA,NUNCA,NUNCA,TODOS O CASI TODOS LOS DIAS,HABITUALMENTE,NUNCA,HABITUALMENTE,NUNCA,NUNCA,NUNCA,DE VEZ EN CUANDO,NUNCA,NUNCA,NUNCA,NUNCA,NUNCA,NUNCA,NUNCA,8 canciones,SI,TODOS O CASI TODOS LOS DIAS,TODOS O CASI TODOS LOS DIAS,SPOTIFY,GOOGLE PLAY,YOUTUBE,TARINGA,NA,NA,NA, ,NS/NC,NS/NC,NS/NC,NS/NC,SI,"", ,NA,ALGUNA VEZ CADA 3 MESES,NS/NC,NS/NC,NS/NC,NS/NC,NS/NC,NS/NC,NO,0,NO,SI,"", ,NA,3,3,0,30,0,30,TODOS O CASI TODOS LOS DIAS,0,0,0,0,TODOS O CASI TODOS LOS DIAS,CELULAR,NUNCA,ALGUNAS VECES AL MES,TODOS O CASI TODOS LOS DIAS,PRINCIPALMENTE LEE EN PAPEL O POR INTERNET SU DIARIO O DIARIOS PREFERIDOS,SI,NA,ALGUNA VEZ CADA 3 MESES,NS/NC,NS/NC,NS/NC,NS/NC,NS/NC,NS/NC,TODOS O CASI TODOS LOS DIAS,SI,"", ,NA,2,2,1,1,"SE LO HABIA RECOMENDADO UN AMIGO, FAMILIAR O CONOCIDO", ,NS/NC,NS/NC,NS/NC,NS/NC,ALGUNAS VECES AL MES,TODOS O CASI TODOS LOS DIAS,LECTOR DIGITAL DE LIBROS,CELULAR,COMPUTADORA,"",NO,NUNCA,NUNCA,NUNCA,NUNCA,NUNCA,DE VEZ EN CUANDO,NUNCA,NUNCA,NUNCA,DE VEZ EN CUANDO,NUNCA,DE VEZ EN CUANDO,HABITUALMENTE,CASI NUNCA,HABITUALMENTE,NUNCA,SI,"",NA,3,0,3,0,"TELEVISION DIGITAL ABIERTA, CON DECODIFICADOR/ SINTONIZADOR",NA,VARIAS HORAS AL DIA,VARIAS HORAS AL DIA,TODOS O CASI TODOS LOS DIAS,TODOS O CASI TODOS LOS DIAS,TODOS O CASI TODOS LOS DIAS,TODOS O CASI TODOS LOS DIAS,HABITUALMENTE,HABITUALMENTE,HABITUALMENTE,2,2,2,SI,"", ,NA,ALGUNOS DIAS POR SEMANA,TODOS O CASI TODOS LOS DIAS,TODOS O CASI TODOS LOS DIAS,TODOS O CASI TODOS LOS DIAS,NUNCA,ALGUNA VEZ CADA 3 MESES,TODOS O CASI TODOS LOS DIAS,TODOS O CASI TODOS LOS DIAS,TODOS O CASI TODOS LOS DIAS,TODOS O CASI TODOS LOS DIAS,NUNCA,TODOS O CASI TODOS LOS DIAS,TODOS O CASI TODOS LOS DIAS,NS/NC,NS/NC,NS/NC,SI,"", ,NA,ALGUNA VEZ CADA 3 MESES,2,2,1,1,LEYO O VIO UNA AVANCE O COMENTARIO EN LOS MEDIOS, ,HABITUALMENTE,HABITUALMENTE,HABITUALMENTE,HABITUALMENTE,HABITUALMENTE,CASI NUNCA,DE VEZ EN CUANDO,CASI NUNCA,HABITUALMENTE,NUNCA,NUNCA,NO,NA,"",0,"",0,"",0,SI,"", ,NA,NA,SI,NA,"",INCLUYE CABLE,1276,1276,TODOS O CASI TODOS LOS DAS,TODOS O CASI TODOS LOS DAS,NUNCA,TODOS O CASI TODOS LOS DAS,3,30,3,30,TODOS O CASI TODOS LOS DAS,TODOS O CASI TODOS LOS DAS,NUNCA,TODOS O CASI TODOS LOS DAS,TODOS O CASI TODOS LOS DAS,TODOS O CASI TODOS LOS DAS,TODOS O CASI TODOS LOS DAS,TODOS O CASI TODOS LOS DAS,TODOS O CASI TODOS LOS DAS,TODOS O CASI TODOS LOS DAS,SI,SI,NO,SI,SI,TODOS O CASI TODOS LOS DAS,ALGUNOS DIAS POR SEMANA,NA,ALGUNA VEZ CADA 3 MESES,ALGUNAS VECES AL MES,SI,OTROS,POR MERCADO LIBRE,TODOS O CASI TODOS LOS DAS,TODOS O CASI TODOS LOS DAS,TODOS O CASI TODOS LOS DAS,TODOS O CASI TODOS LOS DAS,TODOS O CASI TODOS LOS DAS,TODOS O CASI TODOS LOS DAS,TODOS O CASI TODOS LOS DAS,1,0,1,0,"COMENTA, COMPARTE, PARTICIPA Y/U OPINA FRENTE A CONTENIDOS",NA,"","","","","","","","","","","",1,1,NO,2,SI,NO,NS/NC,NS/NC,NS/NC,SI,ALGUNAS VECES AL MES,0,30,0,30,TODOS O CASI TODOS LOS DIAS,TODOS O CASI TODOS LOS DIAS,ALGUNOS DIAS POR SEMANA,TODOS O CASI TODOS LOS DIAS,NS/NC,NS/NC,SI,NO,NO,NO,SI,NO,NO,NO,NO,NO,SI,SI,SI,NO,NO,NO,NO,NO,NO,SI,NO,NO,NO,NO,NO,"",0,NO,"",0,NA,NA,NA,NA,NA,NA,"","",0,ENTRE 1 Y 5 AOS,"",VARIAS VECES EN EL ULTIMO AO,NS/NC,VARIAS VECES EN EL ULTIMO AO,NS/NC,HACE MAS DE 5 AOS,"",NO FUE NUNCA,"",ENTRE 1 Y 5 AOS,"",ENTRE 1 Y 5 AOS,"",NO FUE NUNCA,"",ENTRE 1 Y 5 AOS,"",ENTRE 1 Y 5 AOS,"",NO FUE NUNCA,"",ENTRE 1 Y 5 AOS,"",1 VEZ EN EL ULTIMO AO,NS/NC,1 VEZ EN EL ULTIMO AO,NS/NC,NO FUE NUNCA,"",NO FUE NUNCA,"",NO FUE NUNCA,"",VARIAS VECES EN EL ULTIMO AO,NS/NC,VARIAS VECES EN EL ULTIMO AO,NS/NC,VARIAS VECES EN EL ULTIMO AO,NS/NC,2,0,0,2,UNIVERSITARIO INCOMPLETO,LA PERSONA QUE FUE ENTREVISTADA,"",TRABAJA,EMPRENDIMIENTO DE LADRILLOS ECOLOGICOS Y REVESTIMIENTOS,TECNICO ESPECIALIZADO. COMERCIANTE. SUPERVISOR / JEFE / CAP, ,"",NO,SI,SI,NO,SI,SI,ALQUILADA,SI,NO,NO,NO,NO,BARRIO CON VIVIENDAS DISTINTAS,BARRIO CON VIVIENDAS DISTINTAS,DEPARTAMENTO,70,C2,120,120,2,60,90,1.5,0,30,0.5,180,180,3,180,210,3.5,60,60,1,0,30,0.5
123,123,1871,2017-05-15T00:00:00,NEA,Varn,33,"LA FORMA DE PENSAR, IDEOLOGIA, VALORES", ,SI,"", ,NA,SI,ALGUNOS DIAS POR SEMANA,FM,3,0,3,0,NUNCA,ALGUNOS DIAS POR SEMANA,ALGUNA VEZ CADA 3 MESES,ALGUNOS DIAS POR SEMANA,NUNCA,ACTUALIDAD / MAGAZINE,NA,NA,NA,NA,NA,NA, ,0,SI,"", ,NA,TODOS O CASI TODOS LOS DIAS,1,0,1,0,NUNCA,ALGUNOS DIAS POR SEMANA,ALGUNOS DIAS POR SEMANA,ALGUNAS VECES AL MES,NUNCA,ALGUNOS DIAS POR SEMANA,NUNCA,NUNCA,ALGUNAS VECES AL MES,CASI NUNCA,HABITUALMENTE,HABITUALMENTE,CASI NUNCA,NUNCA,DE VEZ EN CUANDO,DE VEZ EN CUANDO,CASI NUNCA,CASI NUNCA,CASI NUNCA,DE VEZ EN CUANDO,CASI NUNCA,CASI NUNCA,NUNCA,3 canciones,SI,ALGUNOS DIAS POR SEMANA,ALGUNAS VECES AL MES,SPOTIFY,YOUTUBE,NA,NA,NA,NA,NA, ,NS/NC,0,0,2,SI,"", ,NA,ALGUNA VEZ CADA 3 MESES,4,4,3,3,500,500,NO,0,NO,SI,"", ,NA,4,4,1,0,1,0,ALGUNOS DIAS POR SEMANA,0,0,0,0,TODOS O CASI TODOS LOS DIAS,COMPUTADORA,NUNCA,ALGUNOS DIAS POR SEMANA,TODOS O CASI TODOS LOS DIAS,PRINCIPALMENTE LEE ARTICULOS Y NOTICIAS DE DISTINTOS MEDIOS,SI,NA,ALGUNAS VECES AL MES,1,1,0,0,50,50,ALGUNAS VECES AL MES,SI,"", ,NA,2,2,1,1,SE LO REGALARON, ,1,1,150,150,ALGUNA VEZ AL AO,"NO LEYO LIBROS EN PANTALLA, SOLO EN PAPEL","","","","","",CASI NUNCA,NUNCA,NUNCA,NUNCA,CASI NUNCA,CASI NUNCA,NUNCA,CASI NUNCA,NUNCA,NUNCA,NUNCA,CASI NUNCA,CASI NUNCA,NUNCA,NUNCA,NUNCA,SI,"",NA,3,0,3,0,TELEVISION SATELITAL,NA,UNA HORA O MENOS AL DIA,VARIAS HORAS AL DIA,ALGUNAS VECES AL MES,ALGUNAS VECES AL MES,NUNCA,TODOS O CASI TODOS LOS DIAS,NUNCA,DE VEZ EN CUANDO,DE VEZ EN CUANDO,2,1,1,SI,"", ,NA,ALGUNA VEZ AL AO,ALGUNA VEZ AL AO,ALGUNA VEZ AL AO,ALGUNA VEZ CADA 3 MESES,ALGUNAS VECES AL MES,ALGUNOS DIAS POR SEMANA,TODOS O CASI TODOS LOS DIAS,ALGUNA VEZ AL AO,TODOS O CASI TODOS LOS DIAS,ALGUNOS DIAS POR SEMANA,ALGUNA VEZ AL AO,ALGUNAS VECES AL MES,ALGUNA VEZ CADA 3 MESES,300,0,0,SI,"", ,NA,ALGUNA VEZ CADA 3 MESES,6,6,1,1,"NO TENIA DECIDIDO IR A VERLA, LA ELIGIO EN EL MOMENTO", ,DE VEZ EN CUANDO,CASI NUNCA,CASI NUNCA,DE VEZ EN CUANDO,NUNCA,CASI NUNCA,DE VEZ EN CUANDO,CASI NUNCA,CASI NUNCA,NUNCA,DE VEZ EN CUANDO,SI,ALGUNA VEZ CADA 3 MESES,3,3,3,3,2000,2000,SI,"", ,NA,NA,SI,NA,"","NO, ES SOLO LO QUE PAGO DE INTERNET",600,600,ALGUNOS DIAS POR SEMANA,TODOS O CASI TODOS LOS DAS,NUNCA,ALGUNOS DIAS POR SEMANA,5,NO USA,5,NO USA,TODOS O CASI TODOS LOS DAS,ALGUNOS DIAS POR SEMANA,ALGUNA VEZ CADA 3 MESES,ALGUNOS DIAS POR SEMANA,ALGUNA VEZ CADA 3 MESES,ALGUNA VEZ AL AO O MENOS,NUNCA,NUNCA,NUNCA,ALGUNOS DIAS POR SEMANA,SI,SI,SI,NO,SI,TODOS O CASI TODOS LOS DAS,ALGUNOS DIAS POR SEMANA,TODOS O CASI TODOS LOS DAS,NA,ALGUNOS DIAS POR SEMANA,NO,NA, ,NUNCA,NUNCA,ALGUNOS DIAS POR SEMANA,NUNCA,NUNCA,ALGUNA VEZ AL AO O MENOS,ALGUNA VEZ AL AO O MENOS,1,0,1,0,"OBSERVA LOS CONTENIDOS, SIN HACER COMENTARIOS",NA,"","","","","","","","","","","",3,NINGUNA,NO,1,SI,SI,270,270,0,SI,ALGUNAS VECES AL MES,0,30,0,30,NUNCA,ALGUNA VEZ CADA 3 MESES,NUNCA,ALGUNAS VECES AL MES,0,0,NO,NO,NO,NO,SI,NO,NO,NO,NO,NO,SI,NO,SI,NO,NO,NO,NO,NO,NO,SI,NO,NO,NO,NO,NO,"",0,SI,3,3,UNA VEZ AL AO,NUNCA,UNA VEZ AL AO,UNA VEZ AL AO,NUNCA,NUNCA,FUE GRATUITO,NS/NC,NS/NC,HACE MAS DE 5 AOS,"",HACE MAS DE 5 AOS,"",1 VEZ EN EL ULTIMO AO,300,ENTRE 1 Y 5 AOS,"",NO FUE NUNCA,"",NO FUE NUNCA,"",NO FUE NUNCA,"",NO FUE NUNCA,"",HACE MAS DE 5 AOS,"",1 VEZ EN EL ULTIMO AO,100,1 VEZ EN EL ULTIMO AO,0,NO FUE NUNCA,"",NO FUE NUNCA,"",NO FUE NUNCA,"",NO FUE NUNCA,"",NO FUE NUNCA,"",NO FUE NUNCA,"",HACE MAS DE 5 AOS,"",HACE MAS DE 5 AOS,"",HACE MAS DE 5 AOS,"",2,0,0,2,UNIVERSITARIO COMPLETO,LA PERSONA QUE FUE ENTREVISTADA,"",TRABAJA,EMPLEADO EN EL JFAI ES LICENCIADO EN ADM DE EMPRESAS,EJECUTIVO MEDIO DE EMPRESA/ PROFESIONAL INDEPENDIENTE/ FUNCI, ,"",SI,SI,SI,NO,SI,SI,ALQUILADA,NO,NO,NO,NO,NO,BARRIO CON VIVIENDAS DISTINTAS,BARRIO CON VIVIENDAS DISTINTAS,DEPARTAMENTO,85,C1,180,180,3,60,60,1,60,60,1,180,180,3,300,300,5,60,60,1,0,30,0.5
124,124,1871,2017-05-15T00:00:00,NEA,Varn,46,"HABITOS, COSTUMBRES, COMPORTAMIENTOS", ,SI,"", ,NA,SI,ALGUNAS VECES AL MES,FM,1,20,1,20,NUNCA,TODOS O CASI TODOS LOS DIAS,ALGUNOS DIAS POR SEMANA,ALGUNAS VECES AL MES,ALGUNOS DIAS POR SEMANA,INFORMATIVOS / NOTICIEROS,MUSICALES,ACTUALIDAD / MAGAZINE,PROGRAMAS RELIGIOSOS,NA,NA,NA, ,0,SI,"", ,NA,TODOS O CASI TODOS LOS DIAS,2,0,2,0,NUNCA,TODOS O CASI TODOS LOS DIAS,TODOS O CASI TODOS LOS DIAS,TODOS O CASI TODOS LOS DIAS,TODOS O CASI TODOS LOS DIAS,TODOS O CASI TODOS LOS DIAS,NUNCA,NUNCA,ALGUNOS DIAS POR SEMANA,DE VEZ EN CUANDO,HABITUALMENTE,CASI NUNCA,HABITUALMENTE,HABITUALMENTE,NUNCA,DE VEZ EN CUANDO,DE VEZ EN CUANDO,HABITUALMENTE,HABITUALMENTE,NUNCA,NUNCA,NUNCA,DE VEZ EN CUANDO,3 canciones,SI,TODOS O CASI TODOS LOS DIAS,ALGUNOS DIAS POR SEMANA,SPOTIFY,YOUTUBE,APPLE MUSIC,ARES,I-TUNES,NA,NA, ,NS/NC,NS/NC,NS/NC,3,SI,"", ,NA,ALGUNA VEZ AL AO O MENOS,2,2,2,2,NS/NC,NS/NC,NO,0,SI,SI,"", ,NA,NS/NC,NS/NC,2,0,2,0,TODOS O CASI TODOS LOS DIAS,NS/NC,NS/NC,NS/NC,NS/NC,TODOS O CASI TODOS LOS DIAS,COMPUTADORA,NUNCA,ALGUNOS DIAS POR SEMANA,TODOS O CASI TODOS LOS DIAS,PRINCIPALMENTE LEE ARTICULOS Y NOTICIAS DE DISTINTOS MEDIOS,SI,NA,ALGUNAS VECES AL MES,1,1,0,0,NS/NC,NS/NC,ALGUNOS DIAS POR SEMANA,SI,"", ,NA,10,10,3,3,"SE LO HABIA RECOMENDADO UN PROFESOR, REFERENTE POLITICO, RELIGIOSO O ESPIRITUAL", ,4,4,NS/NC,NS/NC,TODOS O CASI TODOS LOS DIAS,ALGUNOS DIAS POR SEMANA,LECTOR DIGITAL DE LIBROS,CELULAR,"","",SI,HABITUALMENTE,HABITUALMENTE,CASI NUNCA,HABITUALMENTE,HABITUALMENTE,HABITUALMENTE,HABITUALMENTE,DE VEZ EN CUANDO,HABITUALMENTE,CASI NUNCA,HABITUALMENTE,HABITUALMENTE,HABITUALMENTE,HABITUALMENTE,CASI NUNCA,NUNCA,SI,"",NA,2,0,2,0,TELEVISION POR CABLE,NA,VARIAS HORAS AL DIA,VARIAS HORAS AL DIA,NUNCA,NUNCA,NUNCA,TODOS O CASI TODOS LOS DIAS,CASI NUNCA,NUNCA,HABITUALMENTE,1,1,1,SI,"", ,NA,ALGUNA VEZ CADA 3 MESES,ALGUNAS VECES AL MES,ALGUNAS VECES AL MES,ALGUNA VEZ CADA 3 MESES,TODOS O CASI TODOS LOS DIAS,TODOS O CASI TODOS LOS DIAS,TODOS O CASI TODOS LOS DIAS,TODOS O CASI TODOS LOS DIAS,TODOS O CASI TODOS LOS DIAS,TODOS O CASI TODOS LOS DIAS,NUNCA,TODOS O CASI TODOS LOS DIAS,NUNCA,NS/NC,NS/NC,NS/NC,SI,"", ,NA,ALGUNA VEZ CADA 3 MESES,2,2,NS/NC,NS/NC,LEYO O VIO UNA AVANCE O COMENTARIO EN LOS MEDIOS, ,HABITUALMENTE,HABITUALMENTE,HABITUALMENTE,HABITUALMENTE,CASI NUNCA,HABITUALMENTE,HABITUALMENTE,HABITUALMENTE,HABITUALMENTE,CASI NUNCA,CASI NUNCA,NO,NA,"",0,"",0,"",0,SI,"", ,NA,NA,SI,NA,"",INCLUYE CABLE,1300,1300,TODOS O CASI TODOS LOS DAS,TODOS O CASI TODOS LOS DAS,NUNCA,TODOS O CASI TODOS LOS DAS,17,NO USA,17,NO USA,TODOS O CASI TODOS LOS DAS,TODOS O CASI TODOS LOS DAS,ALGUNOS DIAS POR SEMANA,TODOS O CASI TODOS LOS DAS,ALGUNAS VECES AL MES,ALGUNA VEZ CADA 3 MESES,ALGUNA VEZ CADA 3 MESES,TODOS O CASI TODOS LOS DAS,TODOS O CASI TODOS LOS DAS,TODOS O CASI TODOS LOS DAS,SI,SI,SI,SI,SI,TODOS O CASI TODOS LOS DAS,TODOS O CASI TODOS LOS DAS,ALGUNA VEZ AL AO O MENOS,ALGUNAS VECES AL MES,ALGUNOS DIAS POR SEMANA,NO,NA, ,NUNCA,ALGUNA VEZ CADA 3 MESES,ALGUNAS VECES AL MES,ALGUNA VEZ AL AO O MENOS,ALGUNA VEZ AL AO O MENOS,TODOS O CASI TODOS LOS DAS,TODOS O CASI TODOS LOS DAS,17,0,17,0,"PUBLICA, EDITA, CREA, CONSTRUYE Y/O RECICLA CONTENIDOS",FOTOS,IMGENES,PAGINAS WEB,BLOGS,NOTICIAS Y OPINION,APLICACIONES,"","","","","","",1,1,NO,3,SI,SI,NS/NC,NS/NC,NS/NC,SI,ALGUNA VEZ AL AO O MENOS,0,30,0,30,NUNCA,NUNCA,NUNCA,ALGUNA VEZ CADA 3 MESES,NS/NC,NS/NC,SI,NO,NO,NO,SI,NO,NO,SI,SI,SI,NA,SI,NO,NO,NO,NO,NO,SI,SI,SI,NO,NO,NO,NO,NO,"",0,NO,"",0,NA,NA,NA,NA,NA,NA,"","",0,HACE MAS DE 5 AOS,"",ENTRE 1 Y 5 AOS,"",1 VEZ EN EL ULTIMO AO,300,ENTRE 1 Y 5 AOS,"",NO FUE NUNCA,"",ENTRE 1 Y 5 AOS,"",ENTRE 1 Y 5 AOS,"",ENTRE 1 Y 5 AOS,"",ENTRE 1 Y 5 AOS,"",1 VEZ EN EL ULTIMO AO,150,1 VEZ EN EL ULTIMO AO,NS/NC,1 VEZ EN EL ULTIMO AO,NS/NC,1 VEZ EN EL ULTIMO AO,NS/NC,1 VEZ EN EL ULTIMO AO,NS/NC,1 VEZ EN EL ULTIMO AO,NS/NC,HACE MAS DE 5 AOS,"",1 VEZ EN EL ULTIMO AO,NS/NC,1 VEZ EN EL ULTIMO AO,0,1 VEZ EN EL ULTIMO AO,0,1 VEZ EN EL ULTIMO AO,NS/NC,2,0,0,2,UNIVERSITARIO COMPLETO,LA PERSONA QUE FUE ENTREVISTADA,"",TRABAJA,ABOGADA Y TRABAJA EN POLITICA,EJECUTIVO MEDIO DE EMPRESA/ PROFESIONAL INDEPENDIENTE/ FUNCI, ,"",SI,SI,SI,NO,SI,SI,ALQUILADA,SI,NO,NO,NO,NO,BARRIO CON VIVIENDAS DISTINTAS,BARRIO CON VIVIENDAS DISTINTAS,DEPARTAMENTO,85,C1,60,80,1.333333333,120,120,2,120,120,2,120,120,2,1020,1020,17,1020,1020,17,0,30,0.5
125,125,1677,2017-05-14T00:00:00,NEA,Varn,62,"HABITOS, COSTUMBRES, COMPORTAMIENTOS", ,SI,"", ,NA,NO,ALGUNOS DIAS POR SEMANA,FM,0,30,0,30,NUNCA,TODOS O CASI TODOS LOS DIAS,NUNCA,NUNCA,NUNCA,MUSICALES,PROGRAMAS RELIGIOSOS,NA,NA,NA,NA,NA, ,0,SI,"", ,NA,TODOS O CASI TODOS LOS DIAS,2,0,2,0,NUNCA,TODOS O CASI TODOS LOS DIAS,TODOS O CASI TODOS LOS DIAS,TODOS O CASI TODOS LOS DIAS,NUNCA,NUNCA,NUNCA,NUNCA,ALGUNAS VECES AL MES,NUNCA,DE VEZ EN CUANDO,DE VEZ EN CUANDO,NUNCA,NUNCA,DE VEZ EN CUANDO,HABITUALMENTE,CASI NUNCA,HABITUALMENTE,DE VEZ EN CUANDO,HABITUALMENTE,NUNCA,NUNCA,HABITUALMENTE,2 canciones,SI,TODOS O CASI TODOS LOS DIAS,ALGUNA VEZ AL AO O MENOS,SPOTIFY,YOUTUBE,NA,NA,NA,NA,NA, ,NS/NC,1,250,0,NO,POR FALTA DE TIEMPO, ,NO,NA,"",0,"",0,"",0,SI,1,NO,NO,PORQUE NO LE GUSTA LEER DIARIOS, ,SI,"",0,,,0,0,NA,"",0,"",0,NA,NA,NA,NA,NA,NA,SI,NA,ALGUNA VEZ CADA 3 MESES,0,0,0,0,0,0,ALGUNA VEZ AL AO,SI,"", ,NA,3,3,0,0,POR ESTUDIO, ,3,3,1000,1000,ALGUNOS DIAS POR SEMANA,TODOS O CASI TODOS LOS DIAS,CELULAR,COMPUTADORA,"","",SI,NUNCA,NUNCA,NUNCA,NUNCA,NUNCA,NUNCA,NUNCA,NUNCA,NUNCA,NUNCA,HABITUALMENTE,NUNCA,NUNCA,HABITUALMENTE,NUNCA,CASI NUNCA,SI,"",NA,2,0,2,0,TELEVISION POR CABLE,NA,NO MIRA,VARIAS HORAS AL DIA,NUNCA,NUNCA,NUNCA,TODOS O CASI TODOS LOS DIAS,NUNCA,HABITUALMENTE,NUNCA,2,2,2,SI,"", ,NA,ALGUNOS DIAS POR SEMANA,ALGUNOS DIAS POR SEMANA,ALGUNOS DIAS POR SEMANA,NUNCA,NUNCA,ALGUNAS VECES AL MES,ALGUNAS VECES AL MES,NUNCA,ALGUNAS VECES AL MES,ALGUNOS DIAS POR SEMANA,NUNCA,ALGUNAS VECES AL MES,NUNCA,0,0,0,SI,"", ,NA,ALGUNA VEZ CADA 3 MESES,1,1,0,0,VIO LOS AVANCES EN EL CINE, ,DE VEZ EN CUANDO,HABITUALMENTE,CASI NUNCA,DE VEZ EN CUANDO,CASI NUNCA,HABITUALMENTE,DE VEZ EN CUANDO,CASI NUNCA,HABITUALMENTE,DE VEZ EN CUANDO,CASI NUNCA,NO,NA,"",0,"",0,"",0,SI,"", ,NA,NA,SI,NA,"",INCLUYE CABLE,NS/NC,NS/NC,TODOS O CASI TODOS LOS DAS,TODOS O CASI TODOS LOS DAS,NUNCA,ALGUNOS DIAS POR SEMANA,12,NO USA,12,NO USA,TODOS O CASI TODOS LOS DAS,ALGUNOS DIAS POR SEMANA,TODOS O CASI TODOS LOS DAS,ALGUNOS DIAS POR SEMANA,ALGUNOS DIAS POR SEMANA,ALGUNA VEZ AL AO O MENOS,ALGUNA VEZ AL AO O MENOS,ALGUNA VEZ CADA 3 MESES,ALGUNA VEZ AL AO O MENOS,TODOS O CASI TODOS LOS DAS,SI,NO,SI,NO,SI,TODOS O CASI TODOS LOS DAS,NA,NUNCA,NA,NUNCA,NO,NA, ,ALGUNA VEZ AL AO O MENOS,ALGUNAS VECES AL MES,ALGUNAS VECES AL MES,ALGUNOS DIAS POR SEMANA,NUNCA,ALGUNOS DIAS POR SEMANA,ALGUNAS VECES AL MES,8,0,8,0,"OBSERVA LOS CONTENIDOS, SIN HACER COMENTARIOS",NA,"","","","","","","","","","","",2,NINGUNA,NO,1,SI,SI,350,350,0,SI,ALGUNOS DIAS POR SEMANA,1,30,1,30,NUNCA,ALGUNOS DIAS POR SEMANA,NUNCA,NUNCA,0,0,NO,NO,NO,NO,NO,NO,NO,NO,NO,NA,NA,NA,NA,NA,NA,NA,NA,NA,NA,SI,NO,NO,NO,NO,NO,"",0,SI,1,1,NUNCA,NUNCA,UNA VEZ AL AO,NUNCA,UNA VEZ AL AO,UNA VEZ AL AO,FUE GRATUITO,0,0,HACE MAS DE 5 AOS,"",NO FUE NUNCA,"",ENTRE 1 Y 5 AOS,"",NO FUE NUNCA,"",1 VEZ EN EL ULTIMO AO,0,1 VEZ EN EL ULTIMO AO,NS/NC,NO FUE NUNCA,"",NO FUE NUNCA,"",HACE MAS DE 5 AOS,"",1 VEZ EN EL ULTIMO AO,NS/NC,NO FUE NUNCA,"",NO FUE NUNCA,"",NO FUE NUNCA,"",NO FUE NUNCA,"",NO FUE NUNCA,"",NO FUE NUNCA,"",ENTRE 1 Y 5 AOS,"",VARIAS VECES EN EL ULTIMO AO,0,HACE MAS DE 5 AOS,"",NO FUE NUNCA,"",3,1,0,2,UNIVERSITARIO COMPLETO,OTRO MIEMBRO DEL HOGAR,UNIVERSITARIO COMPLETO,TRABAJA,FUNCIONARIO PUBLICO,EJECUTIVO MEDIO DE EMPRESA/ PROFESIONAL INDEPENDIENTE/ FUNCI, ,"",SI,SI,SI,NO,SI,SI,OTRA SITUACIN,NO,NO,NO,NO,NO,BARRIO CON VIVIENDAS DISTINTAS,BARRIO CON VIVIENDAS DISTINTAS,CASA,85,C1,0,30,0.5,120,120,2,0,0,0,120,120,2,720,720,12,480,480,8,60,90,1.5
126,126,844,2017-12-05T00:00:00,NEA,Mujer,14,"LOS MODALES, EL BUEN COMPORTAMIENTO", ,SI,"", ,NA,NO,ALGUNAS VECES AL MES,NS/NC,1,0,1,0,ALGUNAS VECES AL MES,NUNCA,NUNCA,NUNCA,NUNCA,MUSICALES,CHIMENTOS,NA,NA,NA,NA,NA, ,0,SI,"", ,NA,ALGUNOS DIAS POR SEMANA,4,0,4,0,NUNCA,NUNCA,NUNCA,NUNCA,NUNCA,NUNCA,NUNCA,NUNCA,TODOS O CASI TODOS LOS DIAS,HABITUALMENTE,NUNCA,DE VEZ EN CUANDO,DE VEZ EN CUANDO,NUNCA,NUNCA,DE VEZ EN CUANDO,NUNCA,DE VEZ EN CUANDO,NUNCA,NUNCA,NUNCA,CASI NUNCA,DE VEZ EN CUANDO,NS/NC,NO,NA,NA,NA,NA,NA,NA,NA,NA,NA, ,"",0,0,0,NO,POR SU EDAD, ,NO,NA,"",0,"",0,"",0,NO,0,NO,NO,PORQUE NO LE GUSTA LEER DIARIOS, ,NO,"",0,,,0,0,NA,"",0,"",0,NA,NA,NA,NA,NA,NA,NO,NO,NA,"",0,"",0,"",0,NA,NO,PORQUE NO LE INTERESA, ,NO,"",0,"",0,"", ,"",0,"",0,NA,NA,"","","","","",NA,NA,NA,NA,NA,NA,NA,NA,NA,NA,NA,NA,NA,NA,NA,NA,SI,"",NA,5,0,5,0,TELEVISION POR CABLE,NA,NO MIRA,VARIAS HORAS AL DIA,NUNCA,NUNCA,NUNCA,TODOS O CASI TODOS LOS DIAS,NUNCA,HABITUALMENTE,NUNCA,1,NINGUNO,NINGUNO,SI,"", ,NA,NUNCA,TODOS O CASI TODOS LOS DIAS,ALGUNA VEZ CADA 3 MESES,ALGUNAS VECES AL MES,NUNCA,ALGUNOS DIAS POR SEMANA,NUNCA,NUNCA,TODOS O CASI TODOS LOS DIAS,NUNCA,NUNCA,NUNCA,NUNCA,0,0,0,NO,POR FALTA DE DINERO, ,SI,NA,"",0,"",0,NA, ,NA,NA,NA,NA,NA,NA,NA,NA,NA,NA,NA,NO,NA,"",0,"",0,"",0,NO,NO TIENE INTERNET, ,NO,SI,NO,SI,580,NA,"",0,ALGUNAS VECES AL MES,ALGUNAS VECES AL MES,NUNCA,NUNCA,0,NO USA,0,NO USA,NA,NA,NA,NA,NA,NA,NA,NA,NA,NA,NA,NA,NA,NA,NA,NA,NA,NA,NA,NA,NA,NA, ,NA,NA,NA,NA,NA,NA,NA,,,0,0,NA,NA,"","","","","","","","","","","",NINGUNA,NINGUNA,SI,NINGUNO,NA,NA,"",0,0,NO,NA,,,0,0,NA,NA,NA,NA,"",0,NO,NO,NO,NO,NO,NO,NO,NO,NO,NA,NA,NA,NA,NA,NA,NA,NA,NA,NA,SI,NO,NO,NO,NO,NO,"",0,NO,"",0,NA,NA,NA,NA,NA,NA,"","",0,HACE MAS DE 5 AOS,"",NO FUE NUNCA,"",HACE MAS DE 5 AOS,"",NO FUE NUNCA,"",NO FUE NUNCA,"",NO FUE NUNCA,"",NO FUE NUNCA,"",NO FUE NUNCA,"",HACE MAS DE 5 AOS,"",HACE MAS DE 5 AOS,"",NO FUE NUNCA,"",NO FUE NUNCA,"",NO FUE NUNCA,"",NO FUE NUNCA,"",NO FUE NUNCA,"",NO FUE NUNCA,"",NO FUE NUNCA,"",HACE MAS DE 5 AOS,"",NO FUE NUNCA,"",NO FUE NUNCA,"",2,1,1,4,SECUNDARIA INCOMPLETA,OTRO MIEMBRO DEL HOGAR,SECUNDARIA COMPLETA,ES JUBILADO/PENSIONADO, ,"",MODISTA,"OFICIO MENOR, OBRERO NO CALIFICADO/ SERVICIO DOMESTICO",SI,NO,NO,NO,NO,NO,PROPIA,NO,NO,NO,NO,NO,BARRIO CON VIVIENDAS DISTINTAS,BARRIO CON VIVIENDAS DISTINTAS,CASA,44,D1,60,60,1,240,240,4,0,0,0,300,300,5,0,0,0,0,0,0,0,0,0
127,127,1646,2017-05-15T00:00:00,NEA,Mujer,28,"HABITOS, COSTUMBRES, COMPORTAMIENTOS", ,SI,"", ,NA,SI,ALGUNAS VECES AL MES,FM,2,0,2,0,NUNCA,NUNCA,NUNCA,ALGUNAS VECES AL MES,NUNCA,MUSICALES,PROGRAMAS RELIGIOSOS,NA,NA,NA,NA,NA, ,0,SI,"", ,NA,TODOS O CASI TODOS LOS DIAS,3,0,3,0,NUNCA,TODOS O CASI TODOS LOS DIAS,ALGUNAS VECES AL MES,NUNCA,NUNCA,TODOS O CASI TODOS LOS DIAS,NUNCA,NUNCA,TODOS O CASI TODOS LOS DIAS,NUNCA,DE VEZ EN CUANDO,DE VEZ EN CUANDO,CASI NUNCA,NUNCA,HABITUALMENTE,HABITUALMENTE,NUNCA,HABITUALMENTE,HABITUALMENTE,CASI NUNCA,NUNCA,NUNCA,DE VEZ EN CUANDO,4 canciones,SI,ALGUNAS VECES AL MES,ALGUNA VEZ CADA 3 MESES,CIENRADIOS,I-TUNES,NA,NA,NA,NA,NA, ,0,0,0,1,SI,"", ,NA,ALGUNA VEZ AL AO O MENOS,1,1,1,1,750,750,SI,1,SI,SI,"", ,NA,2,2,1,0,1,0,ALGUNAS VECES AL MES,0,0,0,0,TODOS O CASI TODOS LOS DIAS,CELULAR,ALGUNAS VECES AL MES,ALGUNAS VECES AL MES,TODOS O CASI TODOS LOS DIAS,AMBAS POR IGUAL,SI,NA,ALGUNAS VECES AL MES,3,3,0,0,90,90,ALGUNOS DIAS POR SEMANA,SI,"", ,NA,3,3,3,3,SE LO REGALARON, ,4,4,1000,1000,TODOS O CASI TODOS LOS DIAS,"NO LEYO LIBROS EN PANTALLA, SOLO EN PAPEL","","","","","",CASI NUNCA,DE VEZ EN CUANDO,NUNCA,NS/NC,HABITUALMENTE,NS/NC,NUNCA,DE VEZ EN CUANDO,NUNCA,NUNCA,HABITUALMENTE,DE VEZ EN CUANDO,CASI NUNCA,DE VEZ EN CUANDO,NUNCA,NUNCA,SI,"",NA,5,0,5,0,TELEVISION SATELITAL,NA,VARIAS HORAS AL DIA,VARIAS HORAS AL DIA,ALGUNAS VECES AL MES,ALGUNAS VECES AL MES,NUNCA,TODOS O CASI TODOS LOS DIAS,DE VEZ EN CUANDO,HABITUALMENTE,DE VEZ EN CUANDO,2,1,1,SI,"", ,NA,NUNCA,TODOS O CASI TODOS LOS DIAS,TODOS O CASI TODOS LOS DIAS,ALGUNAS VECES AL MES,ALGUNAS VECES AL MES,ALGUNAS VECES AL MES,ALGUNOS DIAS POR SEMANA,TODOS O CASI TODOS LOS DIAS,TODOS O CASI TODOS LOS DIAS,ALGUNOS DIAS POR SEMANA,ALGUNA VEZ CADA 3 MESES,ALGUNAS VECES AL MES,ALGUNA VEZ AL AO,300,0,0,SI,"", ,NA,ALGUNA VEZ CADA 3 MESES,3,3,0,0,VIO O ESCUCHO EN UNA PUBLICIDAD, ,HABITUALMENTE,CASI NUNCA,NUNCA,CASI NUNCA,NUNCA,DE VEZ EN CUANDO,HABITUALMENTE,HABITUALMENTE,HABITUALMENTE,NUNCA,CASI NUNCA,SI,ALGUNA VEZ AL AO O MENOS,2,2,2,2,600,600,SI,"", ,NA,NA,SI,NA,"","NO, ES SOLO LO QUE PAGO DE INTERNET",600,600,ALGUNOS DIAS POR SEMANA,TODOS O CASI TODOS LOS DAS,NUNCA,ALGUNOS DIAS POR SEMANA,10,NO USA,10,NO USA,TODOS O CASI TODOS LOS DAS,TODOS O CASI TODOS LOS DAS,ALGUNOS DIAS POR SEMANA,ALGUNAS VECES AL MES,NUNCA,NUNCA,ALGUNA VEZ AL AO O MENOS,ALGUNA VEZ CADA 3 MESES,ALGUNAS VECES AL MES,TODOS O CASI TODOS LOS DAS,SI,SI,SI,SI,SI,TODOS O CASI TODOS LOS DAS,TODOS O CASI TODOS LOS DAS,ALGUNA VEZ AL AO O MENOS,ALGUNA VEZ AL AO O MENOS,ALGUNA VEZ AL AO O MENOS,NO,NA, ,NUNCA,NUNCA,TODOS O CASI TODOS LOS DAS,NUNCA,NUNCA,ALGUNA VEZ CADA 3 MESES,ALGUNOS DIAS POR SEMANA,10,0,10,0,"COMENTA, COMPARTE, PARTICIPA Y/U OPINA FRENTE A CONTENIDOS",NA,"","","","","","","","","","","",3,NINGUNA,NO,1,SI,SI,400,400,0,NO,NA,,,0,0,NA,NA,NA,NA,"",0,NO,NO,NO,SI,SI,NO,NO,NO,NO,NO,SI,NO,SI,NO,NO,NO,NO,SI,NO,SI,NO,NO,SI,SI,NO,2000,2000,SI,5,5,VARIAS VECES AL AO,UNA VEZ AL AO,UNA VEZ AL AO,UNA VEZ AL AO,NUNCA,NUNCA,TUVO QUE PAGAR ENTRADA,200,200,HACE MAS DE 5 AOS,"",VARIAS VECES EN EL ULTIMO AO,NS/NC,1 VEZ EN EL ULTIMO AO,NS/NC,1 VEZ EN EL ULTIMO AO,NS/NC,ENTRE 1 Y 5 AOS,"",1 VEZ EN EL ULTIMO AO,NS/NC,1 VEZ EN EL ULTIMO AO,NS/NC,HACE MAS DE 5 AOS,"",NO FUE NUNCA,"",VARIAS VECES EN EL ULTIMO AO,NS/NC,1 VEZ EN EL ULTIMO AO,NS/NC,NO FUE NUNCA,"",NO FUE NUNCA,"",NO FUE NUNCA,"",HACE MAS DE 5 AOS,"",NO FUE NUNCA,"",NO FUE NUNCA,"",1 VEZ EN EL ULTIMO AO,NS/NC,VARIAS VECES EN EL ULTIMO AO,NS/NC,1 VEZ EN EL ULTIMO AO,NS/NC,2,0,0,2,UNIVERSITARIO COMPLETO,LA PERSONA QUE FUE ENTREVISTADA,"",TRABAJA,ABOGADA ESTUDIO JURIDICO PROPIO Y RELACION DE DEPENDENCIA,EJECUTIVO MEDIO DE EMPRESA/ PROFESIONAL INDEPENDIENTE/ FUNCI, ,"",SI,SI,SI,NO,SI,SI,ALQUILADA,NO,NO,NO,NO,NO,BARRIO CENTRICO CON PREDOMINIO DE EDIFICIOS DE DEPARTAMENTO,BARRIO CENTRICO CON PREDOMINIO DE EDIFICIOS DE DEPARTAMENTO,DEPARTAMENTO,85,C1,120,120,2,180,180,3,60,60,1,300,300,5,600,600,10,600,600,10,0,0,0
128,128,889,2017-05-14T00:00:00,NEA,Mujer,53,"EL ARTE, LO CULTO", ,SI,"", ,NA,NO,ALGUNOS DIAS POR SEMANA,FM,0,15,0,15,NUNCA,ALGUNOS DIAS POR SEMANA,NUNCA,NUNCA,NUNCA,CHIMENTOS,ACTUALIDAD / MAGAZINE,NA,NA,NA,NA,NA, ,1,SI,"", ,NA,TODOS O CASI TODOS LOS DIAS,1,0,1,0,NUNCA,TODOS O CASI TODOS LOS DIAS,NUNCA,NUNCA,NUNCA,NUNCA,NUNCA,NUNCA,ALGUNAS VECES AL MES,NUNCA,CASI NUNCA,DE VEZ EN CUANDO,DE VEZ EN CUANDO,NUNCA,NUNCA,HABITUALMENTE,NUNCA,HABITUALMENTE,NUNCA,HABITUALMENTE,NUNCA,DE VEZ EN CUANDO,HABITUALMENTE,4 canciones,NO,NA,NA,NA,NA,NA,NA,NA,NA,NA, ,"",0,0,0,NO,PORQUE NO LE GUSTA IR A RECITALES, ,SI,NA,"",0,"",0,"",0,NO,0,NO,SI,"", ,NA,3,3,0,30,0,30,ALGUNOS DIAS POR SEMANA,0,0,0,0,ALGUNOS DIAS POR SEMANA,COMPUTADORA,NUNCA,NUNCA,TODOS O CASI TODOS LOS DIAS,PRINCIPALMENTE LEE EN PAPEL O POR INTERNET SU DIARIO O DIARIOS PREFERIDOS,SI,NA,ALGUNOS DIAS POR SEMANA,0,0,0,0,0,0,ALGUNAS VECES AL MES,SI,"", ,NA,3,3,0,0,"SE LO HABIA RECOMENDADO UN PROFESOR, REFERENTE POLITICO, RELIGIOSO O ESPIRITUAL", ,2,2,400,400,ALGUNOS DIAS POR SEMANA,ALGUNAS VECES AL MES,CELULAR,COMPUTADORA,"","",NO,NUNCA,NUNCA,NUNCA,NUNCA,NUNCA,NUNCA,NUNCA,DE VEZ EN CUANDO,NUNCA,NUNCA,NUNCA,NUNCA,NUNCA,HABITUALMENTE,NUNCA,HABITUALMENTE,SI,"",NA,2,0,2,0,TELEVISION POR CABLE,NA,ALGUNAS VECES POR SEMANA,VARIAS HORAS AL DIA,NUNCA,NUNCA,NUNCA,TODOS O CASI TODOS LOS DIAS,NUNCA,HABITUALMENTE,NUNCA,2,1,1,SI,"", ,NA,ALGUNOS DIAS POR SEMANA,ALGUNOS DIAS POR SEMANA,TODOS O CASI TODOS LOS DIAS,NUNCA,ALGUNAS VECES AL MES,ALGUNOS DIAS POR SEMANA,ALGUNOS DIAS POR SEMANA,NUNCA,ALGUNOS DIAS POR SEMANA,ALGUNOS DIAS POR SEMANA,NUNCA,ALGUNA VEZ AL AO,ALGUNA VEZ AL AO,0,0,0,NO,PORQUE NO LE GUSTA EL CINE, ,SI,NA,"",0,"",0,NA, ,NA,NA,NA,NA,NA,NA,NA,NA,NA,NA,NA,NO,NA,"",0,"",0,"",0,SI,"", ,NA,NA,SI,NA,"",INCLUYE CABLE,950,950,TODOS O CASI TODOS LOS DAS,TODOS O CASI TODOS LOS DAS,NUNCA,ALGUNOS DIAS POR SEMANA,12,NO USA,12,NO USA,TODOS O CASI TODOS LOS DAS,TODOS O CASI TODOS LOS DAS,ALGUNOS DIAS POR SEMANA,ALGUNAS VECES AL MES,ALGUNOS DIAS POR SEMANA,NUNCA,NUNCA,ALGUNA VEZ AL AO O MENOS,ALGUNA VEZ AL AO O MENOS,TODOS O CASI TODOS LOS DAS,SI,NO,NO,NO,NO,TODOS O CASI TODOS LOS DAS,NA,NA,NA,NA,NO,NA, ,NUNCA,ALGUNOS DIAS POR SEMANA,NUNCA,NUNCA,NUNCA,ALGUNAS VECES AL MES,ALGUNAS VECES AL MES,0,40,0,40,"OBSERVA LOS CONTENIDOS, SIN HACER COMENTARIOS",NA,"","","","","","","","","","","",1,NINGUNA,NO,1,SI,SI,530,530,9000,NO,NA,,,0,0,NA,NA,NA,NA,"",0,NO,NO,NO,NO,SI,NO,NO,NO,NO,NO,NO,NO,SI,NO,NO,NO,NO,NO,NO,SI,NO,NO,NO,NO,NO,"",0,NO,"",0,NA,NA,NA,NA,NA,NA,"","",0,HACE MAS DE 5 AOS,"",NO FUE NUNCA,"",ENTRE 1 Y 5 AOS,"",ENTRE 1 Y 5 AOS,"",VARIAS VECES EN EL ULTIMO AO,0,ENTRE 1 Y 5 AOS,"",NO FUE NUNCA,"",1 VEZ EN EL ULTIMO AO,15,HACE MAS DE 5 AOS,"",ENTRE 1 Y 5 AOS,"",NO FUE NUNCA,"",NO FUE NUNCA,"",NO FUE NUNCA,"",NO FUE NUNCA,"",NO FUE NUNCA,"",NO FUE NUNCA,"",NO FUE NUNCA,"",VARIAS VECES EN EL ULTIMO AO,0,HACE MAS DE 5 AOS,"",ENTRE 1 Y 5 AOS,"",1,,,3,TERCIARIO COMPLETO,LA PERSONA QUE FUE ENTREVISTADA,"",TRABAJA,MARTILLERA PUBLICA TRABAJA COMO EMPLEADA PUBLICA,EJECUTIVO MEDIO DE EMPRESA/ PROFESIONAL INDEPENDIENTE/ FUNCI, ,"",SI,SI,SI,NO,SI,SI,PROPIA,NO,NO,NO,NO,NO,BARRIO CON VIVIENDAS DISTINTAS,BARRIO CON VIVIENDAS DISTINTAS,CASA,89,C1,0,15,0.25,60,60,1,0,30,0.5,120,120,2,720,720,12,0,40,0.666666667,0,0,0
129,129,1777,2017-10-05T00:00:00,NEA,Mujer,60,"HABITOS, COSTUMBRES, COMPORTAMIENTOS", ,SI,"", ,NA,SI,TODOS O CASI TODOS LOS DIAS,AMBAS POR IGUAL,2,0,2,0,TODOS O CASI TODOS LOS DIAS,TODOS O CASI TODOS LOS DIAS,ALGUNOS DIAS POR SEMANA,NUNCA,NUNCA,INFORMATIVOS / NOTICIEROS,MUSICALES,ACTUALIDAD / MAGAZINE,NA,NA,NA,NA, ,3,SI,"", ,NA,ALGUNOS DIAS POR SEMANA,1,0,1,0,ALGUNA VEZ AL AO O MENOS,TODOS O CASI TODOS LOS DIAS,ALGUNA VEZ CADA 3 MESES,NUNCA,NUNCA,NUNCA,NUNCA,NUNCA,NUNCA,CASI NUNCA,NUNCA,DE VEZ EN CUANDO,DE VEZ EN CUANDO,DE VEZ EN CUANDO,DE VEZ EN CUANDO,HABITUALMENTE,HABITUALMENTE,HABITUALMENTE,HABITUALMENTE,NUNCA,NUNCA,CASI NUNCA,HABITUALMENTE,10 canciones,NO,NA,NA,NA,NA,NA,NA,NA,NA,NA, ,"",10,300,1,SI,"", ,NA,ALGUNA VEZ CADA 3 MESES,2,2,2,2,0,0,SI,1,NO,SI,"", ,NA,1,1,0,30,0,30,ALGUNAS VECES AL MES,0,0,0,0,ALGUNOS DIAS POR SEMANA,COMPUTADORA,ALGUNAS VECES AL MES,ALGUNAS VECES AL MES,NUNCA,PRINCIPALMENTE LEE EN PAPEL O POR INTERNET SU DIARIO O DIARIOS PREFERIDOS,SI,NA,TODOS O CASI TODOS LOS DIAS,12,12,0,0,300,300,ALGUNOS DIAS POR SEMANA,SI,"", ,NA,3,3,0,0,PORQUE ESTABA EN SU CASA, ,3,3,300,300,ALGUNOS DIAS POR SEMANA,"NO LEYO LIBROS EN PANTALLA, SOLO EN PAPEL","","","","","",HABITUALMENTE,HABITUALMENTE,CASI NUNCA,NUNCA,DE VEZ EN CUANDO,NUNCA,NUNCA,CASI NUNCA,NUNCA,NUNCA,DE VEZ EN CUANDO,DE VEZ EN CUANDO,HABITUALMENTE,HABITUALMENTE,DE VEZ EN CUANDO,NUNCA,SI,"",NA,4,0,4,0,TELEVISION POR CABLE,NA,NO MIRA,VARIAS HORAS AL DIA,NUNCA,NUNCA,NUNCA,TODOS O CASI TODOS LOS DIAS,NUNCA,HABITUALMENTE,NUNCA,2,1,1,SI,"", ,NA,ALGUNAS VECES AL MES,ALGUNOS DIAS POR SEMANA,TODOS O CASI TODOS LOS DIAS,ALGUNA VEZ AL AO,ALGUNA VEZ CADA 3 MESES,ALGUNOS DIAS POR SEMANA,NUNCA,NUNCA,TODOS O CASI TODOS LOS DIAS,ALGUNOS DIAS POR SEMANA,NUNCA,NUNCA,NUNCA,NS/NC,0,0,SI,"", ,NA,TODOS O CASI TODOS LOS MESES,13,13,6,6,LEYO O VIO UNA AVANCE O COMENTARIO EN LOS MEDIOS, ,NUNCA,NUNCA,NUNCA,DE VEZ EN CUANDO,NUNCA,HABITUALMENTE,HABITUALMENTE,HABITUALMENTE,NUNCA,CASI NUNCA,NUNCA,SI,TODOS O CASI TODOS LOS MESES,15,15,10,10,1500,1500,SI,"", ,NA,NA,SI,NA,"",NS/NC,NS/NC,NS/NC,TODOS O CASI TODOS LOS DAS,TODOS O CASI TODOS LOS DAS,NUNCA,ALGUNAS VECES AL MES,1,NO USA,1,NO USA,ALGUNOS DIAS POR SEMANA,ALGUNOS DIAS POR SEMANA,ALGUNA VEZ CADA 3 MESES,NUNCA,ALGUNA VEZ AL AO O MENOS,ALGUNA VEZ AL AO O MENOS,NUNCA,ALGUNOS DIAS POR SEMANA,NUNCA,NUNCA,NO,NO,NO,NO,NO,NA,NA,NA,NA,NA,NO,NA, ,NA,NA,NA,NA,NA,NA,NA,,,0,0,"OBSERVA LOS CONTENIDOS, SIN HACER COMENTARIOS",NA,"","","","","","","","","","","",2,NINGUNA,SI,1,SI,SI,350,350,0,NO,NA,,,0,0,NA,NA,NA,NA,"",0,SI,NO,NO,NO,NO,NO,NO,NO,NO,NO,NO,NO,SI,NO,NO,NO,NO,NO,NO,SI,SI,NO,NO,NO,NO,1500,1500,SI,12,12,UNA VEZ AL AO,UNA VEZ AL AO,NUNCA,VARIAS VECES AL AO,NUNCA,NUNCA,FUE GRATUITO,NS/NC,NS/NC,NO FUE NUNCA,"",1 VEZ EN EL ULTIMO AO,600,NO FUE NUNCA,"",ENTRE 1 Y 5 AOS,"",NO FUE NUNCA,"",NO FUE NUNCA,"",NO FUE NUNCA,"",HACE MAS DE 5 AOS,"",ENTRE 1 Y 5 AOS,"",1 VEZ EN EL ULTIMO AO,100,VARIAS VECES EN EL ULTIMO AO,0,VARIAS VECES EN EL ULTIMO AO,0,VARIAS VECES EN EL ULTIMO AO,0,NO FUE NUNCA,"",1 VEZ EN EL ULTIMO AO,200,1 VEZ EN EL ULTIMO AO,0,1 VEZ EN EL ULTIMO AO,70,VARIAS VECES EN EL ULTIMO AO,0,VARIAS VECES EN EL ULTIMO AO,0,NO FUE NUNCA,"",2,0,0,3,UNIVERSITARIO COMPLETO,OTRO MIEMBRO DEL HOGAR,UNIVERSITARIO COMPLETO,TRABAJA,INGENIERO CIVIL,EJECUTIVO MEDIO DE EMPRESA/ PROFESIONAL INDEPENDIENTE/ FUNCI, ,"",SI,SI,SI,NO,SI,SI,PROPIA,NO,NO,NO,NO,NO,BARRIO CON VIVIENDAS DISTINTAS,BARRIO CON VIVIENDAS DISTINTAS,CASA,89,C1,120,120,2,60,60,1,0,30,0.5,240,240,4,60,60,1,0,0,0,0,0,0
130,130,2666,2017-10-05T00:00:00,NEA,Mujer,62,"HABITOS, COSTUMBRES, COMPORTAMIENTOS", ,SI,"", ,NA,SI,TODOS O CASI TODOS LOS DIAS,FM,6,0,6,0,ALGUNOS DIAS POR SEMANA,TODOS O CASI TODOS LOS DIAS,TODOS O CASI TODOS LOS DIAS,NUNCA,NUNCA,MUSICALES,ACTUALIDAD / MAGAZINE,NA,NA,NA,NA,NA, ,2,SI,"", ,NA,TODOS O CASI TODOS LOS DIAS,2,30,2,30,ALGUNOS DIAS POR SEMANA,TODOS O CASI TODOS LOS DIAS,ALGUNAS VECES AL MES,NUNCA,NUNCA,ALGUNAS VECES AL MES,NUNCA,NUNCA,TODOS O CASI TODOS LOS DIAS,DE VEZ EN CUANDO,HABITUALMENTE,HABITUALMENTE,DE VEZ EN CUANDO,DE VEZ EN CUANDO,NUNCA,NUNCA,CASI NUNCA,DE VEZ EN CUANDO,HABITUALMENTE,DE VEZ EN CUANDO,DE VEZ EN CUANDO,DE VEZ EN CUANDO,DE VEZ EN CUANDO,4 canciones,SI,ALGUNOS DIAS POR SEMANA,ALGUNA VEZ AL AO O MENOS,SPOTIFY,YOUTUBE,CIENRADIOS,ARES,NA,NA,NA, ,NS/NC,20,600,1,SI,"", ,NA,ALGUNA VEZ CADA 3 MESES,2,2,0,0,3000,3000,SI,10,SI,SI,"", ,NA,NS/NC,NS/NC,0,30,0,30,ALGUNOS DIAS POR SEMANA,3,3,60,60,TODOS O CASI TODOS LOS DIAS,COMPUTADORA,ALGUNOS DIAS POR SEMANA,MENOS DE UNA VEZ POR MES,ALGUNOS DIAS POR SEMANA,PRINCIPALMENTE LEE EN PAPEL O POR INTERNET SU DIARIO O DIARIOS PREFERIDOS,SI,NA,ALGUNAS VECES AL MES,6,6,3,3,480,480,ALGUNA VEZ AL AO,SI,"", ,NA,12,12,2,2,POR GUSTO PERSONAL, ,20,20,4000,4000,TODOS O CASI TODOS LOS DIAS,"NO LEYO LIBROS EN PANTALLA, SOLO EN PAPEL","","","","","",DE VEZ EN CUANDO,DE VEZ EN CUANDO,DE VEZ EN CUANDO,DE VEZ EN CUANDO,CASI NUNCA,CASI NUNCA,CASI NUNCA,HABITUALMENTE,CASI NUNCA,DE VEZ EN CUANDO,CASI NUNCA,DE VEZ EN CUANDO,CASI NUNCA,DE VEZ EN CUANDO,DE VEZ EN CUANDO,DE VEZ EN CUANDO,SI,"",NA,1,30,1,30,TELEVISION POR CABLE,NA,UNA HORA O MENOS AL DIA,UNA HORA O MENOS AL DIA,ALGUNA VEZ AL AO,ALGUNA VEZ AL AO,ALGUNA VEZ AL AO,TODOS O CASI TODOS LOS DIAS,NUNCA,HABITUALMENTE,NUNCA,3,2,2,SI,"", ,NA,TODOS O CASI TODOS LOS DIAS,ALGUNOS DIAS POR SEMANA,ALGUNOS DIAS POR SEMANA,ALGUNA VEZ CADA 3 MESES,ALGUNAS VECES AL MES,ALGUNOS DIAS POR SEMANA,ALGUNOS DIAS POR SEMANA,ALGUNA VEZ AL AO,TODOS O CASI TODOS LOS DIAS,TODOS O CASI TODOS LOS DIAS,NUNCA,ALGUNAS VECES AL MES,ALGUNA VEZ AL AO,450,0,0,SI,"", ,NA,TODOS O CASI TODOS LOS MESES,12,12,2,2,VIO O ESCUCHO EN UNA PUBLICIDAD, ,DE VEZ EN CUANDO,DE VEZ EN CUANDO,HABITUALMENTE,DE VEZ EN CUANDO,NUNCA,DE VEZ EN CUANDO,DE VEZ EN CUANDO,DE VEZ EN CUANDO,NUNCA,NUNCA,NUNCA,SI,ALGUNA VEZ CADA 3 MESES,4,4,4,4,500,500,SI,"", ,NA,NA,SI,NA,"",INCLUYE CABLE,800,800,TODOS O CASI TODOS LOS DAS,TODOS O CASI TODOS LOS DAS,NUNCA,TODOS O CASI TODOS LOS DAS,13,NO USA,13,NO USA,TODOS O CASI TODOS LOS DAS,ALGUNA VEZ AL AO O MENOS,NUNCA,ALGUNOS DIAS POR SEMANA,ALGUNOS DIAS POR SEMANA,ALGUNOS DIAS POR SEMANA,ALGUNOS DIAS POR SEMANA,ALGUNOS DIAS POR SEMANA,NUNCA,ALGUNOS DIAS POR SEMANA,SI,NO,NO,NO,SI,TODOS O CASI TODOS LOS DAS,NA,NA,NA,NUNCA,NO,NA, ,NUNCA,ALGUNAS VECES AL MES,NUNCA,ALGUNAS VECES AL MES,NUNCA,ALGUNAS VECES AL MES,ALGUNA VEZ CADA 3 MESES,0,45,0,45,"OBSERVA LOS CONTENIDOS, SIN HACER COMENTARIOS",NA,"","","","","","","","","","","",3,NINGUNA,SI,1,SI,SI,270,270,0,NO,NA,,,0,0,NA,NA,NA,NA,"",0,NO,NO,NO,NO,NO,NO,NO,NO,SI,NO,SI,NO,NO,NO,NO,NO,NO,NO,NO,SI,NO,NO,NO,NO,NO,"",0,SI,4,4,UNA VEZ AL AO,UNA VEZ AL AO,UNA VEZ AL AO,VARIAS VECES AL AO,NUNCA,VARIAS VECES AL AO,FUE GRATUITO,NS/NC,NS/NC,ENTRE 1 Y 5 AOS,"",1 VEZ EN EL ULTIMO AO,NS/NC,NO FUE NUNCA,"",NO FUE NUNCA,"",NO FUE NUNCA,"",1 VEZ EN EL ULTIMO AO,0,1 VEZ EN EL ULTIMO AO,NS/NC,VARIAS VECES EN EL ULTIMO AO,NS/NC,VARIAS VECES EN EL ULTIMO AO,NS/NC,1 VEZ EN EL ULTIMO AO,100,VARIAS VECES EN EL ULTIMO AO,0,VARIAS VECES EN EL ULTIMO AO,0,VARIAS VECES EN EL ULTIMO AO,0,1 VEZ EN EL ULTIMO AO,NS/NC,VARIAS VECES EN EL ULTIMO AO,0,ENTRE 1 Y 5 AOS,"",ENTRE 1 Y 5 AOS,"",VARIAS VECES EN EL ULTIMO AO,0,VARIAS VECES EN EL ULTIMO AO,NS/NC,ENTRE 1 Y 5 AOS,"",4,1,0,3,UNIVERSITARIO COMPLETO,LA PERSONA QUE FUE ENTREVISTADA,"",TRABAJA,BIOQUIMICA Y PROFESORA DE YOGA,EJECUTIVO MEDIO DE EMPRESA/ PROFESIONAL INDEPENDIENTE/ FUNCI, ,"",SI,SI,SI,NO,SI,SI,PROPIA,NO,NO,NO,NO,NO,BARRIO CON VIVIENDAS DISTINTAS,BARRIO CON VIVIENDAS DISTINTAS,CASA,89,C1,360,360,6,120,150,2.5,0,30,0.5,60,90,1.5,780,780,13,0,45,0.75,0,0,0
131,131,2987,2017-05-16T00:00:00,NEA,Varn,18,"LOS MODALES, EL BUEN COMPORTAMIENTO", ,SI,"", ,NA,SI,TODOS O CASI TODOS LOS DIAS,FM,3,0,3,0,NUNCA,NUNCA,NUNCA,ALGUNAS VECES AL MES,NUNCA,MUSICALES,NA,NA,NA,NA,NA,NA, ,1,SI,"", ,NA,TODOS O CASI TODOS LOS DIAS,5,0,5,0,NUNCA,NUNCA,TODOS O CASI TODOS LOS DIAS,TODOS O CASI TODOS LOS DIAS,NUNCA,NUNCA,NUNCA,NUNCA,NUNCA,NUNCA,NUNCA,DE VEZ EN CUANDO,NUNCA,NUNCA,HABITUALMENTE,HABITUALMENTE,NUNCA,NUNCA,NUNCA,DE VEZ EN CUANDO,NUNCA,NUNCA,NUNCA,5 canciones,SI,ALGUNOS DIAS POR SEMANA,TODOS O CASI TODOS LOS DIAS,SPOTIFY,YOUTUBE,NA,NA,NA,NA,NA, ,0,0,0,0,NO,POR FALTA DE TIEMPO, ,NO,NA,"",0,"",0,"",0,NO,0,NO,SI,"", ,NA,1,1,1,0,1,0,ALGUNOS DIAS POR SEMANA,1,1,50,50,ALGUNAS VECES AL MES,CELULAR,ALGUNOS DIAS POR SEMANA,NUNCA,TODOS O CASI TODOS LOS DIAS,PRINCIPALMENTE LEE ARTICULOS Y NOTICIAS DE DISTINTOS MEDIOS,SI,NA,ALGUNAS VECES AL MES,0,0,0,0,0,0,"NO LEYO REVISTAS EN PANTALLA, SOLO EN PAPEL",SI,"", ,NA,1,1,1,1,"SE LO HABIA RECOMENDADO UN PROFESOR, REFERENTE POLITICO, RELIGIOSO O ESPIRITUAL", ,0,0,0,0,ALGUNOS DIAS POR SEMANA,"NO LEYO LIBROS EN PANTALLA, SOLO EN PAPEL","","","","","",NUNCA,NUNCA,CASI NUNCA,NUNCA,DE VEZ EN CUANDO,NUNCA,NUNCA,NUNCA,NUNCA,NUNCA,NUNCA,CASI NUNCA,NUNCA,NUNCA,NUNCA,NUNCA,SI,"",NA,1,0,1,0,TELEVISION POR CABLE,NA,NO MIRA,VARIAS HORAS AL DIA,NUNCA,ALGUNA VEZ CADA 3 MESES,NUNCA,TODOS O CASI TODOS LOS DIAS,NUNCA,CASI NUNCA,DE VEZ EN CUANDO,2,1,1,SI,"", ,NA,NUNCA,TODOS O CASI TODOS LOS DIAS,NUNCA,NUNCA,ALGUNAS VECES AL MES,TODOS O CASI TODOS LOS DIAS,ALGUNOS DIAS POR SEMANA,NUNCA,ALGUNOS DIAS POR SEMANA,ALGUNAS VECES AL MES,NUNCA,TODOS O CASI TODOS LOS DIAS,ALGUNOS DIAS POR SEMANA,0,0,0,SI,"", ,NA,ALGUNA VEZ CADA 3 MESES,1,1,0,0,VIO O ESCUCHO EN UNA PUBLICIDAD, ,HABITUALMENTE,HABITUALMENTE,HABITUALMENTE,HABITUALMENTE,DE VEZ EN CUANDO,NUNCA,DE VEZ EN CUANDO,NUNCA,CASI NUNCA,NUNCA,NUNCA,NO,NA,"",0,"",0,"",0,SI,"", ,NA,NA,SI,NA,"",INCLUYE CABLE,NS/NC,NS/NC,TODOS O CASI TODOS LOS DAS,TODOS O CASI TODOS LOS DAS,NUNCA,ALGUNOS DIAS POR SEMANA,5,NO USA,5,NO USA,ALGUNA VEZ CADA 3 MESES,ALGUNAS VECES AL MES,ALGUNOS DIAS POR SEMANA,NUNCA,NUNCA,NUNCA,NUNCA,NUNCA,NUNCA,NUNCA,SI,SI,SI,SI,NO,TODOS O CASI TODOS LOS DAS,TODOS O CASI TODOS LOS DAS,TODOS O CASI TODOS LOS DAS,TODOS O CASI TODOS LOS DAS,NA,NO,NA, ,ALGUNAS VECES AL MES,ALGUNOS DIAS POR SEMANA,ALGUNAS VECES AL MES,ALGUNA VEZ CADA 3 MESES,TODOS O CASI TODOS LOS DAS,ALGUNAS VECES AL MES,ALGUNOS DIAS POR SEMANA,5,0,5,0,"COMENTA, COMPARTE, PARTICIPA Y/U OPINA FRENTE A CONTENIDOS",NA,"","","","","","","","","","","",1,NINGUNA,NO,1,SI,SI,180,180,0,SI,TODOS O CASI TODOS LOS DIAS,2,0,2,0,TODOS O CASI TODOS LOS DIAS,TODOS O CASI TODOS LOS DIAS,NUNCA,NUNCA,0,0,NO,NO,NO,NO,NO,NO,NO,NO,NO,NA,NA,NA,NA,NA,NA,NA,NA,NA,NA,NO,NO,NO,NO,NO,NO,"",0,NO,"",0,NA,NA,NA,NA,NA,NA,"","",0,NO FUE NUNCA,"",NO FUE NUNCA,"",NO FUE NUNCA,"",NO FUE NUNCA,"",NO FUE NUNCA,"",NO FUE NUNCA,"",NO FUE NUNCA,"",NO FUE NUNCA,"",NO FUE NUNCA,"",NO FUE NUNCA,"",NO FUE NUNCA,"",NO FUE NUNCA,"",NO FUE NUNCA,"",NO FUE NUNCA,"",NO FUE NUNCA,"",NO FUE NUNCA,"",NO FUE NUNCA,"",NO FUE NUNCA,"",NO FUE NUNCA,"",NO FUE NUNCA,"",3,0,0,3,SECUNDARIA INCOMPLETA,OTRO MIEMBRO DEL HOGAR,SECUNDARIA COMPLETA,TRABAJA, ,TECNICO ESPECIALIZADO. COMERCIANTE. SUPERVISOR / JEFE / CAP, ,"",SI,SI,SI,NO,SI,SI,PROPIA,NO,NO,NO,NO,NO,BARRIO DE VIVIENDA SOCIAL,BARRIO DE VIVIENDA SOCIAL,CASA,72,C2,180,180,3,300,300,5,60,60,1,60,60,1,300,300,5,300,300,5,120,120,2
132,132,3982,2017-05-16T00:00:00,NEA,Varn,20,"HABITOS, COSTUMBRES, COMPORTAMIENTOS", ,SI,"", ,NA,SI,TODOS O CASI TODOS LOS DIAS,FM,6,0,6,0,TODOS O CASI TODOS LOS DIAS,TODOS O CASI TODOS LOS DIAS,TODOS O CASI TODOS LOS DIAS,TODOS O CASI TODOS LOS DIAS,NUNCA,INFORMATIVOS / NOTICIEROS,MUSICALES,DEPORTIVOS,NA,NA,NA,NA, ,1,SI,"", ,NA,TODOS O CASI TODOS LOS DIAS,6,0,6,0,NUNCA,TODOS O CASI TODOS LOS DIAS,TODOS O CASI TODOS LOS DIAS,TODOS O CASI TODOS LOS DIAS,NUNCA,NUNCA,NUNCA,NUNCA,NUNCA,NUNCA,DE VEZ EN CUANDO,DE VEZ EN CUANDO,NUNCA,NUNCA,DE VEZ EN CUANDO,DE VEZ EN CUANDO,NUNCA,NUNCA,NUNCA,CASI NUNCA,NUNCA,NUNCA,NUNCA,3 canciones,SI,TODOS O CASI TODOS LOS DIAS,TODOS O CASI TODOS LOS DIAS,SPOTIFY,YOUTUBE,ARES,NA,NA,NA,NA, ,0,0,0,0,SI,"", ,NA,TODOS O CASI TODOS LOS MESES,4,4,1,1,NS/NC,NS/NC,SI,1,SI,SI,"", ,NA,3,3,5,0,5,0,TODOS O CASI TODOS LOS DIAS,3,3,200,200,TODOS O CASI TODOS LOS DIAS,COMPUTADORA,TODOS O CASI TODOS LOS DIAS,ALGUNOS DIAS POR SEMANA,TODOS O CASI TODOS LOS DIAS,AMBAS POR IGUAL,SI,NA,TODOS O CASI TODOS LOS DIAS,3,3,3,3,NS/NC,NS/NC,TODOS O CASI TODOS LOS DIAS,NO,PORQUE YA NO ESTUDIA, ,NO,"",0,"",0,"", ,"",0,"",0,NA,NA,"","","","","",NA,NA,NA,NA,NA,NA,NA,NA,NA,NA,NA,NA,NA,NA,NA,NA,SI,"",NA,2,0,2,0,TELEVISION POR CABLE,NA,NO MIRA,UNA HORA O MENOS AL DIA,ALGUNA VEZ CADA 3 MESES,NUNCA,NUNCA,TODOS O CASI TODOS LOS DIAS,NUNCA,NUNCA,DE VEZ EN CUANDO,2,2,2,SI,"", ,NA,NUNCA,ALGUNOS DIAS POR SEMANA,ALGUNOS DIAS POR SEMANA,NUNCA,NUNCA,ALGUNOS DIAS POR SEMANA,TODOS O CASI TODOS LOS DIAS,NUNCA,ALGUNAS VECES AL MES,ALGUNOS DIAS POR SEMANA,NUNCA,ALGUNAS VECES AL MES,NUNCA,NS/NC,NS/NC,NS/NC,NO,POR FALTA DE TIEMPO, ,SI,NA,"",0,"",0,NA, ,NA,NA,NA,NA,NA,NA,NA,NA,NA,NA,NA,NO,NA,"",0,"",0,"",0,SI,"", ,NA,NA,NO,SI,900,NA,"",0,TODOS O CASI TODOS LOS DAS,TODOS O CASI TODOS LOS DAS,NUNCA,TODOS O CASI TODOS LOS DAS,3,NO USA,3,NO USA,ALGUNOS DIAS POR SEMANA,ALGUNOS DIAS POR SEMANA,NUNCA,ALGUNAS VECES AL MES,NUNCA,ALGUNA VEZ CADA 3 MESES,NUNCA,NUNCA,NUNCA,ALGUNOS DIAS POR SEMANA,SI,SI,SI,NO,NO,TODOS O CASI TODOS LOS DAS,TODOS O CASI TODOS LOS DAS,TODOS O CASI TODOS LOS DAS,NA,NA,NO,NA, ,ALGUNAS VECES AL MES,ALGUNOS DIAS POR SEMANA,ALGUNOS DIAS POR SEMANA,NUNCA,NUNCA,ALGUNAS VECES AL MES,ALGUNOS DIAS POR SEMANA,3,0,3,0,"OBSERVA LOS CONTENIDOS, SIN HACER COMENTARIOS",NA,"","","","","","","","","","","",1,NINGUNA,NO,1,SI,SI,900,900,NS/NC,NO,NA,,,0,0,NA,NA,NA,NA,"",0,NO,NO,NO,NO,NO,NO,NO,NO,NO,NA,NA,NA,NA,NA,NA,NA,NA,NA,NA,SI,NO,NO,NO,NO,NO,"",0,NO,"",0,NA,NA,NA,NA,NA,NA,"","",0,NO FUE NUNCA,"",NO FUE NUNCA,"",NO FUE NUNCA,"",NO FUE NUNCA,"",NO FUE NUNCA,"",NO FUE NUNCA,"",NO FUE NUNCA,"",NO FUE NUNCA,"",NO FUE NUNCA,"",NO FUE NUNCA,"",NO FUE NUNCA,"",NO FUE NUNCA,"",NO FUE NUNCA,"",NO FUE NUNCA,"",NO FUE NUNCA,"",NO FUE NUNCA,"",NO FUE NUNCA,"",NO FUE NUNCA,"",NO FUE NUNCA,"",NO FUE NUNCA,"",4,0,0,3,SECUNDARIA COMPLETA,OTRO MIEMBRO DEL HOGAR,SECUNDARIA COMPLETA,TRABAJA, ,TECNICO ESPECIALIZADO. COMERCIANTE. SUPERVISOR / JEFE / CAP, ,"",SI,NO,SI,NO,SI,SI,PROPIA,NO,NO,NO,NO,NO,BARRIO DE VIVIENDA SOCIAL,BARRIO DE VIVIENDA SOCIAL,CASA,68,C3,360,360,6,360,360,6,300,300,5,120,120,2,180,180,3,180,180,3,0,0,0
133,133,3513,2017-05-16T00:00:00,NEA,Varn,31,"HABITOS, COSTUMBRES, COMPORTAMIENTOS", ,SI,"", ,NA,NO,TODOS O CASI TODOS LOS DIAS,FM,2,0,2,0,TODOS O CASI TODOS LOS DIAS,NUNCA,NUNCA,NUNCA,NUNCA,INFORMATIVOS / NOTICIEROS,MUSICALES,NA,NA,NA,NA,NA, ,1,SI,"", ,NA,TODOS O CASI TODOS LOS DIAS,3,0,3,0,NUNCA,NUNCA,NUNCA,TODOS O CASI TODOS LOS DIAS,NUNCA,NUNCA,NUNCA,NUNCA,ALGUNAS VECES AL MES,NUNCA,CASI NUNCA,NUNCA,DE VEZ EN CUANDO,NUNCA,NUNCA,HABITUALMENTE,NUNCA,NUNCA,CASI NUNCA,NUNCA,NUNCA,NUNCA,NUNCA,8 canciones,NO,NA,NA,NA,NA,NA,NA,NA,NA,NA, ,"",0,0,0,NO,PORQUE NO LE INTERESA, ,NO,NA,"",0,"",0,"",0,NO,0,NO,NO,PORQUE NO LE GUSTA LEER DIARIOS, ,NO,"",0,,,0,0,NA,"",0,"",0,NA,NA,NA,NA,NA,NA,NO,NO,NA,"",0,"",0,"",0,NA,NO,PORQUE NO TIENE TIEMPO, ,NO,"",0,"",0,"", ,"",0,"",0,NA,NA,"","","","","",NA,NA,NA,NA,NA,NA,NA,NA,NA,NA,NA,NA,NA,NA,NA,NA,SI,"",NA,3,0,3,0,TELEVISION POR CABLE,NA,UNA HORA O MENOS AL DIA,VARIAS HORAS AL DIA,NUNCA,NUNCA,NUNCA,TODOS O CASI TODOS LOS DIAS,NUNCA,HABITUALMENTE,NUNCA,2,1,1,NO,POR FALTA DE TIEMPO, ,SI,NA,NA,NA,NA,NA,NA,NA,NA,NA,NA,NA,NA,NA,0,0,0,NO,POR FALTA DE TIEMPO, ,SI,NA,"",0,"",0,NA, ,NA,NA,NA,NA,NA,NA,NA,NA,NA,NA,NA,NO,NA,"",0,"",0,"",0,SI,"", ,NA,NA,SI,NA,"",INCLUYE CABLE,700,700,ALGUNOS DIAS POR SEMANA,TODOS O CASI TODOS LOS DAS,NUNCA,NUNCA,10,NO USA,10,NO USA,ALGUNOS DIAS POR SEMANA,NUNCA,ALGUNOS DIAS POR SEMANA,NUNCA,NUNCA,NUNCA,NUNCA,NUNCA,NUNCA,NUNCA,NO,SI,NO,NO,NO,NA,TODOS O CASI TODOS LOS DAS,NA,NA,NA,NO,NA, ,NUNCA,NUNCA,ALGUNAS VECES AL MES,NUNCA,NUNCA,ALGUNOS DIAS POR SEMANA,ALGUNA VEZ AL AO O MENOS,1,0,1,0,"OBSERVA LOS CONTENIDOS, SIN HACER COMENTARIOS",NA,"","","","","","","","","","","",1,1,SI,1,SI,SI,300,300,0,NO,NA,,,0,0,NA,NA,NA,NA,"",0,NO,NO,NO,NO,NO,NO,NO,NO,NO,NA,NA,NA,NA,NA,NA,NA,NA,NA,NA,SI,NO,NO,NO,NO,NO,"",0,SI,1,1,UNA VEZ AL AO,NUNCA,UNA VEZ AL AO,NUNCA,UNA VEZ AL AO,NUNCA,FUE GRATUITO,0,0,HACE MAS DE 5 AOS,"",ENTRE 1 Y 5 AOS,"",NO FUE NUNCA,"",NO FUE NUNCA,"",NO FUE NUNCA,"",NO FUE NUNCA,"",NO FUE NUNCA,"",NO FUE NUNCA,"",NO FUE NUNCA,"",NO FUE NUNCA,"",NO FUE NUNCA,"",NO FUE NUNCA,"",NO FUE NUNCA,"",NO FUE NUNCA,"",NO FUE NUNCA,"",NO FUE NUNCA,"",NO FUE NUNCA,"",NO FUE NUNCA,"",NO FUE NUNCA,"",NO FUE NUNCA,"",4,1,0,2,TERCIARIO INCOMPLETO,OTRO MIEMBRO DEL HOGAR,SECUNDARIA COMPLETA,TRABAJA,VENDEDOR,TECNICO ESPECIALIZADO. COMERCIANTE. SUPERVISOR / JEFE / CAP, ,"",SI,SI,NO,NO,SI,SI,PROPIA,NO,NO,NO,NO,NO,BARRIO CON VIVIENDAS DISTINTAS,BARRIO CON VIVIENDAS DISTINTAS,CASA,68,C3,120,120,2,180,180,3,0,0,0,180,180,3,600,600,10,60,60,1,0,0,0
134,134,2342,2017-05-14T00:00:00,NEA,Varn,45,"EL ARTE, LO CULTO", ,SI,"", ,NA,NO,TODOS O CASI TODOS LOS DIAS,FM,3,0,3,0,TODOS O CASI TODOS LOS DIAS,ALGUNOS DIAS POR SEMANA,ALGUNA VEZ AL AO O MENOS,ALGUNA VEZ AL AO O MENOS,ALGUNA VEZ AL AO O MENOS,INFORMATIVOS / NOTICIEROS,NA,NA,NA,NA,NA,NA, ,1,SI,"", ,NA,TODOS O CASI TODOS LOS DIAS,4,0,4,0,TODOS O CASI TODOS LOS DIAS,ALGUNOS DIAS POR SEMANA,ALGUNAS VECES AL MES,NUNCA,NUNCA,NUNCA,NUNCA,NUNCA,NUNCA,NUNCA,CASI NUNCA,HABITUALMENTE,NUNCA,NUNCA,NUNCA,NUNCA,NS/NC,CASI NUNCA,CASI NUNCA,NUNCA,NUNCA,CASI NUNCA,CASI NUNCA,10 canciones,SI,ALGUNAS VECES AL MES,ALGUNAS VECES AL MES,YOUTUBE,NA,NA,NA,NA,NA,NA, ,0,0,0,1,NO,POR FALTA DE TIEMPO, ,SI,NA,"",0,"",0,"",0,NO,0,NO,SI,"", ,NA,4,4,1,0,1,0,ALGUNAS VECES AL MES,0,0,0,0,TODOS O CASI TODOS LOS DIAS,CELULAR,NUNCA,ALGUNOS DIAS POR SEMANA,ALGUNOS DIAS POR SEMANA,AMBAS POR IGUAL,NO,SI,NA,"",0,"",0,"",0,NA,SI,"", ,NA,6,6,2,2,PORQUE ESTABA EN SU CASA, ,4,4,600,600,TODOS O CASI TODOS LOS DIAS,ALGUNOS DIAS POR SEMANA,CELULAR,"","","",NO,NUNCA,NUNCA,NUNCA,NUNCA,NUNCA,NUNCA,NUNCA,NUNCA,NUNCA,NUNCA,NUNCA,DE VEZ EN CUANDO,NUNCA,NUNCA,NUNCA,NUNCA,SI,"",NA,1,0,1,0,TELEVISION SATELITAL,NA,NO MIRA,UNA HORA O MENOS AL DIA,NUNCA,NUNCA,NUNCA,TODOS O CASI TODOS LOS DIAS,CASI NUNCA,CASI NUNCA,HABITUALMENTE,2,2,2,SI,"", ,NA,NUNCA,NUNCA,ALGUNAS VECES AL MES,NUNCA,NUNCA,ALGUNAS VECES AL MES,NUNCA,NUNCA,ALGUNOS DIAS POR SEMANA,ALGUNOS DIAS POR SEMANA,ALGUNA VEZ AL AO,ALGUNOS DIAS POR SEMANA,NUNCA,NS/NC,1,60,SI,"", ,NA,TODOS O CASI TODOS LOS MESES,30,30,0,0,VIO O ESCUCHO EN UNA PUBLICIDAD, ,HABITUALMENTE,NUNCA,NUNCA,NUNCA,NUNCA,NUNCA,NUNCA,NUNCA,NUNCA,NUNCA,NUNCA,NO,NA,"",0,"",0,"",0,SI,"", ,NA,NA,SI,NA,"",INCLUYE TELFONO Y CABLE,900,900,TODOS O CASI TODOS LOS DAS,TODOS O CASI TODOS LOS DAS,NUNCA,ALGUNAS VECES AL MES,3,NO USA,3,NO USA,NUNCA,ALGUNA VEZ CADA 3 MESES,NUNCA,NUNCA,ALGUNOS DIAS POR SEMANA,ALGUNOS DIAS POR SEMANA,ALGUNOS DIAS POR SEMANA,ALGUNAS VECES AL MES,TODOS O CASI TODOS LOS DAS,NUNCA,NO,NO,NO,NO,NO,NA,NA,NA,NA,NA,NO,NA, ,NA,NA,NA,NA,NA,NA,NA,,,0,0,"PUBLICA, EDITA, CREA, CONSTRUYE Y/O RECICLA CONTENIDOS",FOTOS,IMGENES,TEXTOS LITERARIOS,NOTICIAS Y OPINION,"","","","","","","","",1,NINGUNA,NO,1,SI,SI,1000,1000,NS/NC,NO,NA,,,0,0,NA,NA,NA,NA,"",0,NO,NO,NO,NO,NO,NO,NO,NO,NO,NA,NA,NA,NA,NA,NA,NA,NA,NA,NA,NO,NO,NO,NO,NO,NO,"",0,NO,"",0,NA,NA,NA,NA,NA,NA,"","",0,NO FUE NUNCA,"",NO FUE NUNCA,"",NO FUE NUNCA,"",NO FUE NUNCA,"",NO FUE NUNCA,"",NO FUE NUNCA,"",NO FUE NUNCA,"",NO FUE NUNCA,"",NO FUE NUNCA,"",NO FUE NUNCA,"",NO FUE NUNCA,"",NO FUE NUNCA,"",NO FUE NUNCA,"",NO FUE NUNCA,"",NO FUE NUNCA,"",NO FUE NUNCA,"",NO FUE NUNCA,"",NO FUE NUNCA,"",NO FUE NUNCA,"",NO FUE NUNCA,"",4,2,0,3,UNIVERSITARIO COMPLETO,LA PERSONA QUE FUE ENTREVISTADA,"",TRABAJA, ,EJECUTIVO MEDIO DE EMPRESA/ PROFESIONAL INDEPENDIENTE/ FUNCI, ,"",SI,SI,SI,NO,SI,SI,PROPIA,NO,NO,NO,NO,NO,BARRIO CON VIVIENDAS DISTINTAS,BARRIO CON VIVIENDAS DISTINTAS,CASA,89,C1,180,180,3,240,240,4,60,60,1,60,60,1,180,180,3,0,0,0,0,0,0
135,135,1050,2017-05-15T00:00:00,NEA,Varn,62,"LOS MODALES, EL BUEN COMPORTAMIENTO", ,SI,"", ,NA,NO,TODOS O CASI TODOS LOS DIAS,AMBAS POR IGUAL,4,0,4,0,TODOS O CASI TODOS LOS DIAS,NUNCA,NUNCA,NUNCA,NUNCA,INFORMATIVOS / NOTICIEROS,NA,NA,NA,NA,NA,NA, ,1,SI,"", ,NA,TODOS O CASI TODOS LOS DIAS,4,0,4,0,NUNCA,NUNCA,NUNCA,NUNCA,NUNCA,NUNCA,NUNCA,NUNCA,ALGUNOS DIAS POR SEMANA,NUNCA,NUNCA,NUNCA,NUNCA,NUNCA,NUNCA,NUNCA,NUNCA,NUNCA,NUNCA,NUNCA,NUNCA,HABITUALMENTE,NUNCA,10 canciones,SI,TODOS O CASI TODOS LOS DIAS,ALGUNOS DIAS POR SEMANA,YOUTUBE,NA,NA,NA,NA,NA,NA, ,0,0,0,0,NO,POR PROBLEMAS DE SALUD, ,NO,NA,"",0,"",0,"",0,NO,0,NO,SI,"", ,NA,1,1,2,0,2,0,TODOS O CASI TODOS LOS DIAS,3,3,150,150,TODOS O CASI TODOS LOS DIAS,COMPUTADORA,TODOS O CASI TODOS LOS DIAS,NUNCA,ALGUNOS DIAS POR SEMANA,AMBAS POR IGUAL,SI,NA,ALGUNAS VECES AL MES,2,2,0,0,100,100,ALGUNOS DIAS POR SEMANA,SI,"", ,NA,5,5,0,0,LO HABIAN MENCIONADO EN LA RADIO, ,1,1,300,300,ALGUNOS DIAS POR SEMANA,ALGUNAS VECES AL MES,COMPUTADORA,"","","",NO,DE VEZ EN CUANDO,DE VEZ EN CUANDO,DE VEZ EN CUANDO,NUNCA,NUNCA,NUNCA,NUNCA,NUNCA,NUNCA,NUNCA,NUNCA,NUNCA,NUNCA,NUNCA,NUNCA,NUNCA,SI,"",NA,3,0,3,0,TELEVISION POR CABLE,NA,NO MIRA,VARIAS HORAS AL DIA,NUNCA,NUNCA,NUNCA,TODOS O CASI TODOS LOS DIAS,NUNCA,HABITUALMENTE,NUNCA,1,NINGUNO,NINGUNO,SI,"", ,NA,NUNCA,NUNCA,ALGUNAS VECES AL MES,NUNCA,ALGUNOS DIAS POR SEMANA,TODOS O CASI TODOS LOS DIAS,ALGUNOS DIAS POR SEMANA,NUNCA,ALGUNOS DIAS POR SEMANA,NUNCA,NUNCA,NUNCA,NUNCA,0,0,0,NO,PORQUE NO TENGO NINGUNO CERCA, ,NO,NA,"",0,"",0,NA, ,NA,NA,NA,NA,NA,NA,NA,NA,NA,NA,NA,NO,NA,"",0,"",0,"",0,SI,"", ,NA,NA,SI,NA,"",NS/NC,NS/NC,NS/NC,TODOS O CASI TODOS LOS DAS,ALGUNOS DIAS POR SEMANA,NUNCA,NUNCA,5,NO USA,5,NO USA,NUNCA,ALGUNOS DIAS POR SEMANA,NUNCA,NUNCA,NUNCA,ALGUNAS VECES AL MES,ALGUNOS DIAS POR SEMANA,NUNCA,NUNCA,NUNCA,NO,NO,NO,NO,NO,NA,NA,NA,NA,NA,NO,NA, ,NA,NA,NA,NA,NA,NA,NA,,,0,0,"OBSERVA LOS CONTENIDOS, SIN HACER COMENTARIOS",NA,"","","","","","","","","","","",1,NINGUNA,SI,1,SI,SI,700,700,0,NO,NA,,,0,0,NA,NA,NA,NA,"",0,NO,NO,NO,NO,NO,NO,NO,NO,NO,NA,NA,NA,NA,NA,NA,NA,NA,NA,NA,NO,NO,NO,NO,NO,NO,"",0,NO,"",0,NA,NA,NA,NA,NA,NA,"","",0,NO FUE NUNCA,"",NO FUE NUNCA,"",NO FUE NUNCA,"",NO FUE NUNCA,"",NO FUE NUNCA,"",NO FUE NUNCA,"",NO FUE NUNCA,"",NO FUE NUNCA,"",NO FUE NUNCA,"",NO FUE NUNCA,"",NO FUE NUNCA,"",NO FUE NUNCA,"",NO FUE NUNCA,"",NO FUE NUNCA,"",NO FUE NUNCA,"",NO FUE NUNCA,"",NO FUE NUNCA,"",NO FUE NUNCA,"",NO FUE NUNCA,"",NO FUE NUNCA,"",1,,,1,PRIMARIA COMPLETA,LA PERSONA QUE FUE ENTREVISTADA,"",ES JUBILADO/PENSIONADO, ,"", ,TECNICO ESPECIALIZADO. COMERCIANTE. SUPERVISOR / JEFE / CAP,SI,SI,NO,NO,SI,SI,PROPIA,NO,NO,SI,NO,NO,BARRIO DE VIVIENDA SOCIAL,BARRIO DE VIVIENDA SOCIAL,CASA,44,D1,240,240,4,240,240,4,120,120,2,180,180,3,300,300,5,0,0,0,0,0,0
136,136,2112,2017-05-16T00:00:00,NEA,Mujer,13,"LA TRADICION, LA HISTORIA", ,SI,"", ,NA,SI,ALGUNOS DIAS POR SEMANA,FM,2,0,2,0,ALGUNOS DIAS POR SEMANA,ALGUNAS VECES AL MES,ALGUNAS VECES AL MES,TODOS O CASI TODOS LOS DIAS,NUNCA,MUSICALES,NA,NA,NA,NA,NA,NA, ,1,SI,"", ,NA,TODOS O CASI TODOS LOS DIAS,3,0,3,0,NUNCA,ALGUNAS VECES AL MES,TODOS O CASI TODOS LOS DIAS,TODOS O CASI TODOS LOS DIAS,NUNCA,NUNCA,NUNCA,NUNCA,NUNCA,NUNCA,NUNCA,CASI NUNCA,NUNCA,NUNCA,NUNCA,NUNCA,NUNCA,DE VEZ EN CUANDO,HABITUALMENTE,NUNCA,NUNCA,NUNCA,DE VEZ EN CUANDO,1 cancin,SI,TODOS O CASI TODOS LOS DIAS,ALGUNOS DIAS POR SEMANA,YOUTUBE,NA,NA,NA,NA,NA,NA, ,0,0,0,0,NO,PORQUE NO TIENE CON QUIEN IR, ,NO,NA,"",0,"",0,"",0,NO,0,NO,NO,OTRO,EDAD,NO,"",0,,,0,0,NA,"",0,"",0,NA,NA,NA,NA,NA,NA,SI,NA,ALGUNOS DIAS POR SEMANA,1,1,0,0,NS/NC,NS/NC,ALGUNAS VECES AL MES,SI,"", ,NA,1,1,0,0,LO HABIA VISTO EN UNA PUBLICIDAD, ,1,1,NS/NC,NS/NC,ALGUNOS DIAS POR SEMANA,"NO LEYO LIBROS EN PANTALLA, SOLO EN PAPEL","","","","","",DE VEZ EN CUANDO,NUNCA,NUNCA,NUNCA,HABITUALMENTE,NUNCA,NUNCA,NUNCA,CASI NUNCA,NUNCA,NUNCA,NUNCA,NUNCA,NUNCA,NUNCA,NUNCA,SI,"",NA,3,0,3,0,TELEVISION POR CABLE,NA,NO MIRA,UNA HORA O MENOS AL DIA,NUNCA,NUNCA,NUNCA,ALGUNOS DIAS POR SEMANA,NUNCA,HABITUALMENTE,NUNCA,2,1,1,SI,"", ,NA,ALGUNOS DIAS POR SEMANA,ALGUNAS VECES AL MES,NUNCA,NUNCA,NUNCA,ALGUNOS DIAS POR SEMANA,NUNCA,NUNCA,ALGUNOS DIAS POR SEMANA,ALGUNOS DIAS POR SEMANA,NUNCA,TODOS O CASI TODOS LOS DIAS,ALGUNOS DIAS POR SEMANA,0,0,0,NO,PORQUE NO TENGO NINGUNO CERCA, ,NO,NA,"",0,"",0,NA, ,NA,NA,NA,NA,NA,NA,NA,NA,NA,NA,NA,NO,NA,"",0,"",0,"",0,SI,"", ,NA,NA,SI,NA,"",INCLUYE TELFONO Y CABLE,NS/NC,NS/NC,TODOS O CASI TODOS LOS DAS,TODOS O CASI TODOS LOS DAS,NUNCA,TODOS O CASI TODOS LOS DAS,5,NO USA,5,NO USA,NUNCA,NUNCA,ALGUNAS VECES AL MES,NUNCA,ALGUNOS DIAS POR SEMANA,NUNCA,NUNCA,NUNCA,NUNCA,NUNCA,SI,SI,SI,SI,NO,TODOS O CASI TODOS LOS DAS,TODOS O CASI TODOS LOS DAS,TODOS O CASI TODOS LOS DAS,TODOS O CASI TODOS LOS DAS,NA,NO,NA, ,ALGUNA VEZ CADA 3 MESES,ALGUNAS VECES AL MES,ALGUNOS DIAS POR SEMANA,NUNCA,NUNCA,ALGUNAS VECES AL MES,NUNCA,5,0,5,0,"OBSERVA LOS CONTENIDOS, SIN HACER COMENTARIOS",NA,"","","","","","","","","","","",1,NINGUNA,SI,1,SI,SI,NS/NC,NS/NC,NS/NC,NO,NA,,,0,0,NA,NA,NA,NA,"",0,NO,NO,NO,NO,NO,NO,NO,NO,NO,NA,NA,NA,NA,NA,NA,NA,NA,NA,NA,NO,NO,NO,NO,NO,NO,"",0,NO,"",0,NA,NA,NA,NA,NA,NA,"","",0,NO FUE NUNCA,"",NO FUE NUNCA,"",NO FUE NUNCA,"",NO FUE NUNCA,"",NO FUE NUNCA,"",NO FUE NUNCA,"",NO FUE NUNCA,"",NO FUE NUNCA,"",NO FUE NUNCA,"",NO FUE NUNCA,"",NO FUE NUNCA,"",NO FUE NUNCA,"",NO FUE NUNCA,"",NO FUE NUNCA,"",NO FUE NUNCA,"",NO FUE NUNCA,"",NO FUE NUNCA,"",NO FUE NUNCA,"",NO FUE NUNCA,"",NO FUE NUNCA,"",3,1,0,2,PRIMARIA COMPLETA,OTRO MIEMBRO DEL HOGAR,SECUNDARIA COMPLETA,TRABAJA, ,TECNICO ESPECIALIZADO. COMERCIANTE. SUPERVISOR / JEFE / CAP, ,"",SI,SI,SI,NO,SI,SI,PROPIA,NO,NO,NO,NO,NO,BARRIO DE VIVIENDA SOCIAL,BARRIO DE VIVIENDA SOCIAL,CASA,72,C2,120,120,2,180,180,3,0,0,0,180,180,3,300,300,5,300,300,5,0,0,0
137,137,4122,2017-05-15T00:00:00,NEA,Mujer,29,"INFORMACION, ESTUDIAR, CONOCER", ,SI,"", ,NA,NO,ALGUNAS VECES AL MES,FM,4,0,4,0,TODOS O CASI TODOS LOS DIAS,ALGUNA VEZ AL AO O MENOS,ALGUNA VEZ AL AO O MENOS,ALGUNA VEZ AL AO O MENOS,ALGUNA VEZ AL AO O MENOS,INFORMATIVOS / NOTICIEROS,MUSICALES,ACTUALIDAD / MAGAZINE,NA,NA,NA,NA, ,1,SI,"", ,NA,ALGUNOS DIAS POR SEMANA,1,0,1,0,NUNCA,NUNCA,NUNCA,ALGUNOS DIAS POR SEMANA,NUNCA,ALGUNOS DIAS POR SEMANA,NUNCA,NUNCA,NUNCA,DE VEZ EN CUANDO,CASI NUNCA,DE VEZ EN CUANDO,NUNCA,NUNCA,DE VEZ EN CUANDO,DE VEZ EN CUANDO,NUNCA,CASI NUNCA,NUNCA,CASI NUNCA,NUNCA,NUNCA,NUNCA,2 canciones,SI,ALGUNOS DIAS POR SEMANA,ALGUNOS DIAS POR SEMANA,YOUTUBE,NA,NA,NA,NA,NA,NA, ,0,0,0,1,NO,POR FALTA DE TIEMPO, ,SI,NA,"",0,"",0,"",0,NO,0,NO,NO,POR CUESTIONES ECONOMICAS/NO TIENE PLATA, ,SI,"",0,,,0,0,NA,"",0,"",0,NA,NA,NA,NA,NA,NA,NO,NO,NA,"",0,"",0,"",0,NA,NO,PORQUE NO TIENE TIEMPO, ,NO,"",0,"",0,"", ,"",0,"",0,NA,NA,"","","","","",NA,NA,NA,NA,NA,NA,NA,NA,NA,NA,NA,NA,NA,NA,NA,NA,SI,"",NA,2,0,2,0,TELEVISION POR CABLE,NA,UNA HORA O MENOS AL DIA,UNA HORA O MENOS AL DIA,ALGUNA VEZ AL AO,ALGUNA VEZ CADA 3 MESES,NUNCA,TODOS O CASI TODOS LOS DIAS,CASI NUNCA,DE VEZ EN CUANDO,DE VEZ EN CUANDO,1,NINGUNO,NINGUNO,SI,"", ,NA,NUNCA,ALGUNAS VECES AL MES,NUNCA,ALGUNA VEZ CADA 3 MESES,ALGUNA VEZ CADA 3 MESES,ALGUNA VEZ AL AO,NUNCA,TODOS O CASI TODOS LOS DIAS,TODOS O CASI TODOS LOS DIAS,NUNCA,ALGUNA VEZ CADA 3 MESES,ALGUNOS DIAS POR SEMANA,ALGUNOS DIAS POR SEMANA,0,0,0,SI,"", ,NA,ALGUNA VEZ CADA 3 MESES,2,2,0,0,VIO O ESCUCHO EN UNA PUBLICIDAD, ,DE VEZ EN CUANDO,DE VEZ EN CUANDO,CASI NUNCA,DE VEZ EN CUANDO,NUNCA,CASI NUNCA,HABITUALMENTE,DE VEZ EN CUANDO,NUNCA,NUNCA,NUNCA,SI,TODOS O CASI TODOS LOS MESES,3,3,3,3,NS/NC,NS/NC,SI,"", ,NA,NA,SI,NA,"",INCLUYE TELFONO Y CABLE,900,900,ALGUNOS DIAS POR SEMANA,TODOS O CASI TODOS LOS DAS,NUNCA,NUNCA,4,NO USA,4,NO USA,ALGUNA VEZ CADA 3 MESES,ALGUNA VEZ CADA 3 MESES,NUNCA,NUNCA,TODOS O CASI TODOS LOS DAS,ALGUNA VEZ AL AO O MENOS,ALGUNA VEZ AL AO O MENOS,ALGUNOS DIAS POR SEMANA,NUNCA,NUNCA,SI,SI,SI,NO,NO,TODOS O CASI TODOS LOS DAS,TODOS O CASI TODOS LOS DAS,TODOS O CASI TODOS LOS DAS,NA,NA,NO,NA, ,ALGUNA VEZ AL AO O MENOS,ALGUNOS DIAS POR SEMANA,ALGUNAS VECES AL MES,NUNCA,NUNCA,TODOS O CASI TODOS LOS DAS,ALGUNOS DIAS POR SEMANA,4,0,4,0,"OBSERVA LOS CONTENIDOS, SIN HACER COMENTARIOS",NA,"","","","","","","","","","","",1,NINGUNA,NO,3,SI,SI,300,300,0,NO,NA,,,0,0,NA,NA,NA,NA,"",0,NO,NO,NO,NO,NO,NO,NO,NO,NO,NA,NA,NA,NA,NA,NA,NA,NA,NA,NA,NO,NO,NO,NO,NO,NO,"",0,NO,"",0,NA,NA,NA,NA,NA,NA,"","",0,HACE MAS DE 5 AOS,"",ENTRE 1 Y 5 AOS,"",1 VEZ EN EL ULTIMO AO,NS/NC,NO FUE NUNCA,"",NO FUE NUNCA,"",ENTRE 1 Y 5 AOS,"",NO FUE NUNCA,"",NO FUE NUNCA,"",NO FUE NUNCA,"",NO FUE NUNCA,"",NO FUE NUNCA,"",NO FUE NUNCA,"",NO FUE NUNCA,"",NO FUE NUNCA,"",NO FUE NUNCA,"",NO FUE NUNCA,"",NO FUE NUNCA,"",ENTRE 1 Y 5 AOS,"",NO FUE NUNCA,"",NO FUE NUNCA,"",5,1,1,2,SECUNDARIA COMPLETA,OTRO MIEMBRO DEL HOGAR,SECUNDARIA COMPLETA,TRABAJA, ,TRABAJADOR/OBRERO CALIFICADO. EMPLEADO ADMINISTRATIVO MEDIO, ,"",NO,SI,NO,NO,SI,SI,PROPIA,NO,NO,NO,NO,NO,BARRIO DE VIVIENDA SOCIAL,BARRIO DE VIVIENDA SOCIAL,CASA,58,C3,240,240,4,60,60,1,0,0,0,120,120,2,240,240,4,240,240,4,0,0,0
138,138,6149,2017-05-15T00:00:00,NEA,Mujer,44,"LA TRADICION, LA HISTORIA", ,NO,PORQUE UTILIZA OTROS MEDIOS PARA INFORMARSE/ ENTRETENERSE, ,SI,NA,NA,NA,,,0,0,NA,NA,NA,NA,NA,NA,NA,NA,NA,NA,NA,NA, ,1,SI,"", ,NA,ALGUNA VEZ AL AO O MENOS,0,30,0,30,NUNCA,NUNCA,ALGUNAS VECES AL MES,NUNCA,NUNCA,NUNCA,NUNCA,NUNCA,TODOS O CASI TODOS LOS DIAS,CASI NUNCA,NUNCA,DE VEZ EN CUANDO,NUNCA,NUNCA,DE VEZ EN CUANDO,CASI NUNCA,NUNCA,DE VEZ EN CUANDO,CASI NUNCA,NUNCA,NUNCA,NUNCA,NUNCA,2 canciones,NO,NA,NA,NA,NA,NA,NA,NA,NA,NA, ,"",0,0,0,NO,PORQUE NO LE GUSTA IR A RECITALES, ,NO,NA,"",0,"",0,"",0,NO,0,NO,NO,PORQUE LOS DIARIOS ESTAN CAROS, ,SI,"",0,,,0,0,NA,"",0,"",0,NA,NA,NA,NA,NA,NA,NO,SI,NA,"",0,"",0,"",0,NA,NO,PORQUE NO TIENE TIEMPO, ,SI,"",0,"",0,"", ,"",0,"",0,NA,NA,"","","","","",NA,NA,NA,NA,NA,NA,NA,NA,NA,NA,NA,NA,NA,NA,NA,NA,SI,"",NA,2,0,2,0,TELEVISION POR CABLE,NA,NO MIRA,UNA HORA O MENOS AL DIA,NUNCA,NUNCA,NUNCA,TODOS O CASI TODOS LOS DIAS,NUNCA,HABITUALMENTE,NUNCA,2,NINGUNO,NINGUNO,NO,POR FALTA DE TIEMPO, ,NO,NA,NA,NA,NA,NA,NA,NA,NA,NA,NA,NA,NA,NA,0,0,0,NO,PORQUE NO LE INTERESA, ,NO,NA,"",0,"",0,NA, ,NA,NA,NA,NA,NA,NA,NA,NA,NA,NA,NA,NO,NA,"",0,"",0,"",0,SI,"", ,NA,NA,NO,SI,70,NA,"",0,NUNCA,ALGUNAS VECES AL MES,NUNCA,NUNCA,2,NO USA,2,NO USA,NUNCA,NUNCA,NUNCA,NUNCA,NUNCA,NUNCA,NUNCA,NUNCA,NUNCA,NUNCA,NO,NO,NO,NO,NO,NA,NA,NA,NA,NA,NO,NA, ,NA,NA,NA,NA,NA,NA,NA,,,0,0,NS/NC,NA,"","","","","","","","","","","",NINGUNA,NINGUNA,NO,2,SI,NO,NS/NC,NS/NC,0,SI,ALGUNOS DIAS POR SEMANA,1,0,1,0,NUNCA,ALGUNOS DIAS POR SEMANA,NUNCA,NUNCA,0,0,NO,NO,NO,NO,NO,NO,NO,NO,NO,NA,NA,NA,NA,NA,NA,NA,NA,NA,NA,NO,NO,NO,NO,NO,NO,"",0,NO,"",0,NA,NA,NA,NA,NA,NA,"","",0,NO FUE NUNCA,"",NO FUE NUNCA,"",NO FUE NUNCA,"",NO FUE NUNCA,"",NO FUE NUNCA,"",NO FUE NUNCA,"",NO FUE NUNCA,"",NO FUE NUNCA,"",NO FUE NUNCA,"",NO FUE NUNCA,"",NO FUE NUNCA,"",NO FUE NUNCA,"",NO FUE NUNCA,"",NO FUE NUNCA,"",NO FUE NUNCA,"",NO FUE NUNCA,"",NO FUE NUNCA,"",NO FUE NUNCA,"",NO FUE NUNCA,"",NO FUE NUNCA,"",8,3,1,3,SECUNDARIA INCOMPLETA,OTRO MIEMBRO DEL HOGAR,SECUNDARIA INCOMPLETA,TRABAJA, ,TRABAJADOR/OBRERO CALIFICADO. EMPLEADO ADMINISTRATIVO MEDIO, ,"",SI,NO,NO,NO,NO,SI,PROPIA,NO,NO,NO,NO,NO,BARRIO DE VIVIENDA SOCIAL,BARRIO DE VIVIENDA SOCIAL,CASA,48,D1,0,0,0,0,30,0.5,0,0,0,120,120,2,120,120,2,0,0,0,60,60,1
139,139,2225,2017-08-05T00:00:00,NEA,Mujer,57,"HABITOS, COSTUMBRES, COMPORTAMIENTOS", ,SI,"", ,NA,SI,TODOS O CASI TODOS LOS DIAS,FM,4,0,4,0,TODOS O CASI TODOS LOS DIAS,NUNCA,TODOS O CASI TODOS LOS DIAS,ALGUNAS VECES AL MES,ALGUNAS VECES AL MES,INFORMATIVOS / NOTICIEROS,ACTUALIDAD / MAGAZINE,PROGRAMAS RELIGIOSOS,NA,NA,NA,NA, ,2,SI,"", ,NA,TODOS O CASI TODOS LOS DIAS,6,0,6,0,NUNCA,NUNCA,TODOS O CASI TODOS LOS DIAS,ALGUNAS VECES AL MES,NUNCA,NUNCA,NUNCA,NUNCA,ALGUNAS VECES AL MES,DE VEZ EN CUANDO,NUNCA,NUNCA,NUNCA,NUNCA,NUNCA,NUNCA,NUNCA,NUNCA,NUNCA,NUNCA,NUNCA,DE VEZ EN CUANDO,NUNCA,NS/NC,SI,TODOS O CASI TODOS LOS DIAS,TODOS O CASI TODOS LOS DIAS,YOUTUBE,NA,NA,NA,NA,NA,NA, ,NS/NC,0,0,1,SI,"", ,NA,TODAS O CASI TODAS LAS SEMANAS,3,3,3,3,NS/NC,NS/NC,SI,2,SI,NO,POR CUESTIONES ECONOMICAS/NO TIENE PLATA, ,SI,"",0,,,0,0,NA,"",0,"",0,NA,NA,NA,NA,NA,NA,SI,NA,ALGUNAS VECES AL MES,0,0,0,0,0,0,"NO LEYO REVISTAS EN PANTALLA, SOLO EN PAPEL",SI,"", ,NA,1,1,0,0,"SE LO HABIA RECOMENDADO UN PROFESOR, REFERENTE POLITICO, RELIGIOSO O ESPIRITUAL", ,0,0,0,0,TODOS O CASI TODOS LOS DIAS,"NO LEYO LIBROS EN PANTALLA, SOLO EN PAPEL","","","","","",NUNCA,NUNCA,NUNCA,NUNCA,NUNCA,NUNCA,NUNCA,NUNCA,NUNCA,NUNCA,NUNCA,NUNCA,NUNCA,NUNCA,NUNCA,HABITUALMENTE,NO,POR FALTA DE TIEMPO,NO,,,0,0,NA,NA,NA,NA,NA,NA,NA,NA,NA,NA,NA,1,NINGUNO,NINGUNO,SI,"", ,NA,ALGUNAS VECES AL MES,ALGUNAS VECES AL MES,NUNCA,NUNCA,NUNCA,NUNCA,NUNCA,ALGUNA VEZ AL AO,ALGUNA VEZ AL AO,NUNCA,ALGUNAS VECES AL MES,ALGUNAS VECES AL MES,ALGUNOS DIAS POR SEMANA,0,0,0,NO,PORQUE NO LE GUSTA EL CINE, ,NO,NA,"",0,"",0,NA, ,NA,NA,NA,NA,NA,NA,NA,NA,NA,NA,NA,NO,NA,"",0,"",0,"",0,SI,"", ,NA,NA,SI,NA,"",INCLUYE CABLE,1000,1000,ALGUNOS DIAS POR SEMANA,ALGUNOS DIAS POR SEMANA,NUNCA,ALGUNOS DIAS POR SEMANA,1,NO USA,1,NO USA,NUNCA,NUNCA,NUNCA,NUNCA,ALGUNA VEZ CADA 3 MESES,NUNCA,NUNCA,NUNCA,NUNCA,NUNCA,NO,NO,NO,NO,NO,NA,NA,NA,NA,NA,NO,NA, ,NA,NA,NA,NA,NA,NA,NA,,,0,0,"OBSERVA LOS CONTENIDOS, SIN HACER COMENTARIOS",NA,"","","","","","","","","","","",1,NINGUNA,NO,2,SI,SI,NS/NC,NS/NC,NS/NC,NO,NA,,,0,0,NA,NA,NA,NA,"",0,NO,NO,SI,NO,NO,NO,NO,NO,NO,SI,NA,SI,NO,SI,NO,NO,NO,NO,NO,NO,SI,NO,NO,NO,NO,0,0,NO,"",0,NA,NA,NA,NA,NA,NA,"","",0,NO FUE NUNCA,"",NO FUE NUNCA,"",NO FUE NUNCA,"",NO FUE NUNCA,"",VARIAS VECES EN EL ULTIMO AO,NS/NC,NO FUE NUNCA,"",NO FUE NUNCA,"",NO FUE NUNCA,"",NO FUE NUNCA,"",NO FUE NUNCA,"",NO FUE NUNCA,"",NO FUE NUNCA,"",NO FUE NUNCA,"",NO FUE NUNCA,"",NO FUE NUNCA,"",NO FUE NUNCA,"",NO FUE NUNCA,"",NO FUE NUNCA,"",NO FUE NUNCA,"",NO FUE NUNCA,"",3,1,0,3,PRIMARIA COMPLETA,LA PERSONA QUE FUE ENTREVISTADA,"",ES JUBILADO/PENSIONADO, ,"", ,TRABAJADOR/OBRERO CALIFICADO. EMPLEADO ADMINISTRATIVO MEDIO,SI,SI,SI,NO,SI,SI,PROPIA,NO,NO,NO,NO,NO,BARRIO DE VIVIENDA SOCIAL,BARRIO DE VIVIENDA SOCIAL,CASA,48,D1,240,240,4,360,360,6,0,0,0,0,0,0,60,60,1,0,0,0,0,0,0
140,140,2996,2017-05-15T00:00:00,NEA,Mujer,80,"INFORMACION, ESTUDIAR, CONOCER", ,SI,"", ,NA,NO,ALGUNOS DIAS POR SEMANA,FM,5,0,5,0,ALGUNOS DIAS POR SEMANA,NUNCA,NUNCA,NUNCA,NUNCA,INFORMATIVOS / NOTICIEROS,NA,NA,NA,NA,NA,NA, ,1,SI,"", ,NA,TODOS O CASI TODOS LOS DIAS,5,0,5,0,NUNCA,NUNCA,NUNCA,NUNCA,NUNCA,NUNCA,NUNCA,NUNCA,TODOS O CASI TODOS LOS DIAS,DE VEZ EN CUANDO,NUNCA,CASI NUNCA,NUNCA,NUNCA,NUNCA,NUNCA,NUNCA,DE VEZ EN CUANDO,CASI NUNCA,NUNCA,NUNCA,CASI NUNCA,CASI NUNCA,5 canciones,NO,NA,NA,NA,NA,NA,NA,NA,NA,NA, ,"",0,0,0,SI,"", ,NA,ALGUNA VEZ CADA 3 MESES,3,3,3,3,NS/NC,NS/NC,NO,0,NO,SI,"", ,NA,3,3,3,0,3,0,ALGUNOS DIAS POR SEMANA,2,2,50,50,"NO LEYO DIARIOS EN PANTALLA, SOLO EN PAPEL",NA,ALGUNOS DIAS POR SEMANA,NUNCA,NUNCA,PRINCIPALMENTE LEE EN PAPEL O POR INTERNET SU DIARIO O DIARIOS PREFERIDOS,SI,NA,TODOS O CASI TODOS LOS DIAS,10,10,0,0,NS/NC,NS/NC,"NO LEYO REVISTAS EN PANTALLA, SOLO EN PAPEL",SI,"", ,NA,3,3,0,0,SE LO REGALARON, ,3,3,NS/NC,NS/NC,ALGUNOS DIAS POR SEMANA,"NO LEYO LIBROS EN PANTALLA, SOLO EN PAPEL","","","","","",DE VEZ EN CUANDO,DE VEZ EN CUANDO,CASI NUNCA,DE VEZ EN CUANDO,NUNCA,NUNCA,NUNCA,NUNCA,NUNCA,NUNCA,NUNCA,NUNCA,NUNCA,NUNCA,NUNCA,NUNCA,SI,"",NA,4,0,4,0,TELEVISION POR CABLE,NA,NO MIRA,VARIAS HORAS AL DIA,NUNCA,NUNCA,NUNCA,TODOS O CASI TODOS LOS DIAS,NUNCA,NUNCA,NUNCA,1,1,1,SI,"", ,NA,NUNCA,NUNCA,ALGUNAS VECES AL MES,NUNCA,NUNCA,ALGUNAS VECES AL MES,ALGUNA VEZ CADA 3 MESES,TODOS O CASI TODOS LOS DIAS,TODOS O CASI TODOS LOS DIAS,NUNCA,NUNCA,NUNCA,NUNCA,0,0,0,SI,"", ,NA,ALGUNA VEZ AL AO O MENOS,1,1,1,1,VIO O ESCUCHO EN UNA PUBLICIDAD, ,DE VEZ EN CUANDO,CASI NUNCA,CASI NUNCA,CASI NUNCA,NUNCA,CASI NUNCA,DE VEZ EN CUANDO,HABITUALMENTE,NUNCA,NUNCA,NUNCA,SI,ALGUNA VEZ CADA 3 MESES,3,3,3,3,NS/NC,NS/NC,NO,PORQUE NO APRENDI A USAR INTERNET, ,NO,NO,NA,NA,"",NA,"",0,NA,NA,NA,NA,,"",0,NO USA,NA,NA,NA,NA,NA,NA,NA,NA,NA,NA,NA,NA,NA,NA,NA,NA,NA,NA,NA,NA,NA,NA, ,NA,NA,NA,NA,NA,NA,NA,,,0,0,NA,NA,"","","","","","","","","","","",1,NINGUNA,SI,NINGUNO,NA,NA,"",0,0,NO,NA,,,0,0,NA,NA,NA,NA,"",0,NO,NO,NO,NO,NO,NO,NO,NO,NO,NA,NA,NA,NA,NA,NA,NA,NA,NA,NA,NO,NO,NO,NO,NO,NO,"",0,SI,1,1,NUNCA,UNA VEZ AL AO,NUNCA,NS/NC,VARIAS VECES AL AO,NUNCA,FUE GRATUITO,0,0,NO FUE NUNCA,"",NO FUE NUNCA,"",NO FUE NUNCA,"",NO FUE NUNCA,"",NO FUE NUNCA,"",NO FUE NUNCA,"",NO FUE NUNCA,"",NO FUE NUNCA,"",NO FUE NUNCA,"",NO FUE NUNCA,"",NO FUE NUNCA,"",NO FUE NUNCA,"",NO FUE NUNCA,"",NO FUE NUNCA,"",NO FUE NUNCA,"",NO FUE NUNCA,"",NO FUE NUNCA,"",NO FUE NUNCA,"",NO FUE NUNCA,"",NO FUE NUNCA,"",2,0,1,2,PRIMARIA COMPLETA,LA PERSONA QUE FUE ENTREVISTADA,"",ES JUBILADO/PENSIONADO, ,"", ,"OFICIO MENOR, OBRERO NO CALIFICADO/ SERVICIO DOMESTICO",SI,NO,NO,NO,NO,NO,PROPIA,NO,NO,NO,NO,NO,BARRIO DE VIVIENDA SOCIAL,BARRIO DE VIVIENDA SOCIAL,CASA,32,D2,300,300,5,300,300,5,180,180,3,240,240,4,0,0,0,0,0,0,0,0,0
141,141,3374,2017-05-17T00:00:00,NEA,Varn,19,"HABITOS, COSTUMBRES, COMPORTAMIENTOS", ,SI,"", ,NA,NO,TODOS O CASI TODOS LOS DIAS,FM,3,0,3,0,TODOS O CASI TODOS LOS DIAS,NUNCA,NUNCA,NUNCA,NUNCA,MUSICALES,NA,NA,NA,NA,NA,NA, ,2,SI,"", ,NA,TODOS O CASI TODOS LOS DIAS,4,0,4,0,NUNCA,ALGUNOS DIAS POR SEMANA,ALGUNA VEZ CADA 3 MESES,TODOS O CASI TODOS LOS DIAS,NUNCA,NUNCA,NUNCA,NUNCA,ALGUNOS DIAS POR SEMANA,NUNCA,NUNCA,DE VEZ EN CUANDO,HABITUALMENTE,NUNCA,HABITUALMENTE,HABITUALMENTE,NUNCA,HABITUALMENTE,NUNCA,NUNCA,CASI NUNCA,NUNCA,DE VEZ EN CUANDO,5 canciones,SI,ALGUNOS DIAS POR SEMANA,ALGUNA VEZ AL AO O MENOS,SPOTIFY,YOUTUBE,NA,NA,NA,NA,NA, ,0,0,0,0,NO,PORQUE NO LE GUSTA IR A RECITALES, ,NO,NA,"",0,"",0,"",0,NO,0,NO,NO,PORQUE NO LE GUSTA LEER DIARIOS, ,NO,"",0,,,0,0,NA,"",0,"",0,NA,NA,NA,NA,NA,NA,NO,NO,NA,"",0,"",0,"",0,NA,NO,PORQUE YA NO ESTUDIA, ,SI,"",0,"",0,"", ,"",0,"",0,NA,NA,"","","","","",NA,NA,NA,NA,NA,NA,NA,NA,NA,NA,NA,NA,NA,NA,NA,NA,SI,"",NA,3,0,3,0,TELEVISION POR CABLE,NA,NS/NC,NS/NC,NUNCA,NUNCA,NUNCA,TODOS O CASI TODOS LOS DIAS,NUNCA,HABITUALMENTE,NUNCA,2,1,1,SI,"", ,NA,NUNCA,NUNCA,NUNCA,ALGUNA VEZ CADA 3 MESES,ALGUNAS VECES AL MES,TODOS O CASI TODOS LOS DIAS,NUNCA,ALGUNOS DIAS POR SEMANA,TODOS O CASI TODOS LOS DIAS,NUNCA,NUNCA,ALGUNOS DIAS POR SEMANA,NUNCA,0,0,0,NO,PORQUE NO LE INTERESA, ,NO,NA,"",0,"",0,NA, ,NA,NA,NA,NA,NA,NA,NA,NA,NA,NA,NA,NO,NA,"",0,"",0,"",0,SI,"", ,NA,NA,SI,NA,"",INCLUYE TELFONO,600,600,TODOS O CASI TODOS LOS DAS,TODOS O CASI TODOS LOS DAS,NUNCA,NUNCA,16,NO USA,16,NO USA,NUNCA,NUNCA,NUNCA,NUNCA,ALGUNAS VECES AL MES,NUNCA,NUNCA,NUNCA,NUNCA,NUNCA,SI,NO,NO,SI,NO,TODOS O CASI TODOS LOS DAS,NA,NA,ALGUNOS DIAS POR SEMANA,NA,NO,NA, ,NUNCA,ALGUNA VEZ CADA 3 MESES,ALGUNA VEZ CADA 3 MESES,NUNCA,NUNCA,ALGUNAS VECES AL MES,ALGUNA VEZ AL AO O MENOS,1,0,1,0,"OBSERVA LOS CONTENIDOS, SIN HACER COMENTARIOS",NA,"","","","","","","","","","","",1,NINGUNA,SI,1,SI,SI,270,270,0,SI,ALGUNOS DIAS POR SEMANA,2,0,2,0,ALGUNOS DIAS POR SEMANA,ALGUNAS VECES AL MES,NUNCA,TODOS O CASI TODOS LOS DIAS,690,690,NO,NO,NO,NO,NO,NO,NO,NO,NO,NA,NA,NA,NA,NA,NA,NA,NA,NA,NA,SI,NO,NO,NO,NO,NO,"",0,SI,1,1,NUNCA,VARIAS VECES AL AO,VARIAS VECES AL AO,VARIAS VECES AL AO,VARIAS VECES AL AO,NUNCA,FUE GRATUITO,0,0,ENTRE 1 Y 5 AOS,"",VARIAS VECES EN EL ULTIMO AO,0,NO FUE NUNCA,"",NO FUE NUNCA,"",NO FUE NUNCA,"",NO FUE NUNCA,"",NO FUE NUNCA,"",NO FUE NUNCA,"",1 VEZ EN EL ULTIMO AO,NS/NC,ENTRE 1 Y 5 AOS,"",NO FUE NUNCA,"",ENTRE 1 Y 5 AOS,"",NO FUE NUNCA,"",NO FUE NUNCA,"",NO FUE NUNCA,"",NO FUE NUNCA,"",NO FUE NUNCA,"",NO FUE NUNCA,"",NO FUE NUNCA,"",NO FUE NUNCA,"",4,1,0,3,TERCIARIO INCOMPLETO,OTRO MIEMBRO DEL HOGAR,SECUNDARIA COMPLETA,TRABAJA,GENDARME,TECNICO ESPECIALIZADO. COMERCIANTE. SUPERVISOR / JEFE / CAP, ,"",SI,SI,SI,NO,SI,SI,PROPIA,NO,NO,NO,NO,NO,BARRIO CON VIVIENDAS DISTINTAS,BARRIO CON VIVIENDAS DISTINTAS,CASA,72,C2,180,180,3,240,240,4,0,0,0,180,180,3,960,960,16,60,60,1,120,120,2
142,142,6748,2017-05-19T00:00:00,NEA,Varn,23,"LA TRADICION, LA HISTORIA", ,SI,"", ,NA,NO,TODOS O CASI TODOS LOS DIAS,FM,3,0,3,0,TODOS O CASI TODOS LOS DIAS,NUNCA,NUNCA,NUNCA,NUNCA,INFORMATIVOS / NOTICIEROS,MUSICALES,NA,NA,NA,NA,NA, ,2,SI,"", ,NA,TODOS O CASI TODOS LOS DIAS,4,0,4,0,NUNCA,NUNCA,NUNCA,TODOS O CASI TODOS LOS DIAS,NUNCA,NUNCA,NUNCA,NUNCA,ALGUNOS DIAS POR SEMANA,NUNCA,NUNCA,NUNCA,NUNCA,NUNCA,HABITUALMENTE,DE VEZ EN CUANDO,NUNCA,NUNCA,NUNCA,NUNCA,NUNCA,NUNCA,NUNCA,7 canciones,SI,ALGUNOS DIAS POR SEMANA,NUNCA,YOUTUBE,NA,NA,NA,NA,NA,NA, ,0,0,0,0,NO,PORQUE NO LE INTERESA, ,NO,NA,"",0,"",0,"",0,NO,0,NO,NO,PORQUE NO LE INTERESAN LOS DIARIOS, ,NO,"",0,,,0,0,NA,"",0,"",0,NA,NA,NA,NA,NA,NA,NO,NO,NA,"",0,"",0,"",0,NA,NO,PORQUE YA NO ESTUDIA, ,SI,"",0,"",0,"", ,"",0,"",0,NA,NA,"","","","","",NA,NA,NA,NA,NA,NA,NA,NA,NA,NA,NA,NA,NA,NA,NA,NA,SI,"",NA,3,0,3,0,TELEVISION POR CABLE,NA,ALGUNAS VECES AL MES,VARIAS HORAS AL DIA,NUNCA,NUNCA,NUNCA,TODOS O CASI TODOS LOS DIAS,NUNCA,HABITUALMENTE,NUNCA,3,NINGUNO,NINGUNO,SI,"", ,NA,NUNCA,NUNCA,NUNCA,NUNCA,ALGUNOS DIAS POR SEMANA,ALGUNOS DIAS POR SEMANA,NUNCA,ALGUNAS VECES AL MES,TODOS O CASI TODOS LOS DIAS,NUNCA,NUNCA,NUNCA,NUNCA,0,0,0,NO,POR FALTA DE DINERO, ,SI,NA,"",0,"",0,NA, ,NA,NA,NA,NA,NA,NA,NA,NA,NA,NA,NA,NO,NA,"",0,"",0,"",0,SI,"", ,NA,NA,NO,SI,900,NA,"",0,NUNCA,TODOS O CASI TODOS LOS DAS,NUNCA,NUNCA,15,NO USA,15,NO USA,NUNCA,NUNCA,NUNCA,NUNCA,ALGUNAS VECES AL MES,NUNCA,NUNCA,NUNCA,NUNCA,NUNCA,SI,SI,NO,NO,NO,TODOS O CASI TODOS LOS DAS,TODOS O CASI TODOS LOS DAS,NA,NA,NA,NO,NA, ,ALGUNA VEZ AL AO O MENOS,ALGUNOS DIAS POR SEMANA,NUNCA,NUNCA,NUNCA,ALGUNOS DIAS POR SEMANA,NUNCA,3,0,3,0,"OBSERVA LOS CONTENIDOS, SIN HACER COMENTARIOS",NA,"","","","","","","","","","","",NINGUNA,1,NO,1,SI,NO,NS/NC,NS/NC,300,NO,NA,,,0,0,NA,NA,NA,NA,"",0,NO,NO,NO,NO,NO,NO,NO,NO,NO,NA,NA,NA,NA,NA,NA,NA,NA,NA,NA,SI,NO,NO,NO,NO,NO,"",0,NO,"",0,NA,NA,NA,NA,NA,NA,"","",0,NO FUE NUNCA,"",1 VEZ EN EL ULTIMO AO,0,NO FUE NUNCA,"",NO FUE NUNCA,"",NO FUE NUNCA,"",NO FUE NUNCA,"",NO FUE NUNCA,"",NO FUE NUNCA,"",NO FUE NUNCA,"",NO FUE NUNCA,"",NO FUE NUNCA,"",NO FUE NUNCA,"",NO FUE NUNCA,"",NO FUE NUNCA,"",NO FUE NUNCA,"",NO FUE NUNCA,"",NO FUE NUNCA,"",NO FUE NUNCA,"",NO FUE NUNCA,"",NO FUE NUNCA,"",9,3,1,4,SECUNDARIA COMPLETA,OTRO MIEMBRO DEL HOGAR,PRIMARIA COMPLETA,ES JUBILADO/PENSIONADO, ,"",COOPERATIVA,TRABAJADOR/OBRERO CALIFICADO. EMPLEADO ADMINISTRATIVO MEDIO,NO,NO,NO,NO,NO,SI,PROPIA,NO,NO,NO,NO,NO,BARRIO CON VIVIENDAS DISTINTAS,BARRIO CON VIVIENDAS DISTINTAS,CASA,32,D2,180,180,3,240,240,4,0,0,0,180,180,3,900,900,15,180,180,3,0,0,0
143,143,3969,2017-12-05T00:00:00,NEA,Varn,36,"LA TRADICION, LA HISTORIA", ,SI,"", ,NA,NO,TODOS O CASI TODOS LOS DIAS,FM,3,0,3,0,TODOS O CASI TODOS LOS DIAS,TODOS O CASI TODOS LOS DIAS,NUNCA,NUNCA,NUNCA,INFORMATIVOS / NOTICIEROS,DEPORTIVOS,NA,NA,NA,NA,NA, ,2,SI,"", ,NA,TODOS O CASI TODOS LOS DIAS,7,0,7,0,ALGUNA VEZ CADA 3 MESES,TODOS O CASI TODOS LOS DIAS,NUNCA,ALGUNOS DIAS POR SEMANA,NUNCA,NUNCA,NUNCA,NUNCA,ALGUNAS VECES AL MES,DE VEZ EN CUANDO,NUNCA,HABITUALMENTE,NUNCA,NUNCA,CASI NUNCA,DE VEZ EN CUANDO,DE VEZ EN CUANDO,NUNCA,NUNCA,NUNCA,NUNCA,CASI NUNCA,CASI NUNCA,8 canciones,SI,ALGUNOS DIAS POR SEMANA,ALGUNA VEZ AL AO O MENOS,YOUTUBE,NA,NA,NA,NA,NA,NA, ,0,0,0,0,NO,PORQUE NO LE INTERESA, ,NO,NA,"",0,"",0,"",0,NO,0,NO,NO,PORQUE CREE POCO EN LOS DIARIOS/LO DEPRIMEN LAS NOTICIAS, ,NO,"",0,,,0,0,NA,"",0,"",0,NA,NA,NA,NA,NA,NA,SI,NA,ALGUNA VEZ CADA 3 MESES,1,1,0,0,170,170,"NO LEYO REVISTAS EN PANTALLA, SOLO EN PAPEL",SI,"", ,NA,7,7,NS/NC,NS/NC,"SE LO HABIA RECOMENDADO UN AMIGO, FAMILIAR O CONOCIDO", ,3,3,800,800,TODOS O CASI TODOS LOS DIAS,"NO LEYO LIBROS EN PANTALLA, SOLO EN PAPEL","","","","","",HABITUALMENTE,NUNCA,NUNCA,NUNCA,NUNCA,NUNCA,NUNCA,CASI NUNCA,DE VEZ EN CUANDO,CASI NUNCA,NUNCA,NUNCA,NUNCA,NUNCA,NUNCA,NUNCA,SI,"",NA,3,0,3,0,TELEVISION POR CABLE,NA,UNA HORA O MENOS AL DIA,VARIAS HORAS AL DIA,NUNCA,NUNCA,NUNCA,TODOS O CASI TODOS LOS DIAS,CASI NUNCA,HABITUALMENTE,NUNCA,2,NINGUNO,NINGUNO,SI,"", ,NA,ALGUNAS VECES AL MES,NUNCA,ALGUNA VEZ AL AO,ALGUNOS DIAS POR SEMANA,ALGUNAS VECES AL MES,ALGUNOS DIAS POR SEMANA,TODOS O CASI TODOS LOS DIAS,ALGUNOS DIAS POR SEMANA,TODOS O CASI TODOS LOS DIAS,NUNCA,NUNCA,ALGUNOS DIAS POR SEMANA,TODOS O CASI TODOS LOS DIAS,0,0,0,SI,"", ,NA,ALGUNA VEZ AL AO O MENOS,1,1,0,0,"PARA LLEVAR A SUS HIJOS, NIETOS", ,CASI NUNCA,NUNCA,NUNCA,NUNCA,NUNCA,NUNCA,NUNCA,NUNCA,NUNCA,DE VEZ EN CUANDO,CASI NUNCA,NO,NA,"",0,"",0,"",0,SI,"", ,NA,NA,NO,SI,400,NA,"",0,NUNCA,TODOS O CASI TODOS LOS DAS,NUNCA,NUNCA,10,NO USA,10,NO USA,ALGUNOS DIAS POR SEMANA,NUNCA,ALGUNAS VECES AL MES,NUNCA,ALGUNOS DIAS POR SEMANA,NUNCA,NUNCA,NUNCA,NUNCA,NUNCA,SI,NO,NO,NO,NO,TODOS O CASI TODOS LOS DAS,NA,NA,NA,NA,NO,NA, ,ALGUNA VEZ AL AO O MENOS,ALGUNA VEZ CADA 3 MESES,ALGUNA VEZ CADA 3 MESES,NUNCA,NUNCA,ALGUNOS DIAS POR SEMANA,ALGUNAS VECES AL MES,1,0,1,0,"OBSERVA LOS CONTENIDOS, SIN HACER COMENTARIOS",NA,"","","","","","","","","","","",1,NINGUNA,NO,1,SI,NO,300,300,0,NO,NA,,,0,0,NA,NA,NA,NA,"",0,NO,NO,NO,NO,NO,NO,NO,NO,NO,NA,NA,NA,NA,NA,NA,NA,NA,NA,NA,SI,NO,NO,NO,NO,NO,"",0,NO,"",0,NA,NA,NA,NA,NA,NA,"","",0,1 VEZ EN EL ULTIMO AO,300,VARIAS VECES EN EL ULTIMO AO,0,ENTRE 1 Y 5 AOS,"",ENTRE 1 Y 5 AOS,"",NO FUE NUNCA,"",NO FUE NUNCA,"",NO FUE NUNCA,"",HACE MAS DE 5 AOS,"",HACE MAS DE 5 AOS,"",ENTRE 1 Y 5 AOS,"",NO FUE NUNCA,"",NO FUE NUNCA,"",NO FUE NUNCA,"",NO FUE NUNCA,"",NO FUE NUNCA,"",NO FUE NUNCA,"",NO FUE NUNCA,"",ENTRE 1 Y 5 AOS,"",ENTRE 1 Y 5 AOS,"",NO FUE NUNCA,"",7,4,1,3,SECUNDARIA INCOMPLETA,LA PERSONA QUE FUE ENTREVISTADA,"",TRABAJA,CONSTRUCCION,"OFICIO MENOR, OBRERO NO CALIFICADO/ SERVICIO DOMESTICO", ,"",SI,NO,SI,NO,NO,SI,PROPIA,NO,NO,NO,NO,NO,BARRIO CON VIVIENDAS DISTINTAS,BARRIO CON VIVIENDAS DISTINTAS,CASA,46,D1,180,180,3,420,420,7,0,0,0,180,180,3,600,600,10,60,60,1,0,0,0
144,144,2824,2017-05-17T00:00:00,NEA,Varn,50,"HABITOS, COSTUMBRES, COMPORTAMIENTOS", ,SI,"", ,NA,NO,TODOS O CASI TODOS LOS DIAS,FM,6,0,6,0,TODOS O CASI TODOS LOS DIAS,TODOS O CASI TODOS LOS DIAS,NUNCA,NUNCA,NUNCA,INFORMATIVOS / NOTICIEROS,MUSICALES,NA,NA,NA,NA,NA, ,1,SI,"", ,NA,TODOS O CASI TODOS LOS DIAS,2,0,2,0,ALGUNA VEZ CADA 3 MESES,TODOS O CASI TODOS LOS DIAS,NUNCA,ALGUNAS VECES AL MES,NUNCA,NUNCA,NUNCA,NUNCA,ALGUNA VEZ CADA 3 MESES,HABITUALMENTE,NS/NC,NS/NC,NUNCA,NUNCA,NUNCA,DE VEZ EN CUANDO,NUNCA,NUNCA,NUNCA,NUNCA,NUNCA,NUNCA,DE VEZ EN CUANDO,9 canciones,SI,ALGUNAS VECES AL MES,NUNCA,YOUTUBE,NA,NA,NA,NA,NA,NA, ,0,0,0,0,NO,PORQUE NO LE INTERESA, ,NO,NA,"",0,"",0,"",0,NO,0,NO,SI,"", ,NA,1,1,1,0,1,0,TODOS O CASI TODOS LOS DIAS,7,7,175,175,"NO LEYO DIARIOS EN PANTALLA, SOLO EN PAPEL",NA,TODOS O CASI TODOS LOS DIAS,ALGUNAS VECES AL MES,NUNCA,PRINCIPALMENTE LEE EN PAPEL O POR INTERNET SU DIARIO O DIARIOS PREFERIDOS,NO,NO,NA,"",0,"",0,"",0,NA,NO,PORQUE NO TIENE TIEMPO, ,SI,"",0,"",0,"", ,"",0,"",0,NA,NA,"","","","","",NA,NA,NA,NA,NA,NA,NA,NA,NA,NA,NA,NA,NA,NA,NA,NA,SI,"",NA,4,0,4,0,TELEVISION POR CABLE,NA,ALGUNAS VECES AL MES,VARIAS HORAS AL DIA,NUNCA,ALGUNA VEZ AL AO,NUNCA,TODOS O CASI TODOS LOS DIAS,NUNCA,HABITUALMENTE,CASI NUNCA,2,NINGUNO,NINGUNO,SI,"", ,NA,NUNCA,ALGUNA VEZ CADA 3 MESES,ALGUNAS VECES AL MES,ALGUNOS DIAS POR SEMANA,ALGUNAS VECES AL MES,ALGUNOS DIAS POR SEMANA,ALGUNOS DIAS POR SEMANA,ALGUNAS VECES AL MES,TODOS O CASI TODOS LOS DIAS,NUNCA,NUNCA,ALGUNA VEZ CADA 3 MESES,ALGUNA VEZ CADA 3 MESES,0,0,0,NO,PORQUE NO LE INTERESA, ,SI,NA,"",0,"",0,NA, ,NA,NA,NA,NA,NA,NA,NA,NA,NA,NA,NA,NO,NA,"",0,"",0,"",0,SI,"", ,NA,NA,SI,NA,"",INCLUYE CABLE,816,816,ALGUNAS VECES AL MES,TODOS O CASI TODOS LOS DAS,NUNCA,NUNCA,8,NO USA,8,NO USA,ALGUNOS DIAS POR SEMANA,NUNCA,ALGUNA VEZ AL AO O MENOS,NUNCA,NUNCA,NUNCA,NUNCA,NUNCA,NUNCA,ALGUNA VEZ AL AO O MENOS,SI,NO,NO,NO,NO,TODOS O CASI TODOS LOS DAS,NA,NA,NA,NA,NO,NA, ,NUNCA,ALGUNA VEZ CADA 3 MESES,ALGUNA VEZ CADA 3 MESES,NUNCA,NUNCA,ALGUNA VEZ CADA 3 MESES,ALGUNA VEZ AL AO O MENOS,2,0,2,0,"OBSERVA LOS CONTENIDOS, SIN HACER COMENTARIOS",NA,"","","","","","","","","","","",2,NINGUNA,SI,1,SI,SI,200,200,0,NO,NA,,,0,0,NA,NA,NA,NA,"",0,NO,NO,NO,NO,NO,NO,NO,NO,NO,NA,NA,NA,NA,NA,NA,NA,NA,NA,NA,SI,NO,NO,NO,NO,NO,"",0,NO,"",0,NA,NA,NA,NA,NA,NA,"","",0,ENTRE 1 Y 5 AOS,"",VARIAS VECES EN EL ULTIMO AO,300,ENTRE 1 Y 5 AOS,"",ENTRE 1 Y 5 AOS,"",NO FUE NUNCA,"",HACE MAS DE 5 AOS,"",NO FUE NUNCA,"",ENTRE 1 Y 5 AOS,"",ENTRE 1 Y 5 AOS,"",ENTRE 1 Y 5 AOS,"",HACE MAS DE 5 AOS,"",HACE MAS DE 5 AOS,"",NO FUE NUNCA,"",NO FUE NUNCA,"",NO FUE NUNCA,"",NO FUE NUNCA,"",NO FUE NUNCA,"",ENTRE 1 Y 5 AOS,"",HACE MAS DE 5 AOS,"",NO FUE NUNCA,"",3,1,0,2,PRIMARIA COMPLETA,LA PERSONA QUE FUE ENTREVISTADA,"",TRABAJA,TALLER,"OFICIO MENOR, OBRERO NO CALIFICADO/ SERVICIO DOMESTICO", ,"",SI,SI,SI,NO,SI,SI,ALQUILADA,NO,NO,NO,NO,NO,BARRIO CON VIVIENDAS DISTINTAS,BARRIO CON VIVIENDAS DISTINTAS,CASA,44,D1,360,360,6,120,120,2,60,60,1,240,240,4,480,480,8,120,120,2,0,0,0
145,145,2487,2017-05-19T00:00:00,NEA,Varn,65,"HABITOS, COSTUMBRES, COMPORTAMIENTOS", ,SI,"", ,NA,NO,TODOS O CASI TODOS LOS DIAS,FM,8,0,8,0,TODOS O CASI TODOS LOS DIAS,NUNCA,NUNCA,NUNCA,NUNCA,INFORMATIVOS / NOTICIEROS,MUSICALES,DEPORTIVOS,NA,NA,NA,NA, ,2,SI,"", ,NA,TODOS O CASI TODOS LOS DIAS,4,0,4,0,NUNCA,ALGUNOS DIAS POR SEMANA,NUNCA,NUNCA,NUNCA,NUNCA,NUNCA,NUNCA,ALGUNAS VECES AL MES,HABITUALMENTE,NUNCA,NUNCA,CASI NUNCA,CASI NUNCA,NUNCA,NUNCA,DE VEZ EN CUANDO,NUNCA,NUNCA,NUNCA,NUNCA,DE VEZ EN CUANDO,NUNCA,9 canciones,NO,NA,NA,NA,NA,NA,NA,NA,NA,NA, ,"",0,0,0,NO,PORQUE NO LE GUSTA IR A RECITALES, ,SI,NA,"",0,"",0,"",0,SI,1,NO,NO,PORQUE NO LE GUSTA LEER DIARIOS, ,SI,"",0,,,0,0,NA,"",0,"",0,NA,NA,NA,NA,NA,NA,NO,NO,NA,"",0,"",0,"",0,NA,NO,PORQUE NO LE INTERESA, ,SI,"",0,"",0,"", ,"",0,"",0,NA,NA,"","","","","",NA,NA,NA,NA,NA,NA,NA,NA,NA,NA,NA,NA,NA,NA,NA,NA,SI,"",NA,4,0,4,0,"SOLO CANALES DE AIRE ""ANALOGICOS""",NA,NA,NA,NUNCA,NUNCA,NUNCA,TODOS O CASI TODOS LOS DIAS,NUNCA,HABITUALMENTE,NUNCA,1,NINGUNO,NINGUNO,NO,PORQUE NO LE INTERESA, ,SI,NA,NA,NA,NA,NA,NA,NA,NA,NA,NA,NA,NA,NA,0,0,0,NO,PORQUE NO LE GUSTA EL CINE, ,SI,NA,"",0,"",0,NA, ,NA,NA,NA,NA,NA,NA,NA,NA,NA,NA,NA,NO,NA,"",0,"",0,"",0,NO,PORQUE NO LE INTERESA, ,NO,NO,NA,NA,"",NA,"",0,NA,NA,NA,NA,,"",0,NO USA,NA,NA,NA,NA,NA,NA,NA,NA,NA,NA,NA,NA,NA,NA,NA,NA,NA,NA,NA,NA,NA,NA, ,NA,NA,NA,NA,NA,NA,NA,,,0,0,NA,NA,"","","","","","","","","","","",NINGUNA,NINGUNA,NO,1,NO,NA,400,400,0,NO,NA,,,0,0,NA,NA,NA,NA,"",0,NO,NO,NO,NO,NO,NO,NO,NO,NO,NA,NA,NA,NA,NA,NA,NA,NA,NA,NA,NO,NO,NO,NO,NO,NO,"",0,NO,"",0,NA,NA,NA,NA,NA,NA,"","",0,HACE MAS DE 5 AOS,"",ENTRE 1 Y 5 AOS,"",NO FUE NUNCA,"",NO FUE NUNCA,"",NO FUE NUNCA,"",HACE MAS DE 5 AOS,"",NO FUE NUNCA,"",NO FUE NUNCA,"",ENTRE 1 Y 5 AOS,"",HACE MAS DE 5 AOS,"",NO FUE NUNCA,"",NO FUE NUNCA,"",NO FUE NUNCA,"",NO FUE NUNCA,"",NO FUE NUNCA,"",NO FUE NUNCA,"",NO FUE NUNCA,"",NO FUE NUNCA,"",NO FUE NUNCA,"",NO FUE NUNCA,"",2,0,1,2,PRIMARIA COMPLETA,LA PERSONA QUE FUE ENTREVISTADA,"",ES JUBILADO/PENSIONADO, ,"",TALLERISTA,"OFICIO MENOR, OBRERO NO CALIFICADO/ SERVICIO DOMESTICO",SI,NO,SI,NO,NO,SI,PROPIA,NO,NO,NO,NO,NO,BARRIO CON VIVIENDAS DISTINTAS,BARRIO CON VIVIENDAS DISTINTAS,CASA,40,D1,480,480,8,240,240,4,0,0,0,240,240,4,0,0,0,0,0,0,0,0,0
146,146,3578,2017-05-17T00:00:00,NEA,Mujer,19,"HABITOS, COSTUMBRES, COMPORTAMIENTOS", ,NO,PORQUE NO LE INTERESA, ,NO,NA,NA,NA,,,0,0,NA,NA,NA,NA,NA,NA,NA,NA,NA,NA,NA,NA, ,1,SI,"", ,NA,TODOS O CASI TODOS LOS DIAS,2,0,2,0,NUNCA,NUNCA,NUNCA,TODOS O CASI TODOS LOS DIAS,NUNCA,NUNCA,NUNCA,NUNCA,ALGUNOS DIAS POR SEMANA,NUNCA,NUNCA,CASI NUNCA,NUNCA,NUNCA,DE VEZ EN CUANDO,HABITUALMENTE,DE VEZ EN CUANDO,NUNCA,NUNCA,NUNCA,CASI NUNCA,NUNCA,HABITUALMENTE,7 canciones,SI,ALGUNAS VECES AL MES,ALGUNA VEZ AL AO O MENOS,YOUTUBE,NA,NA,NA,NA,NA,NA, ,0,0,0,0,NO,PORQUE NO LE GUSTA IR A RECITALES, ,NO,NA,"",0,"",0,"",0,NO,0,NO,SI,"", ,NA,1,1,0,15,0,15,ALGUNOS DIAS POR SEMANA,0,0,0,0,ALGUNOS DIAS POR SEMANA,CELULAR,NUNCA,MENOS DE UNA VEZ POR MES,ALGUNOS DIAS POR SEMANA,AMBAS POR IGUAL,SI,NA,ALGUNAS VECES AL MES,0,0,0,0,0,0,"NO LEYO REVISTAS EN PANTALLA, SOLO EN PAPEL",NO,PORQUE NO TIENE TIEMPO, ,SI,"",0,"",0,"", ,"",0,"",0,NA,NA,"","","","","",NA,NA,NA,NA,NA,NA,NA,NA,NA,NA,NA,NA,NA,NA,NA,NA,SI,"",NA,1,0,1,0,TELEVISION POR CABLE,NA,UNA HORA O MENOS AL DIA,VARIAS HORAS AL DIA,NUNCA,NUNCA,NUNCA,TODOS O CASI TODOS LOS DIAS,NUNCA,HABITUALMENTE,CASI NUNCA,1,NINGUNO,NINGUNO,SI,"", ,NA,ALGUNA VEZ AL AO,ALGUNA VEZ CADA 3 MESES,NUNCA,ALGUNAS VECES AL MES,ALGUNAS VECES AL MES,ALGUNOS DIAS POR SEMANA,ALGUNOS DIAS POR SEMANA,TODOS O CASI TODOS LOS DIAS,ALGUNOS DIAS POR SEMANA,NUNCA,NUNCA,ALGUNOS DIAS POR SEMANA,ALGUNA VEZ AL AO,0,0,0,NO,POR FALTA DE DINERO, ,SI,NA,"",0,"",0,NA, ,NA,NA,NA,NA,NA,NA,NA,NA,NA,NA,NA,NO,NA,"",0,"",0,"",0,SI,"", ,NA,NA,NO,SI,1000,NA,"",0,NUNCA,TODOS O CASI TODOS LOS DAS,NUNCA,NUNCA,14,NO USA,14,NO USA,ALGUNA VEZ CADA 3 MESES,ALGUNOS DIAS POR SEMANA,ALGUNA VEZ AL AO O MENOS,NUNCA,ALGUNA VEZ CADA 3 MESES,ALGUNAS VECES AL MES,NUNCA,NUNCA,NUNCA,NUNCA,SI,SI,NO,NO,NO,TODOS O CASI TODOS LOS DAS,TODOS O CASI TODOS LOS DAS,NA,NA,NA,NO,NA, ,ALGUNA VEZ CADA 3 MESES,ALGUNA VEZ AL AO O MENOS,ALGUNA VEZ CADA 3 MESES,ALGUNA VEZ AL AO O MENOS,NUNCA,ALGUNAS VECES AL MES,ALGUNA VEZ AL AO O MENOS,3,0,3,0,"COMENTA, COMPARTE, PARTICIPA Y/U OPINA FRENTE A CONTENIDOS",NA,"","","","","","","","","","","",NINGUNA,NINGUNA,NO,1,SI,SI,100,100,0,NO,NA,,,0,0,NA,NA,NA,NA,"",0,NO,NO,NO,NO,NO,NO,NO,NO,NO,NA,NA,NA,NA,NA,NA,NA,NA,NA,NA,SI,NO,NO,NO,NO,NO,"",0,NO,"",0,NA,NA,NA,NA,NA,NA,"","",0,ENTRE 1 Y 5 AOS,"",VARIAS VECES EN EL ULTIMO AO,0,1 VEZ EN EL ULTIMO AO,300,ENTRE 1 Y 5 AOS,"",NO FUE NUNCA,"",NO FUE NUNCA,"",NO FUE NUNCA,"",NO FUE NUNCA,"",NO FUE NUNCA,"",HACE MAS DE 5 AOS,"",NO FUE NUNCA,"",NO FUE NUNCA,"",NO FUE NUNCA,"",NO FUE NUNCA,"",NO FUE NUNCA,"",NO FUE NUNCA,"",NO FUE NUNCA,"",1 VEZ EN EL ULTIMO AO,0,NO FUE NUNCA,"",NO FUE NUNCA,"",5,2,0,2,SECUNDARIA COMPLETA,LA PERSONA QUE FUE ENTREVISTADA,"",TRABAJA,LIMPIEZA,"OFICIO MENOR, OBRERO NO CALIFICADO/ SERVICIO DOMESTICO", ,"",SI,NO,NO,NO,NO,SI,ALQUILADA,NO,NO,NO,NO,NO,BARRIO CON VIVIENDAS DISTINTAS,BARRIO CON VIVIENDAS DISTINTAS,CASILLA,44,D1,0,0,0,120,120,2,0,15,0.25,60,60,1,840,840,14,180,180,3,0,0,0
147,147,6985,2017-05-17T00:00:00,NEA,Mujer,28,"LA FORMA DE PENSAR, IDEOLOGIA, VALORES", ,SI,"", ,NA,NO,ALGUNOS DIAS POR SEMANA,FM,0,30,0,30,ALGUNOS DIAS POR SEMANA,ALGUNOS DIAS POR SEMANA,NUNCA,NUNCA,NUNCA,INFORMATIVOS / NOTICIEROS,MUSICALES,NA,NA,NA,NA,NA, ,3,SI,"", ,NA,ALGUNOS DIAS POR SEMANA,1,0,1,0,ALGUNAS VECES AL MES,ALGUNA VEZ AL AO O MENOS,NUNCA,NUNCA,NUNCA,NUNCA,NUNCA,NUNCA,ALGUNOS DIAS POR SEMANA,NUNCA,NUNCA,CASI NUNCA,NUNCA,NUNCA,DE VEZ EN CUANDO,DE VEZ EN CUANDO,CASI NUNCA,NUNCA,DE VEZ EN CUANDO,NUNCA,NUNCA,NUNCA,CASI NUNCA,8 canciones,SI,ALGUNOS DIAS POR SEMANA,ALGUNA VEZ AL AO O MENOS,YOUTUBE,NA,NA,NA,NA,NA,NA, ,0,0,0,0,NO,PORQUE NO LE GUSTA IR A RECITALES, ,NO,NA,"",0,"",0,"",0,NO,0,NO,SI,"", ,NA,1,1,0,15,0,15,TODOS O CASI TODOS LOS DIAS,7,7,210,210,ALGUNOS DIAS POR SEMANA,CELULAR,TODOS O CASI TODOS LOS DIAS,MENOS DE UNA VEZ POR MES,ALGUNOS DIAS POR SEMANA,AMBAS POR IGUAL,NO,NO,NA,"",0,"",0,"",0,NA,NO,PORQUE NO TIENE TIEMPO, ,SI,"",0,"",0,"", ,"",0,"",0,NA,NA,"","","","","",NA,NA,NA,NA,NA,NA,NA,NA,NA,NA,NA,NA,NA,NA,NA,NA,SI,"",NA,5,0,5,0,TELEVISION POR CABLE,NA,UNA HORA O MENOS AL DIA,VARIAS HORAS AL DIA,NUNCA,NUNCA,NUNCA,TODOS O CASI TODOS LOS DIAS,DE VEZ EN CUANDO,HABITUALMENTE,CASI NUNCA,4,NINGUNO,NINGUNO,SI,"", ,NA,ALGUNOS DIAS POR SEMANA,ALGUNA VEZ AL AO,ALGUNAS VECES AL MES,NUNCA,NUNCA,ALGUNOS DIAS POR SEMANA,ALGUNOS DIAS POR SEMANA,TODOS O CASI TODOS LOS DIAS,TODOS O CASI TODOS LOS DIAS,NUNCA,NUNCA,ALGUNAS VECES AL MES,ALGUNA VEZ CADA 3 MESES,0,0,0,NO,POR FALTA DE DINERO, ,SI,NA,"",0,"",0,NA, ,NA,NA,NA,NA,NA,NA,NA,NA,NA,NA,NA,NO,NA,"",0,"",0,"",0,SI,"", ,NA,NA,NO,SI,700,NA,"",0,NUNCA,TODOS O CASI TODOS LOS DAS,NUNCA,NUNCA,10,NO USA,10,NO USA,ALGUNAS VECES AL MES,ALGUNOS DIAS POR SEMANA,ALGUNA VEZ AL AO O MENOS,NUNCA,ALGUNOS DIAS POR SEMANA,NUNCA,NUNCA,ALGUNA VEZ CADA 3 MESES,NUNCA,NUNCA,SI,NO,NO,NO,NO,TODOS O CASI TODOS LOS DAS,NA,NA,NA,NA,NO,NA, ,ALGUNA VEZ AL AO O MENOS,ALGUNA VEZ CADA 3 MESES,ALGUNA VEZ CADA 3 MESES,ALGUNA VEZ CADA 3 MESES,NUNCA,ALGUNOS DIAS POR SEMANA,ALGUNA VEZ CADA 3 MESES,2,0,2,0,"OBSERVA LOS CONTENIDOS, SIN HACER COMENTARIOS",NA,"","","","","","","","","","","",NINGUNA,NINGUNA,NO,1,SI,NO,NS/NC,NS/NC,0,NO,NA,,,0,0,NA,NA,NA,NA,"",0,NO,NO,NO,NO,NO,NO,NO,NO,NO,NA,NA,NA,NA,NA,NA,NA,NA,NA,NA,SI,NO,NO,NO,NO,NO,"",0,NO,"",0,NA,NA,NA,NA,NA,NA,"","",0,ENTRE 1 Y 5 AOS,"",VARIAS VECES EN EL ULTIMO AO,0,ENTRE 1 Y 5 AOS,"",HACE MAS DE 5 AOS,"",NO FUE NUNCA,"",HACE MAS DE 5 AOS,"",NO FUE NUNCA,"",HACE MAS DE 5 AOS,"",ENTRE 1 Y 5 AOS,"",HACE MAS DE 5 AOS,"",HACE MAS DE 5 AOS,"",ENTRE 1 Y 5 AOS,"",NO FUE NUNCA,"",NO FUE NUNCA,"",NO FUE NUNCA,"",NO FUE NUNCA,"",NO FUE NUNCA,"",ENTRE 1 Y 5 AOS,"",HACE MAS DE 5 AOS,"",NO FUE NUNCA,"",8,2,0,3,SECUNDARIA COMPLETA,LA PERSONA QUE FUE ENTREVISTADA,"",TRABAJA,CASA DE LIMPIEZA,"OFICIO MENOR, OBRERO NO CALIFICADO/ SERVICIO DOMESTICO", ,"",SI,NO,NO,NO,NO,SI,PROPIA,NO,NO,NO,NO,NO,BARRIO CON VIVIENDAS DISTINTAS,BARRIO CON VIVIENDAS DISTINTAS,CASA,48,D1,0,30,0.5,60,60,1,0,15,0.25,300,300,5,600,600,10,120,120,2,0,0,0
148,148,4168,2017-05-17T00:00:00,NEA,Mujer,40,"HABITOS, COSTUMBRES, COMPORTAMIENTOS", ,NO,POR FALTA DE TIEMPO, ,SI,NA,NA,NA,,,0,0,NA,NA,NA,NA,NA,NA,NA,NA,NA,NA,NA,NA, ,1,SI,"", ,NA,ALGUNOS DIAS POR SEMANA,1,0,1,0,NUNCA,ALGUNA VEZ AL AO O MENOS,NUNCA,TODOS O CASI TODOS LOS DIAS,NUNCA,NUNCA,NUNCA,NUNCA,ALGUNOS DIAS POR SEMANA,CASI NUNCA,CASI NUNCA,DE VEZ EN CUANDO,DE VEZ EN CUANDO,NUNCA,HABITUALMENTE,CASI NUNCA,CASI NUNCA,NUNCA,NUNCA,NUNCA,NUNCA,CASI NUNCA,DE VEZ EN CUANDO,10 canciones,SI,ALGUNOS DIAS POR SEMANA,ALGUNOS DIAS POR SEMANA,YOUTUBE,NA,NA,NA,NA,NA,NA, ,0,0,0,0,NO,PORQUE NO LE INTERESA, ,SI,NA,"",0,"",0,"",0,NO,0,SI,SI,"", ,NA,1,1,1,0,1,0,TODOS O CASI TODOS LOS DIAS,0,0,0,0,ALGUNOS DIAS POR SEMANA,CELULAR,NUNCA,ALGUNAS VECES AL MES,ALGUNOS DIAS POR SEMANA,AMBAS POR IGUAL,SI,NA,ALGUNAS VECES AL MES,1,1,0,0,70,70,"NO LEYO REVISTAS EN PANTALLA, SOLO EN PAPEL",SI,"", ,NA,10,10,2,2,"SE LO HABIA RECOMENDADO UN AMIGO, FAMILIAR O CONOCIDO", ,0,0,0,0,TODOS O CASI TODOS LOS DIAS,"NO LEYO LIBROS EN PANTALLA, SOLO EN PAPEL","","","","","",NUNCA,HABITUALMENTE,CASI NUNCA,NUNCA,NUNCA,NUNCA,NUNCA,NUNCA,DE VEZ EN CUANDO,CASI NUNCA,DE VEZ EN CUANDO,NUNCA,NUNCA,CASI NUNCA,NUNCA,NUNCA,SI,"",NA,2,0,2,0,TELEVISION POR CABLE,NA,ALGUNAS VECES POR SEMANA,VARIAS HORAS AL DIA,NUNCA,NUNCA,NUNCA,TODOS O CASI TODOS LOS DIAS,CASI NUNCA,HABITUALMENTE,CASI NUNCA,1,NINGUNO,NINGUNO,SI,"", ,NA,ALGUNOS DIAS POR SEMANA,ALGUNA VEZ AL AO,ALGUNAS VECES AL MES,ALGUNAS VECES AL MES,ALGUNAS VECES AL MES,ALGUNOS DIAS POR SEMANA,TODOS O CASI TODOS LOS DIAS,ALGUNOS DIAS POR SEMANA,TODOS O CASI TODOS LOS DIAS,NUNCA,ALGUNA VEZ AL AO,ALGUNA VEZ AL AO,ALGUNA VEZ CADA 3 MESES,0,2,100,NO,PORQUE NO LE INTERESA, ,SI,NA,"",0,"",0,NA, ,NA,NA,NA,NA,NA,NA,NA,NA,NA,NA,NA,SI,ALGUNA VEZ AL AO O MENOS,1,1,1,1,NS/NC,NS/NC,SI,"", ,NA,NA,SI,NA,"",INCLUYE CABLE,680,680,ALGUNOS DIAS POR SEMANA,TODOS O CASI TODOS LOS DAS,NUNCA,NUNCA,7,NO USA,7,NO USA,TODOS O CASI TODOS LOS DAS,ALGUNOS DIAS POR SEMANA,ALGUNAS VECES AL MES,NUNCA,ALGUNA VEZ AL AO O MENOS,ALGUNA VEZ AL AO O MENOS,ALGUNA VEZ CADA 3 MESES,ALGUNA VEZ AL AO O MENOS,NUNCA,ALGUNA VEZ AL AO O MENOS,SI,NO,NO,NO,NO,TODOS O CASI TODOS LOS DAS,NA,NA,NA,NA,SI,WHATSAPP, ,ALGUNA VEZ AL AO O MENOS,ALGUNA VEZ AL AO O MENOS,ALGUNA VEZ CADA 3 MESES,ALGUNA VEZ AL AO O MENOS,NUNCA,ALGUNAS VECES AL MES,ALGUNA VEZ CADA 3 MESES,1,0,1,0,"COMENTA, COMPARTE, PARTICIPA Y/U OPINA FRENTE A CONTENIDOS",NA,"","","","","","","","","","","",1,NINGUNA,SI,1,SI,SI,300,300,5000,NO,NA,,,0,0,NA,NA,NA,NA,"",0,NO,NO,NO,NO,NO,NO,NO,NO,NO,NA,NA,NA,NA,NA,NA,NA,NA,NA,NA,SI,NO,NO,NO,NO,NO,"",0,NO,"",0,NA,NA,NA,NA,NA,NA,"","",0,1 VEZ EN EL ULTIMO AO,150,VARIAS VECES EN EL ULTIMO AO,0,ENTRE 1 Y 5 AOS,"",HACE MAS DE 5 AOS,"",NO FUE NUNCA,"",HACE MAS DE 5 AOS,"",HACE MAS DE 5 AOS,"",ENTRE 1 Y 5 AOS,"",HACE MAS DE 5 AOS,"",HACE MAS DE 5 AOS,"",ENTRE 1 Y 5 AOS,"",NO FUE NUNCA,"",NO FUE NUNCA,"",NO FUE NUNCA,"",ENTRE 1 Y 5 AOS,"",NO FUE NUNCA,"",NO FUE NUNCA,"",ENTRE 1 Y 5 AOS,"",ENTRE 1 Y 5 AOS,"",1 VEZ EN EL ULTIMO AO,0,5,2,0,3,SECUNDARIA COMPLETA,OTRO MIEMBRO DEL HOGAR,SECUNDARIA INCOMPLETA,TRABAJA,VENTAS,"OFICIO MENOR, OBRERO NO CALIFICADO/ SERVICIO DOMESTICO", ,"",SI,SI,NO,NO,NO,SI,PROPIA,NO,NO,NO,NO,NO,BARRIO CON VIVIENDAS DISTINTAS,BARRIO CON VIVIENDAS DISTINTAS,CASA,46,D1,0,0,0,60,60,1,60,60,1,120,120,2,420,420,7,60,60,1,0,0,0
149,149,5027,2017-05-16T00:00:00,NEA,Mujer,51,"LA TRADICION, LA HISTORIA", ,SI,"", ,NA,NO,TODOS O CASI TODOS LOS DIAS,FM,3,0,3,0,TODOS O CASI TODOS LOS DIAS,ALGUNOS DIAS POR SEMANA,NUNCA,NUNCA,NUNCA,MUSICALES,NA,NA,NA,NA,NA,NA, ,2,SI,"", ,NA,TODOS O CASI TODOS LOS DIAS,2,0,2,0,ALGUNA VEZ CADA 3 MESES,TODOS O CASI TODOS LOS DIAS,ALGUNA VEZ CADA 3 MESES,ALGUNAS VECES AL MES,NUNCA,NUNCA,NUNCA,NUNCA,ALGUNOS DIAS POR SEMANA,HABITUALMENTE,NUNCA,CASI NUNCA,NUNCA,NUNCA,HABITUALMENTE,DE VEZ EN CUANDO,NUNCA,NUNCA,CASI NUNCA,NUNCA,NUNCA,DE VEZ EN CUANDO,NUNCA,9 canciones,NO,NA,NA,NA,NA,NA,NA,NA,NA,NA, ,"",1,50,0,NO,PORQUE NO LE GUSTA IR A RECITALES, ,NO,NA,"",0,"",0,"",0,NO,0,NO,NO,PORQUE NO LE GUSTA LEER DIARIOS, ,NO,"",0,,,0,0,NA,"",0,"",0,NA,NA,NA,NA,NA,NA,SI,NA,ALGUNAS VECES AL MES,0,0,0,0,0,0,"NO LEYO REVISTAS EN PANTALLA, SOLO EN PAPEL",NO,PORQUE NO TIENE TIEMPO, ,SI,"",0,"",0,"", ,"",0,"",0,NA,NA,"","","","","",NA,NA,NA,NA,NA,NA,NA,NA,NA,NA,NA,NA,NA,NA,NA,NA,SI,"",NA,1,0,1,0,TELEVISION POR CABLE,NA,UNA HORA O MENOS AL DIA,UNA HORA O MENOS AL DIA,NUNCA,NUNCA,NUNCA,TODOS O CASI TODOS LOS DIAS,NUNCA,HABITUALMENTE,NUNCA,2,NINGUNO,NINGUNO,SI,"", ,NA,ALGUNAS VECES AL MES,NUNCA,ALGUNOS DIAS POR SEMANA,ALGUNA VEZ CADA 3 MESES,ALGUNA VEZ CADA 3 MESES,ALGUNOS DIAS POR SEMANA,ALGUNOS DIAS POR SEMANA,TODOS O CASI TODOS LOS DIAS,TODOS O CASI TODOS LOS DIAS,NUNCA,NUNCA,ALGUNA VEZ AL AO,ALGUNA VEZ CADA 3 MESES,0,0,0,NO,PORQUE NO LE INTERESA, ,SI,NA,"",0,"",0,NA, ,NA,NA,NA,NA,NA,NA,NA,NA,NA,NA,NA,NO,NA,"",0,"",0,"",0,SI,"", ,NA,NA,SI,NA,"",INCLUYE CABLE,780,780,ALGUNAS VECES AL MES,TODOS O CASI TODOS LOS DAS,NUNCA,NUNCA,8,NO USA,8,NO USA,ALGUNOS DIAS POR SEMANA,NUNCA,ALGUNAS VECES AL MES,NUNCA,NUNCA,NUNCA,NUNCA,NUNCA,NUNCA,NUNCA,NO,NO,NO,NO,NO,NA,NA,NA,NA,NA,NO,NA, ,NA,NA,NA,NA,NA,NA,NA,,,0,0,"OBSERVA LOS CONTENIDOS, SIN HACER COMENTARIOS",NA,"","","","","","","","","","","",1,NINGUNA,SI,1,SI,NO,100,100,0,NO,NA,,,0,0,NA,NA,NA,NA,"",0,NO,NO,NO,NO,NO,NO,NO,NO,NO,NA,NA,NA,NA,NA,NA,NA,NA,NA,NA,SI,NO,NO,NO,NO,NO,"",0,NO,"",0,NA,NA,NA,NA,NA,NA,"","",0,HACE MAS DE 5 AOS,"",VARIAS VECES EN EL ULTIMO AO,0,HACE MAS DE 5 AOS,"",HACE MAS DE 5 AOS,"",NO FUE NUNCA,"",NO FUE NUNCA,"",NO FUE NUNCA,"",NO FUE NUNCA,"",HACE MAS DE 5 AOS,"",HACE MAS DE 5 AOS,"",NO FUE NUNCA,"",NO FUE NUNCA,"",NO FUE NUNCA,"",NO FUE NUNCA,"",ENTRE 1 Y 5 AOS,"",NO FUE NUNCA,"",NO FUE NUNCA,"",ENTRE 1 Y 5 AOS,"",HACE MAS DE 5 AOS,"",NO FUE NUNCA,"",4,0,0,3,PRIMARIA COMPLETA,LA PERSONA QUE FUE ENTREVISTADA,"",NO TRABAJA PERO RECIBE ALGN PLAN SOCIAL, ,"", ,"",SI,SI,SI,NO,SI,SI,PROPIA,NO,NO,NO,SI,SI,BARRIO CON VIVIENDAS DISTINTAS,BARRIO CON VIVIENDAS DISTINTAS,CASA,42,D1,180,180,3,120,120,2,0,0,0,60,60,1,480,480,8,0,0,0,0,0,0
150,150,1318,2017-05-17T00:00:00,NEA,Mujer,65,"HABITOS, COSTUMBRES, COMPORTAMIENTOS", ,NO,PORQUE NO TIENE EQUIPOS DE RADIO, ,SI,NA,NA,NA,,,0,0,NA,NA,NA,NA,NA,NA,NA,NA,NA,NA,NA,NA, ,0,SI,"", ,NA,TODOS O CASI TODOS LOS DIAS,0,20,0,20,NUNCA,NUNCA,ALGUNOS DIAS POR SEMANA,NUNCA,NUNCA,NUNCA,NUNCA,NUNCA,ALGUNOS DIAS POR SEMANA,HABITUALMENTE,NUNCA,CASI NUNCA,DE VEZ EN CUANDO,CASI NUNCA,CASI NUNCA,CASI NUNCA,CASI NUNCA,NUNCA,CASI NUNCA,NUNCA,NUNCA,DE VEZ EN CUANDO,DE VEZ EN CUANDO,7 canciones,NO,NA,NA,NA,NA,NA,NA,NA,NA,NA, ,"",0,0,0,NO,POR PROBLEMAS DE SALUD, ,SI,NA,"",0,"",0,"",0,NO,0,NO,SI,"", ,NA,1,1,0,30,0,30,ALGUNOS DIAS POR SEMANA,1,1,30,30,"NO LEYO DIARIOS EN PANTALLA, SOLO EN PAPEL",NA,ALGUNOS DIAS POR SEMANA,ALGUNAS VECES AL MES,NUNCA,PRINCIPALMENTE LEE EN PAPEL O POR INTERNET SU DIARIO O DIARIOS PREFERIDOS,SI,NA,ALGUNA VEZ AL AO,0,0,0,0,0,0,"NO LEYO REVISTAS EN PANTALLA, SOLO EN PAPEL",SI,"", ,NA,1,1,1,1,SE LO REGALARON, ,NS/NC,NS/NC,NS/NC,NS/NC,ALGUNOS DIAS POR SEMANA,"NO LEYO LIBROS EN PANTALLA, SOLO EN PAPEL","","","","","",NUNCA,DE VEZ EN CUANDO,NUNCA,NUNCA,NUNCA,NUNCA,NUNCA,NUNCA,CASI NUNCA,NUNCA,CASI NUNCA,NUNCA,NUNCA,DE VEZ EN CUANDO,CASI NUNCA,NUNCA,NO,PORQUE NO LE INTERESA,SI,,,0,0,NA,NA,NA,NA,NA,NA,NA,NA,NA,NA,NA,2,NINGUNO,NINGUNO,NO,PORQUE NO LE INTERESA, ,SI,NA,NA,NA,NA,NA,NA,NA,NA,NA,NA,NA,NA,NA,0,0,0,NO,POR PROBLEMAS DE SALUD EN LA VISTA, ,SI,NA,"",0,"",0,NA, ,NA,NA,NA,NA,NA,NA,NA,NA,NA,NA,NA,NO,NA,"",0,"",0,"",0,SI,"", ,NA,NA,SI,NA,"",INCLUYE CABLE,530,530,ALGUNAS VECES AL MES,NUNCA,NUNCA,NUNCA,0,10,0,10,NUNCA,NUNCA,NUNCA,NUNCA,NUNCA,NUNCA,NUNCA,NUNCA,NUNCA,NUNCA,NO,NO,NO,NO,NO,NA,NA,NA,NA,NA,NO,NA, ,NA,NA,NA,NA,NA,NA,NA,,,0,0,NS/NC,NA,"","","","","","","","","","","",1,NINGUNA,SI,1,NO,NA,300,300,6500,NO,NA,,,0,0,NA,NA,NA,NA,"",0,NO,SI,NO,NO,NO,NO,NO,NO,NO,NO,SI,NO,NO,NO,NO,NO,NO,SI,NO,NO,NO,NO,SI,NO,NO,0,0,NO,"",0,NA,NA,NA,NA,NA,NA,"","",0,HACE MAS DE 5 AOS,"",ENTRE 1 Y 5 AOS,"",HACE MAS DE 5 AOS,"",HACE MAS DE 5 AOS,"",ENTRE 1 Y 5 AOS,"",ENTRE 1 Y 5 AOS,"",NO FUE NUNCA,"",HACE MAS DE 5 AOS,"",HACE MAS DE 5 AOS,"",ENTRE 1 Y 5 AOS,"",1 VEZ EN EL ULTIMO AO,200,HACE MAS DE 5 AOS,"",NO FUE NUNCA,"",NO FUE NUNCA,"",HACE MAS DE 5 AOS,"",NO FUE NUNCA,"",HACE MAS DE 5 AOS,"",ENTRE 1 Y 5 AOS,"",ENTRE 1 Y 5 AOS,"",HACE MAS DE 5 AOS,"",1,,,2,PRIMARIA INCOMPLETA,LA PERSONA QUE FUE ENTREVISTADA,"",ES JUBILADO/PENSIONADO, ,"",AMA DE CASA CHACRA,"OFICIO MENOR, OBRERO NO CALIFICADO/ SERVICIO DOMESTICO",SI,SI,NO,NO,NO,SI,PROPIA,NO,NO,NO,NO,NO,BARRIO CON VIVIENDAS DISTINTAS,BARRIO CON VIVIENDAS DISTINTAS,CASA,36,D2,0,0,0,0,20,0.333333333,0,30,0.5,0,0,0,0,10,0.166666667,0,0,0,0,0,0
151,151,1099,2017-05-22T00:00:00,NEA,Varn,14,"LA TRADICION, LA HISTORIA", ,SI,"", ,NA,SI,ALGUNAS VECES AL MES,FM,0,40,0,40,ALGUNAS VECES AL MES,NUNCA,NUNCA,ALGUNOS DIAS POR SEMANA,NUNCA,DEPORTIVOS,NA,NA,NA,NA,NA,NA, ,1,SI,"", ,NA,TODOS O CASI TODOS LOS DIAS,1,0,1,0,NUNCA,NUNCA,ALGUNOS DIAS POR SEMANA,TODOS O CASI TODOS LOS DIAS,NUNCA,NUNCA,NUNCA,NUNCA,ALGUNOS DIAS POR SEMANA,NUNCA,CASI NUNCA,CASI NUNCA,NUNCA,NUNCA,DE VEZ EN CUANDO,HABITUALMENTE,NUNCA,NUNCA,NUNCA,NUNCA,DE VEZ EN CUANDO,NUNCA,NUNCA,4 canciones,SI,TODOS O CASI TODOS LOS DIAS,NUNCA,YOUTUBE,NA,NA,NA,NA,NA,NA, ,0,0,0,0,NO,PORQUE NO TIENE CON QUIEN IR, ,NO,NA,"",0,"",0,"",0,NO,0,NO,SI,"", ,NA,1,1,0,10,0,10,ALGUNA VEZ AL AO,0,0,0,0,ALGUNA VEZ AL AO,COMPUTADORA,NUNCA,ALGUNAS VECES AL MES,MENOS DE UNA VEZ POR MES,AMBAS POR IGUAL,SI,NA,ALGUNAS VECES AL MES,2,2,0,0,0,0,ALGUNA VEZ CADA 3 MESES,SI,"", ,NA,5,5,5,5,"SE LO HABIA RECOMENDADO UN PROFESOR, REFERENTE POLITICO, RELIGIOSO O ESPIRITUAL", ,5,5,NS/NC,NS/NC,TODOS O CASI TODOS LOS DIAS,"NO LEYO LIBROS EN PANTALLA, SOLO EN PAPEL","","","","","",DE VEZ EN CUANDO,DE VEZ EN CUANDO,CASI NUNCA,CASI NUNCA,HABITUALMENTE,DE VEZ EN CUANDO,DE VEZ EN CUANDO,NUNCA,CASI NUNCA,NUNCA,NUNCA,DE VEZ EN CUANDO,NUNCA,CASI NUNCA,CASI NUNCA,CASI NUNCA,SI,"",NA,2,0,2,0,TELEVISION POR CABLE,NA,NO MIRA,VARIAS HORAS AL DIA,NUNCA,NUNCA,NUNCA,TODOS O CASI TODOS LOS DIAS,NUNCA,HABITUALMENTE,DE VEZ EN CUANDO,2,NINGUNO,NINGUNO,SI,"", ,NA,ALGUNAS VECES AL MES,ALGUNOS DIAS POR SEMANA,ALGUNA VEZ AL AO,ALGUNA VEZ AL AO,ALGUNA VEZ AL AO,ALGUNOS DIAS POR SEMANA,ALGUNAS VECES AL MES,NUNCA,ALGUNA VEZ AL AO,NUNCA,NUNCA,TODOS O CASI TODOS LOS DIAS,ALGUNA VEZ AL AO,0,0,0,NO,POR FALTA DE DINERO, ,NO,NA,"",0,"",0,NA, ,NA,NA,NA,NA,NA,NA,NA,NA,NA,NA,NA,NO,NA,"",0,"",0,"",0,SI,"", ,NA,NA,SI,NA,"",NS/NC,NS/NC,NS/NC,TODOS O CASI TODOS LOS DAS,TODOS O CASI TODOS LOS DAS,NUNCA,NUNCA,4,NO USA,4,NO USA,NUNCA,ALGUNA VEZ AL AO O MENOS,ALGUNOS DIAS POR SEMANA,NUNCA,TODOS O CASI TODOS LOS DAS,NUNCA,NUNCA,NUNCA,NUNCA,NUNCA,SI,SI,NO,NO,NO,TODOS O CASI TODOS LOS DAS,ALGUNOS DIAS POR SEMANA,NA,NA,NA,NO,NA, ,NUNCA,NUNCA,ALGUNAS VECES AL MES,NUNCA,NUNCA,ALGUNAS VECES AL MES,NUNCA,4,0,4,0,"OBSERVA LOS CONTENIDOS, SIN HACER COMENTARIOS",NA,"","","","","","","","","","","",1,NINGUNA,NO,1,SI,NO,250,250,0,SI,ALGUNOS DIAS POR SEMANA,0,30,0,30,ALGUNAS VECES AL MES,ALGUNOS DIAS POR SEMANA,NUNCA,NUNCA,0,0,NO,NO,NO,NO,NO,NO,NO,NO,NO,NA,NA,NA,NA,NA,NA,NA,NA,NA,NA,SI,NO,NO,NO,NO,NO,"",0,NO,"",0,NA,NA,NA,NA,NA,NA,"","",0,1 VEZ EN EL ULTIMO AO,150,NO FUE NUNCA,"",1 VEZ EN EL ULTIMO AO,NS/NC,NO FUE NUNCA,"",NO FUE NUNCA,"",NO FUE NUNCA,"",NO FUE NUNCA,"",1 VEZ EN EL ULTIMO AO,NS/NC,ENTRE 1 Y 5 AOS,"",ENTRE 1 Y 5 AOS,"",NO FUE NUNCA,"",NO FUE NUNCA,"",NO FUE NUNCA,"",NO FUE NUNCA,"",NO FUE NUNCA,"",NO FUE NUNCA,"",NO FUE NUNCA,"",ENTRE 1 Y 5 AOS,"",ENTRE 1 Y 5 AOS,"",NO FUE NUNCA,"",3,2,0,2,SECUNDARIA INCOMPLETA,OTRO MIEMBRO DEL HOGAR,SECUNDARIA COMPLETA,TRABAJA,ALBAIL,"OFICIO MENOR, OBRERO NO CALIFICADO/ SERVICIO DOMESTICO", ,"",NO,SI,SI,NO,NO,SI,PROPIA,NO,NO,NO,NO,NO,BARRIO CON VIVIENDAS DISTINTAS,BARRIO CON VIVIENDAS DISTINTAS,CASA,52,D1,0,40,0.666666667,60,60,1,0,10,0.166666667,120,120,2,240,240,4,240,240,4,0,30,0.5
152,152,6433,2017-05-21T00:00:00,NEA,Varn,26,"HABITOS, COSTUMBRES, COMPORTAMIENTOS", ,SI,"", ,NA,NO,TODOS O CASI TODOS LOS DIAS,FM,0,30,0,30,TODOS O CASI TODOS LOS DIAS,NUNCA,NUNCA,NUNCA,NUNCA,INFORMATIVOS / NOTICIEROS,MUSICALES,ACTUALIDAD / MAGAZINE,NA,NA,NA,NA, ,2,SI,"", ,NA,TODOS O CASI TODOS LOS DIAS,3,0,3,0,NUNCA,ALGUNA VEZ AL AO O MENOS,NUNCA,TODOS O CASI TODOS LOS DIAS,NUNCA,NUNCA,NUNCA,NUNCA,ALGUNAS VECES AL MES,NUNCA,CASI NUNCA,CASI NUNCA,NUNCA,NUNCA,DE VEZ EN CUANDO,HABITUALMENTE,NUNCA,NUNCA,DE VEZ EN CUANDO,NUNCA,CASI NUNCA,NUNCA,DE VEZ EN CUANDO,4 canciones,SI,TODOS O CASI TODOS LOS DIAS,ALGUNAS VECES AL MES,SPOTIFY,YOUTUBE,NA,NA,NA,NA,NA, ,200,0,0,0,NO,PORQUE NO LE INTERESA, ,NO,NA,"",0,"",0,"",0,NO,0,NO,NO,PORQUE NO LE GUSTA LEER DIARIOS, ,NO,"",0,,,0,0,NA,"",0,"",0,NA,NA,NA,NA,NA,NA,NO,NO,NA,"",0,"",0,"",0,NA,SI,"", ,NA,5,5,5,5,"SE LO HABIA RECOMENDADO UN PROFESOR, REFERENTE POLITICO, RELIGIOSO O ESPIRITUAL", ,5,5,1000,1000,TODOS O CASI TODOS LOS DIAS,"NO LEYO LIBROS EN PANTALLA, SOLO EN PAPEL","","","","","",NUNCA,NUNCA,NUNCA,NUNCA,DE VEZ EN CUANDO,HABITUALMENTE,NUNCA,NUNCA,NUNCA,NUNCA,NUNCA,DE VEZ EN CUANDO,DE VEZ EN CUANDO,NUNCA,NUNCA,NUNCA,SI,"",NA,0,30,0,30,TELEVISION POR CABLE,NA,ALGUNAS VECES POR SEMANA,VARIAS HORAS AL DIA,NUNCA,NUNCA,NUNCA,TODOS O CASI TODOS LOS DIAS,NUNCA,HABITUALMENTE,NUNCA,3,NINGUNO,NINGUNO,SI,"", ,NA,NUNCA,ALGUNA VEZ AL AO,ALGUNA VEZ AL AO,ALGUNAS VECES AL MES,ALGUNAS VECES AL MES,ALGUNOS DIAS POR SEMANA,TODOS O CASI TODOS LOS DIAS,ALGUNOS DIAS POR SEMANA,TODOS O CASI TODOS LOS DIAS,TODOS O CASI TODOS LOS DIAS,NUNCA,ALGUNAS VECES AL MES,ALGUNA VEZ CADA 3 MESES,300,0,0,SI,"", ,NA,TODOS O CASI TODOS LOS MESES,7,7,0,0,SE ENTERO A TRAVES DE UNA PAGINA O BLOG DE INTERNET, ,DE VEZ EN CUANDO,HABITUALMENTE,HABITUALMENTE,NUNCA,DE VEZ EN CUANDO,DE VEZ EN CUANDO,NUNCA,NUNCA,NUNCA,NUNCA,NUNCA,NO,NA,"",0,"",0,"",0,SI,"", ,NA,NA,SI,NA,"",INCLUYE TELFONO Y CABLE,1700,1700,ALGUNOS DIAS POR SEMANA,TODOS O CASI TODOS LOS DAS,NUNCA,ALGUNOS DIAS POR SEMANA,14,NO USA,14,NO USA,ALGUNOS DIAS POR SEMANA,NUNCA,ALGUNOS DIAS POR SEMANA,NUNCA,NUNCA,NUNCA,NUNCA,NUNCA,NUNCA,NUNCA,SI,SI,NO,NO,NO,TODOS O CASI TODOS LOS DAS,TODOS O CASI TODOS LOS DAS,NA,NA,NA,NO,NA, ,ALGUNAS VECES AL MES,ALGUNAS VECES AL MES,ALGUNA VEZ CADA 3 MESES,ALGUNA VEZ AL AO O MENOS,NUNCA,ALGUNOS DIAS POR SEMANA,ALGUNAS VECES AL MES,2,0,2,0,"OBSERVA LOS CONTENIDOS, SIN HACER COMENTARIOS",NA,"","","","","","","","","","","",2,NINGUNA,SI,1,SI,NO,500,500,0,NO,NA,,,0,0,NA,NA,NA,NA,"",0,NO,NO,NO,NO,NO,NO,NO,NO,NO,NA,NA,NA,NA,NA,NA,NA,NA,NA,NA,SI,NO,NO,NO,NO,NO,"",0,SI,1,1,UNA VEZ AL AO,NUNCA,UNA VEZ AL AO,NUNCA,UNA VEZ AL AO,NUNCA,FUE GRATUITO,0,0,HACE MAS DE 5 AOS,"",VARIAS VECES EN EL ULTIMO AO,0,NO FUE NUNCA,"",1 VEZ EN EL ULTIMO AO,200,NO FUE NUNCA,"",NO FUE NUNCA,"",NO FUE NUNCA,"",NO FUE NUNCA,"",ENTRE 1 Y 5 AOS,"",ENTRE 1 Y 5 AOS,"",NO FUE NUNCA,"",NO FUE NUNCA,"",NO FUE NUNCA,"",NO FUE NUNCA,"",NO FUE NUNCA,"",NO FUE NUNCA,"",NO FUE NUNCA,"",NO FUE NUNCA,"",NO FUE NUNCA,"",NO FUE NUNCA,"",8,2,0,5,UNIVERSITARIO INCOMPLETO,OTRO MIEMBRO DEL HOGAR,SECUNDARIA COMPLETA,TRABAJA,ENFERMERA,TECNICO ESPECIALIZADO. COMERCIANTE. SUPERVISOR / JEFE / CAP, ,"",SI,SI,NO,NO,NO,SI,PROPIA,NO,NO,NO,NO,NO,BARRIO CON VIVIENDAS DISTINTAS,BARRIO CON VIVIENDAS DISTINTAS,CASA,64,C3,0,30,0.5,180,180,3,0,0,0,0,30,0.5,840,840,14,120,120,2,0,0,0
153,153,5361,2017-05-22T00:00:00,NEA,Varn,30,"LA FORMA DE PENSAR, IDEOLOGIA, VALORES", ,NO,POR FALTA DE TIEMPO, ,NO,NA,NA,NA,,,0,0,NA,NA,NA,NA,NA,NA,NA,NA,NA,NA,NA,NA, ,0,NO,POR FALTA DE TIEMPO, ,SI,NA,,,0,0,NA,NA,NA,NA,NA,NA,NA,NA,NA,NA,NA,NA,NA,NA,NA,NA,NA,NA,NA,NA,NA,NA,NA,"",NA,NA,NA,NA,NA,NA,NA,NA,NA,NA, ,"",0,0,0,NO,PORQUE NO LE GUSTA IR A RECITALES, ,NO,NA,"",0,"",0,"",0,NO,0,NO,NO,PORQUE NO LE GUSTA LEER DIARIOS, ,NO,"",0,,,0,0,NA,"",0,"",0,NA,NA,NA,NA,NA,NA,NO,NO,NA,"",0,"",0,"",0,NA,SI,"", ,NA,10,10,6,6,"SE LO HABIA RECOMENDADO UN PROFESOR, REFERENTE POLITICO, RELIGIOSO O ESPIRITUAL", ,0,0,0,0,TODOS O CASI TODOS LOS DIAS,"NO LEYO LIBROS EN PANTALLA, SOLO EN PAPEL","","","","","",NUNCA,NUNCA,NUNCA,NUNCA,HABITUALMENTE,HABITUALMENTE,HABITUALMENTE,NUNCA,NUNCA,NUNCA,NUNCA,DE VEZ EN CUANDO,CASI NUNCA,NUNCA,NUNCA,NUNCA,SI,"",NA,1,0,1,0,TELEVISION POR CABLE,NA,NO MIRA,UNA HORA O MENOS AL DIA,NUNCA,NUNCA,NUNCA,TODOS O CASI TODOS LOS DIAS,NUNCA,HABITUALMENTE,NUNCA,1,NINGUNO,NINGUNO,SI,"", ,NA,NUNCA,NUNCA,ALGUNA VEZ AL AO,NUNCA,NUNCA,ALGUNAS VECES AL MES,NUNCA,NUNCA,TODOS O CASI TODOS LOS DIAS,NUNCA,NUNCA,ALGUNOS DIAS POR SEMANA,NUNCA,0,0,0,NO,POR FALTA DE TIEMPO, ,NO,NA,"",0,"",0,NA, ,NA,NA,NA,NA,NA,NA,NA,NA,NA,NA,NA,SI,ALGUNA VEZ CADA 3 MESES,3,3,3,3,0,0,SI,"", ,NA,NA,NO,SI,700,NA,"",0,ALGUNA VEZ AL AO O MENOS,TODOS O CASI TODOS LOS DAS,NUNCA,NUNCA,5,NO USA,5,NO USA,ALGUNA VEZ CADA 3 MESES,NUNCA,TODOS O CASI TODOS LOS DAS,NUNCA,ALGUNOS DIAS POR SEMANA,NUNCA,NUNCA,ALGUNA VEZ CADA 3 MESES,ALGUNA VEZ AL AO O MENOS,ALGUNAS VECES AL MES,SI,NO,NO,NO,NO,ALGUNOS DIAS POR SEMANA,NA,NA,NA,NA,NO,NA, ,NUNCA,NUNCA,ALGUNA VEZ AL AO O MENOS,NUNCA,NUNCA,ALGUNA VEZ AL AO O MENOS,ALGUNA VEZ AL AO O MENOS,0,20,0,20,"OBSERVA LOS CONTENIDOS, SIN HACER COMENTARIOS",NA,"","","","","","","","","","","",NINGUNA,NINGUNA,SI,1,SI,NO,280,280,0,NO,NA,,,0,0,NA,NA,NA,NA,"",0,NO,NO,NO,NO,NO,NO,NO,NO,NO,NA,NA,NA,NA,NA,NA,NA,NA,NA,NA,SI,NO,NO,NO,SI,NO,0,0,NO,"",0,NA,NA,NA,NA,NA,NA,"","",0,NO FUE NUNCA,"",NO FUE NUNCA,"",1 VEZ EN EL ULTIMO AO,150,1 VEZ EN EL ULTIMO AO,200,NO FUE NUNCA,"",NO FUE NUNCA,"",NO FUE NUNCA,"",HACE MAS DE 5 AOS,"",ENTRE 1 Y 5 AOS,"",NO FUE NUNCA,"",VARIAS VECES EN EL ULTIMO AO,0,NO FUE NUNCA,"",NO FUE NUNCA,"",NO FUE NUNCA,"",NO FUE NUNCA,"",NO FUE NUNCA,"",NO FUE NUNCA,"",VARIAS VECES EN EL ULTIMO AO,0,VARIAS VECES EN EL ULTIMO AO,0,VARIAS VECES EN EL ULTIMO AO,0,5,0,0,4,SECUNDARIA COMPLETA,LA PERSONA QUE FUE ENTREVISTADA,"",TRABAJA,TRABAJA EN UNA COOPERATIVA,"OFICIO MENOR, OBRERO NO CALIFICADO/ SERVICIO DOMESTICO", ,"",SI,NO,NO,NO,NO,SI,PROPIA,NO,NO,NO,NO,NO,BARRIO CON VIVIENDAS DISTINTAS,BARRIO CON VIVIENDAS DISTINTAS,CASILLA,48,D1,0,0,0,0,0,0,0,0,0,60,60,1,300,300,5,0,20,0.333333333,0,0,0
154,154,9045,2017-05-22T00:00:00,NEA,Varn,46,"HABITOS, COSTUMBRES, COMPORTAMIENTOS", ,SI,"", ,NA,NO,TODOS O CASI TODOS LOS DIAS,FM,1,0,1,0,TODOS O CASI TODOS LOS DIAS,NUNCA,NUNCA,NUNCA,NUNCA,INFORMATIVOS / NOTICIEROS,DEPORTIVOS,NA,NA,NA,NA,NA, ,1,NO,PORQUE NO LE GUSTA LA MUSICA, ,SI,NA,,,0,0,NA,NA,NA,NA,NA,NA,NA,NA,NA,NA,NA,NA,NA,NA,NA,NA,NA,NA,NA,NA,NA,NA,NA,"",NA,NA,NA,NA,NA,NA,NA,NA,NA,NA, ,"",0,0,0,NO,PORQUE NO LE GUSTA IR A RECITALES, ,NO,NA,"",0,"",0,"",0,NO,0,NO,NO,UTILIZA OTRO MEDIO PARA INFORMARSE, ,NO,"",0,,,0,0,NA,"",0,"",0,NA,NA,NA,NA,NA,NA,NO,NO,NA,"",0,"",0,"",0,NA,NO,PORQUE NO TIENE TIEMPO, ,SI,"",0,"",0,"", ,"",0,"",0,NA,NA,"","","","","",NA,NA,NA,NA,NA,NA,NA,NA,NA,NA,NA,NA,NA,NA,NA,NA,SI,"",NA,2,0,2,0,TELEVISION SATELITAL,NA,ALGUNA VEZ AL AO,VARIAS HORAS AL DIA,NUNCA,NUNCA,NUNCA,TODOS O CASI TODOS LOS DIAS,NUNCA,HABITUALMENTE,NUNCA,1,NINGUNO,NINGUNO,NO,POR FALTA DE TIEMPO, ,SI,NA,NA,NA,NA,NA,NA,NA,NA,NA,NA,NA,NA,NA,0,0,0,NO,POR FALTA DE TIEMPO, ,NO,NA,"",0,"",0,NA, ,NA,NA,NA,NA,NA,NA,NA,NA,NA,NA,NA,NO,NA,"",0,"",0,"",0,SI,"", ,NA,NA,NO,SI,NS/NC,NA,"",0,NUNCA,TODOS O CASI TODOS LOS DAS,NUNCA,NUNCA,8,NO USA,8,NO USA,NUNCA,NUNCA,NUNCA,NUNCA,NUNCA,NUNCA,NUNCA,NUNCA,NUNCA,NUNCA,NO,NO,NO,NO,NO,NA,NA,NA,NA,NA,NO,NA, ,NA,NA,NA,NA,NA,NA,NA,,,0,0,"OBSERVA LOS CONTENIDOS, SIN HACER COMENTARIOS",NA,"","","","","","","","","","","",NINGUNA,NINGUNA,NO,1,SI,NO,120,120,0,NO,NA,,,0,0,NA,NA,NA,NA,"",0,NO,NO,NO,NO,NO,NO,NO,NO,NO,NA,NA,NA,NA,NA,NA,NA,NA,NA,NA,NO,NO,NO,NO,NO,NO,"",0,NO,"",0,NA,NA,NA,NA,NA,NA,"","",0,NO FUE NUNCA,"",ENTRE 1 Y 5 AOS,"",ENTRE 1 Y 5 AOS,"",NO FUE NUNCA,"",NO FUE NUNCA,"",NO FUE NUNCA,"",NO FUE NUNCA,"",NO FUE NUNCA,"",NO FUE NUNCA,"",NO FUE NUNCA,"",NO FUE NUNCA,"",NO FUE NUNCA,"",NO FUE NUNCA,"",NO FUE NUNCA,"",NO FUE NUNCA,"",NO FUE NUNCA,"",NO FUE NUNCA,"",NO FUE NUNCA,"",NO FUE NUNCA,"",NO FUE NUNCA,"",10,3,2,3,PRIMARIA COMPLETA,LA PERSONA QUE FUE ENTREVISTADA,"",TRABAJA,EMPLEADA MUNICIPAL,TRABAJADOR/OBRERO CALIFICADO. EMPLEADO ADMINISTRATIVO MEDIO, ,"",SI,NO,NO,NO,NO,SI,PROPIA,NO,NO,NO,NO,NO,BARRIO CON VIVIENDAS DISTINTAS,BARRIO CON VIVIENDAS DISTINTAS,CASILLA,42,D1,60,60,1,0,0,0,0,0,0,120,120,2,480,480,8,0,0,0,0,0,0
155,155,2316,2017-05-21T00:00:00,NEA,Varn,62,"HABITOS, COSTUMBRES, COMPORTAMIENTOS", ,SI,"", ,NA,NO,ALGUNOS DIAS POR SEMANA,FM,1,0,1,0,ALGUNOS DIAS POR SEMANA,NUNCA,NUNCA,NUNCA,NUNCA,INFORMATIVOS / NOTICIEROS,DEPORTIVOS,NA,NA,NA,NA,NA, ,1,SI,"", ,NA,ALGUNOS DIAS POR SEMANA,1,0,1,0,NUNCA,NUNCA,NUNCA,NUNCA,NUNCA,NUNCA,NUNCA,NUNCA,ALGUNAS VECES AL MES,HABITUALMENTE,NUNCA,DE VEZ EN CUANDO,NUNCA,NUNCA,DE VEZ EN CUANDO,DE VEZ EN CUANDO,NUNCA,CASI NUNCA,CASI NUNCA,NUNCA,NUNCA,DE VEZ EN CUANDO,NUNCA,NS/NC,NO,NA,NA,NA,NA,NA,NA,NA,NA,NA, ,"",0,0,0,NO,PORQUE NO LE GUSTA IR A RECITALES, ,NO,NA,"",0,"",0,"",0,NO,0,NO,SI,"", ,NA,1,1,1,0,1,0,ALGUNOS DIAS POR SEMANA,NS/NC,NS/NC,NS/NC,NS/NC,"NO LEYO DIARIOS EN PANTALLA, SOLO EN PAPEL",NA,ALGUNOS DIAS POR SEMANA,MENOS DE UNA VEZ POR MES,NUNCA,PRINCIPALMENTE LEE EN PAPEL O POR INTERNET SU DIARIO O DIARIOS PREFERIDOS,NO,NO,NA,"",0,"",0,"",0,NA,NO,PORQUE NO LE INTERESA, ,SI,"",0,"",0,"", ,"",0,"",0,NA,NA,"","","","","",NA,NA,NA,NA,NA,NA,NA,NA,NA,NA,NA,NA,NA,NA,NA,NA,SI,"",NA,2,0,2,0,TELEVISION POR CABLE,NA,ALGUNAS VECES POR SEMANA,VARIAS HORAS AL DIA,NUNCA,NUNCA,NUNCA,TODOS O CASI TODOS LOS DIAS,NUNCA,HABITUALMENTE,NUNCA,4,1,1,SI,"", ,NA,NUNCA,NUNCA,ALGUNAS VECES AL MES,ALGUNA VEZ CADA 3 MESES,NUNCA,ALGUNAS VECES AL MES,NUNCA,ALGUNOS DIAS POR SEMANA,TODOS O CASI TODOS LOS DIAS,NUNCA,NUNCA,ALGUNAS VECES AL MES,NUNCA,0,0,0,NO,PORQUE NO LE INTERESA, ,NO,NA,"",0,"",0,NA, ,NA,NA,NA,NA,NA,NA,NA,NA,NA,NA,NA,NO,NA,"",0,"",0,"",0,NO,PORQUE NO LE INTERESA, ,NO,NO,NA,NA,"",NA,"",0,NA,NA,NA,NA,,"",0,NO USA,NA,NA,NA,NA,NA,NA,NA,NA,NA,NA,NA,NA,NA,NA,NA,NA,NA,NA,NA,NA,NA,NA, ,NA,NA,NA,NA,NA,NA,NA,,,0,0,NA,NA,"","","","","","","","","","","",1,NINGUNA,SI,1,NO,NA,200,200,0,NO,NA,,,0,0,NA,NA,NA,NA,"",0,NO,NO,NO,NO,NO,NO,NO,NO,NO,NA,NA,NA,NA,NA,NA,NA,NA,NA,NA,NO,NO,NO,NO,NO,NO,"",0,NO,"",0,NA,NA,NA,NA,NA,NA,"","",0,NO FUE NUNCA,"",NO FUE NUNCA,"",ENTRE 1 Y 5 AOS,"",NO FUE NUNCA,"",NO FUE NUNCA,"",HACE MAS DE 5 AOS,"",NO FUE NUNCA,"",ENTRE 1 Y 5 AOS,"",ENTRE 1 Y 5 AOS,"",ENTRE 1 Y 5 AOS,"",NO FUE NUNCA,"",NO FUE NUNCA,"",NO FUE NUNCA,"",NO FUE NUNCA,"",NO FUE NUNCA,"",NO FUE NUNCA,"",NO FUE NUNCA,"",NO FUE NUNCA,"",HACE MAS DE 5 AOS,"",NO FUE NUNCA,"",2,0,0,3,SECUNDARIA COMPLETA,LA PERSONA QUE FUE ENTREVISTADA,"",ES JUBILADO/PENSIONADO, ,"",EJERCITO,EJECUTIVO MEDIO DE EMPRESA/ PROFESIONAL INDEPENDIENTE/ FUNCI,SI,NO,NO,NO,NO,SI,PROPIA,NO,NO,NO,NO,NO,BARRIO CON VIVIENDAS DISTINTAS,BARRIO CON VIVIENDAS DISTINTAS,CASA,48,D1,60,60,1,60,60,1,60,60,1,120,120,2,0,0,0,0,0,0,0,0,0
156,156,4659,2017-05-21T00:00:00,NEA,Mujer,19,"HABITOS, COSTUMBRES, COMPORTAMIENTOS", ,SI,"", ,NA,SI,ALGUNOS DIAS POR SEMANA,FM,2,0,2,0,ALGUNOS DIAS POR SEMANA,NUNCA,NUNCA,ALGUNAS VECES AL MES,NUNCA,INFORMATIVOS / NOTICIEROS,MUSICALES,NA,NA,NA,NA,NA, ,2,SI,"", ,NA,TODOS O CASI TODOS LOS DIAS,1,0,1,0,NUNCA,NUNCA,ALGUNAS VECES AL MES,TODOS O CASI TODOS LOS DIAS,NUNCA,NUNCA,NUNCA,NUNCA,ALGUNOS DIAS POR SEMANA,NUNCA,NUNCA,CASI NUNCA,NUNCA,NUNCA,DE VEZ EN CUANDO,HABITUALMENTE,DE VEZ EN CUANDO,NUNCA,NUNCA,CASI NUNCA,NUNCA,NUNCA,NUNCA,8 canciones,SI,ALGUNOS DIAS POR SEMANA,NUNCA,SPOTIFY,YOUTUBE,NA,NA,NA,NA,NA, ,0,0,0,0,NO,PORQUE NO LE INTERESA, ,NO,NA,"",0,"",0,"",0,NO,0,NO,SI,"", ,NA,1,1,0,30,0,30,TODOS O CASI TODOS LOS DIAS,7,7,100,100,ALGUNOS DIAS POR SEMANA,CELULAR,TODOS O CASI TODOS LOS DIAS,ALGUNOS DIAS POR SEMANA,ALGUNOS DIAS POR SEMANA,PRINCIPALMENTE LEE EN PAPEL O POR INTERNET SU DIARIO O DIARIOS PREFERIDOS,NO,NO,NA,"",0,"",0,"",0,NA,SI,"", ,NA,5,5,5,5,"SE LO HABIA RECOMENDADO UN PROFESOR, REFERENTE POLITICO, RELIGIOSO O ESPIRITUAL", ,5,5,1500,1500,TODOS O CASI TODOS LOS DIAS,"NO LEYO LIBROS EN PANTALLA, SOLO EN PAPEL","","","","","",NUNCA,NUNCA,NUNCA,NUNCA,HABITUALMENTE,DE VEZ EN CUANDO,NUNCA,NUNCA,NUNCA,NUNCA,NUNCA,DE VEZ EN CUANDO,NUNCA,NUNCA,NUNCA,DE VEZ EN CUANDO,SI,"",NA,3,0,3,0,TELEVISION POR CABLE,NA,UNA HORA O MENOS AL DIA,VARIAS HORAS AL DIA,NUNCA,NUNCA,NUNCA,TODOS O CASI TODOS LOS DIAS,CASI NUNCA,HABITUALMENTE,CASI NUNCA,3,1,1,NO,POR FALTA DE TIEMPO, ,SI,NA,NA,NA,NA,NA,NA,NA,NA,NA,NA,NA,NA,NA,0,0,0,SI,"", ,NA,ALGUNA VEZ CADA 3 MESES,3,3,0,0,VIO O ESCUCHO EN UNA PUBLICIDAD, ,NUNCA,HABITUALMENTE,DE VEZ EN CUANDO,HABITUALMENTE,HABITUALMENTE,NUNCA,CASI NUNCA,NUNCA,NUNCA,NUNCA,HABITUALMENTE,NO,NA,"",0,"",0,"",0,SI,"", ,NA,NA,NO,SI,700,NA,"",0,NUNCA,TODOS O CASI TODOS LOS DAS,NUNCA,NUNCA,12,NO USA,12,NO USA,ALGUNOS DIAS POR SEMANA,ALGUNOS DIAS POR SEMANA,ALGUNOS DIAS POR SEMANA,NUNCA,NUNCA,NUNCA,NUNCA,NUNCA,NUNCA,NUNCA,SI,NO,NO,NO,NO,ALGUNOS DIAS POR SEMANA,NA,NA,NA,NA,NO,NA, ,NUNCA,NUNCA,ALGUNA VEZ CADA 3 MESES,NUNCA,NUNCA,ALGUNAS VECES AL MES,ALGUNA VEZ AL AO O MENOS,12,0,12,0,NS/NC,NA,"","","","","","","","","","","",1,1,NO,1,SI,SI,350,350,8900,NO,NA,,,0,0,NA,NA,NA,NA,"",0,NO,NO,NO,NO,NO,NO,NO,NO,NO,NA,NA,NA,NA,NA,NA,NA,NA,NA,NA,SI,NO,NO,NO,NO,NO,"",0,NO,"",0,NA,NA,NA,NA,NA,NA,"","",0,NO FUE NUNCA,"",ENTRE 1 Y 5 AOS,"",NO FUE NUNCA,"",NO FUE NUNCA,"",NO FUE NUNCA,"",NO FUE NUNCA,"",NO FUE NUNCA,"",NO FUE NUNCA,"",NO FUE NUNCA,"",NO FUE NUNCA,"",NO FUE NUNCA,"",NO FUE NUNCA,"",NO FUE NUNCA,"",NO FUE NUNCA,"",NO FUE NUNCA,"",NO FUE NUNCA,"",NO FUE NUNCA,"",VARIAS VECES EN EL ULTIMO AO,0,ENTRE 1 Y 5 AOS,"",NO FUE NUNCA,"",4,0,0,2,SECUNDARIA COMPLETA,OTRO MIEMBRO DEL HOGAR,SECUNDARIA COMPLETA,TRABAJA,PELUQUERA,"OFICIO MENOR, OBRERO NO CALIFICADO/ SERVICIO DOMESTICO", ,"",SI,NO,NO,NO,SI,SI,PROPIA,NO,NO,NO,NO,NO,BARRIO CON VIVIENDAS DISTINTAS,BARRIO CON VIVIENDAS DISTINTAS,CASA,52,D1,120,120,2,60,60,1,0,30,0.5,180,180,3,720,720,12,720,720,12,0,0,0
157,157,4548,2017-05-21T00:00:00,NEA,Mujer,28,"LA FORMA DE PENSAR, IDEOLOGIA, VALORES", ,SI,"", ,NA,NO,ALGUNOS DIAS POR SEMANA,FM,1,0,1,0,ALGUNAS VECES AL MES,ALGUNOS DIAS POR SEMANA,NUNCA,NUNCA,NUNCA,INFORMATIVOS / NOTICIEROS,ACTUALIDAD / MAGAZINE,NA,NA,NA,NA,NA, ,1,NO,PORQUE NO LE INTERESA, ,SI,NA,,,0,0,NA,NA,NA,NA,NA,NA,NA,NA,NA,NA,NA,NA,NA,NA,NA,NA,NA,NA,NA,NA,NA,NA,NA,"",NA,NA,NA,NA,NA,NA,NA,NA,NA,NA, ,"",0,0,0,NO,PORQUE NO LE GUSTA IR A RECITALES, ,NO,NA,"",0,"",0,"",0,NO,0,NO,SI,"", ,NA,14,14,1,0,1,0,TODOS O CASI TODOS LOS DIAS,2,2,350,350,TODOS O CASI TODOS LOS DIAS,CELULAR,ALGUNOS DIAS POR SEMANA,ALGUNAS VECES AL MES,TODOS O CASI TODOS LOS DIAS,AMBAS POR IGUAL,NO,NO,NA,"",0,"",0,"",0,NA,NO,PORQUE NO LE INTERESA, ,SI,"",0,"",0,"", ,"",0,"",0,NA,NA,"","","","","",NA,NA,NA,NA,NA,NA,NA,NA,NA,NA,NA,NA,NA,NA,NA,NA,SI,"",NA,2,0,2,0,TELEVISION POR CABLE,NA,ALGUNA VEZ AL AO,UNA HORA O MENOS AL DIA,NUNCA,NUNCA,NUNCA,TODOS O CASI TODOS LOS DIAS,NUNCA,HABITUALMENTE,NUNCA,3,NINGUNO,NINGUNO,NO,PORQUE NO LE INTERESA, ,SI,NA,NA,NA,NA,NA,NA,NA,NA,NA,NA,NA,NA,NA,NS/NC,0,0,SI,"", ,NA,ALGUNA VEZ AL AO O MENOS,2,2,0,0,"SE LA RECOMENDO UN AMIGO, FAMILIAR O CONOCIDO", ,DE VEZ EN CUANDO,CASI NUNCA,CASI NUNCA,NUNCA,NUNCA,DE VEZ EN CUANDO,HABITUALMENTE,CASI NUNCA,CASI NUNCA,NUNCA,NUNCA,NO,NA,"",0,"",0,"",0,SI,"", ,NA,NA,SI,NA,"",INCLUYE CABLE,970,970,TODOS O CASI TODOS LOS DAS,TODOS O CASI TODOS LOS DAS,NUNCA,NUNCA,4,NO USA,4,NO USA,ALGUNOS DIAS POR SEMANA,TODOS O CASI TODOS LOS DAS,TODOS O CASI TODOS LOS DAS,NUNCA,ALGUNAS VECES AL MES,NUNCA,NUNCA,NUNCA,NUNCA,ALGUNOS DIAS POR SEMANA,SI,NO,NO,NO,NO,ALGUNOS DIAS POR SEMANA,NA,NA,NA,NA,NO,NA, ,NUNCA,NUNCA,ALGUNA VEZ AL AO O MENOS,NUNCA,NUNCA,ALGUNAS VECES AL MES,NUNCA,0,30,0,30,"OBSERVA LOS CONTENIDOS, SIN HACER COMENTARIOS",NA,"","","","","","","","","","","",3,NINGUNA,SI,1,SI,SI,340,340,0,NO,NA,,,0,0,NA,NA,NA,NA,"",0,NO,NO,NO,NO,NO,NO,NO,NO,NO,NA,NA,NA,NA,NA,NA,NA,NA,NA,NA,SI,NO,NO,NO,NO,NO,"",0,NO,"",0,NA,NA,NA,NA,NA,NA,"","",0,HACE MAS DE 5 AOS,"",NO FUE NUNCA,"",HACE MAS DE 5 AOS,"",NO FUE NUNCA,"",NO FUE NUNCA,"",HACE MAS DE 5 AOS,"",NO FUE NUNCA,"",ENTRE 1 Y 5 AOS,"",ENTRE 1 Y 5 AOS,"",ENTRE 1 Y 5 AOS,"",NO FUE NUNCA,"",NO FUE NUNCA,"",NO FUE NUNCA,"",NO FUE NUNCA,"",HACE MAS DE 5 AOS,"",NO FUE NUNCA,"",NO FUE NUNCA,"",HACE MAS DE 5 AOS,"",HACE MAS DE 5 AOS,"",NO FUE NUNCA,"",4,0,0,4,UNIVERSITARIO INCOMPLETO,LA PERSONA QUE FUE ENTREVISTADA,"",TRABAJA,EMPLEADA ADMINISTRATIVA,TRABAJADOR/OBRERO CALIFICADO. EMPLEADO ADMINISTRATIVO MEDIO, ,"",SI,SI,SI,NO,SI,SI,PROPIA,NO,NO,NO,NO,NO,BARRIO CON VIVIENDAS DISTINTAS,BARRIO CON VIVIENDAS DISTINTAS,CASA,72,C2,60,60,1,0,0,0,60,60,1,120,120,2,240,240,4,0,30,0.5,0,0,0
158,158,2714,2017-05-21T00:00:00,NEA,Mujer,31,"HABITOS, COSTUMBRES, COMPORTAMIENTOS", ,SI,"", ,NA,NO,TODOS O CASI TODOS LOS DIAS,FM,0,30,0,30,ALGUNOS DIAS POR SEMANA,TODOS O CASI TODOS LOS DIAS,NUNCA,NUNCA,NUNCA,INFORMATIVOS / NOTICIEROS,MUSICALES,CULTURALES,NA,NA,NA,NA, ,1,SI,"", ,NA,TODOS O CASI TODOS LOS DIAS,1,0,1,0,NUNCA,TODOS O CASI TODOS LOS DIAS,NUNCA,ALGUNAS VECES AL MES,NUNCA,NUNCA,NUNCA,NUNCA,ALGUNOS DIAS POR SEMANA,CASI NUNCA,NUNCA,CASI NUNCA,DE VEZ EN CUANDO,DE VEZ EN CUANDO,DE VEZ EN CUANDO,DE VEZ EN CUANDO,CASI NUNCA,DE VEZ EN CUANDO,HABITUALMENTE,CASI NUNCA,NUNCA,CASI NUNCA,CASI NUNCA,8 canciones,NO,NA,NA,NA,NA,NA,NA,NA,NA,NA, ,"",0,0,0,NO,PORQUE NO LE INTERESA, ,SI,NA,"",0,"",0,"",0,SI,1,NO,SI,"", ,NA,1,1,0,30,0,30,ALGUNOS DIAS POR SEMANA,1,1,25,25,TODOS O CASI TODOS LOS DIAS,CELULAR,ALGUNOS DIAS POR SEMANA,ALGUNAS VECES AL MES,TODOS O CASI TODOS LOS DIAS,AMBAS POR IGUAL,NO,SI,NA,"",0,"",0,"",0,NA,SI,"", ,NA,8,8,5,5,"SE LO HABIA RECOMENDADO UN PROFESOR, REFERENTE POLITICO, RELIGIOSO O ESPIRITUAL", ,8,8,1800,1800,TODOS O CASI TODOS LOS DIAS,"NO LEYO LIBROS EN PANTALLA, SOLO EN PAPEL","","","","","",NUNCA,HABITUALMENTE,CASI NUNCA,NUNCA,HABITUALMENTE,NUNCA,NUNCA,NUNCA,DE VEZ EN CUANDO,CASI NUNCA,CASI NUNCA,DE VEZ EN CUANDO,CASI NUNCA,CASI NUNCA,NUNCA,DE VEZ EN CUANDO,SI,"",NA,2,0,2,0,TELEVISION POR CABLE,NA,ALGUNAS VECES POR SEMANA,VARIAS HORAS AL DIA,NUNCA,NUNCA,NUNCA,TODOS O CASI TODOS LOS DIAS,CASI NUNCA,HABITUALMENTE,NUNCA,2,1,1,SI,"", ,NA,ALGUNOS DIAS POR SEMANA,ALGUNA VEZ AL AO,ALGUNA VEZ CADA 3 MESES,ALGUNA VEZ CADA 3 MESES,ALGUNA VEZ CADA 3 MESES,ALGUNOS DIAS POR SEMANA,ALGUNA VEZ AL AO,ALGUNOS DIAS POR SEMANA,TODOS O CASI TODOS LOS DIAS,NUNCA,NUNCA,ALGUNA VEZ CADA 3 MESES,ALGUNA VEZ AL AO,0,0,0,NO,PORQUE NO LE GUSTA EL CINE, ,SI,NA,"",0,"",0,NA, ,NA,NA,NA,NA,NA,NA,NA,NA,NA,NA,NA,NO,NA,"",0,"",0,"",0,SI,"", ,NA,NA,SI,NA,"",INCLUYE CABLE,1050,1050,ALGUNOS DIAS POR SEMANA,TODOS O CASI TODOS LOS DAS,NUNCA,NUNCA,11,NO USA,11,NO USA,TODOS O CASI TODOS LOS DAS,TODOS O CASI TODOS LOS DAS,ALGUNOS DIAS POR SEMANA,NUNCA,NUNCA,NUNCA,NUNCA,NUNCA,NUNCA,NUNCA,SI,NO,NO,NO,NO,TODOS O CASI TODOS LOS DAS,NA,NA,NA,NA,NO,NA, ,ALGUNA VEZ AL AO O MENOS,ALGUNA VEZ AL AO O MENOS,ALGUNA VEZ CADA 3 MESES,NUNCA,NUNCA,ALGUNAS VECES AL MES,ALGUNA VEZ CADA 3 MESES,1,0,1,0,"OBSERVA LOS CONTENIDOS, SIN HACER COMENTARIOS",NA,"","","","","","","","","","","",1,NINGUNA,NO,1,SI,SI,200,200,0,NO,NA,,,0,0,NA,NA,NA,NA,"",0,NO,NO,NO,NO,NO,NO,NO,NO,NO,NA,NA,NA,NA,NA,NA,NA,NA,NA,NA,SI,SI,NO,NO,NO,NO,0,0,NO,"",0,NA,NA,NA,NA,NA,NA,"","",0,1 VEZ EN EL ULTIMO AO,300,VARIAS VECES EN EL ULTIMO AO,0,ENTRE 1 Y 5 AOS,"",HACE MAS DE 5 AOS,"",NO FUE NUNCA,"",NO FUE NUNCA,"",NO FUE NUNCA,"",NO FUE NUNCA,"",HACE MAS DE 5 AOS,"",NO FUE NUNCA,"",NO FUE NUNCA,"",NO FUE NUNCA,"",NO FUE NUNCA,"",NO FUE NUNCA,"",NO FUE NUNCA,"",NO FUE NUNCA,"",NO FUE NUNCA,"",ENTRE 1 Y 5 AOS,"",NO FUE NUNCA,"",NO FUE NUNCA,"",4,2,0,2,TERCIARIO COMPLETO,LA PERSONA QUE FUE ENTREVISTADA,"",TRABAJA,DOCENTE,TRABAJADOR/OBRERO CALIFICADO. EMPLEADO ADMINISTRATIVO MEDIO, ,"",SI,SI,SI,NO,NO,SI,PROPIA,NO,NO,NO,NO,NO,BARRIO CON VIVIENDAS DISTINTAS,BARRIO CON VIVIENDAS DISTINTAS,CASA,76,C2,0,30,0.5,60,60,1,0,30,0.5,120,120,2,660,660,11,60,60,1,0,0,0
159,159,5792,2017-05-21T00:00:00,NEA,Mujer,50,"LA FORMA DE PENSAR, IDEOLOGIA, VALORES", ,SI,"", ,NA,NO,TODOS O CASI TODOS LOS DIAS,AMBAS POR IGUAL,2,0,2,0,TODOS O CASI TODOS LOS DIAS,TODOS O CASI TODOS LOS DIAS,NUNCA,NUNCA,NUNCA,INFORMATIVOS / NOTICIEROS,MUSICALES,NA,NA,NA,NA,NA, ,1,SI,"", ,NA,TODOS O CASI TODOS LOS DIAS,0,30,0,30,NUNCA,NUNCA,NUNCA,ALGUNOS DIAS POR SEMANA,NUNCA,NUNCA,NUNCA,NUNCA,ALGUNOS DIAS POR SEMANA,CASI NUNCA,NUNCA,CASI NUNCA,NUNCA,NUNCA,DE VEZ EN CUANDO,DE VEZ EN CUANDO,NUNCA,HABITUALMENTE,CASI NUNCA,NUNCA,NUNCA,DE VEZ EN CUANDO,NUNCA,5 canciones,NO,NA,NA,NA,NA,NA,NA,NA,NA,NA, ,"",0,0,0,NO,PORQUE NO LE INTERESA, ,NO,NA,"",0,"",0,"",0,NO,0,NO,SI,"", ,NA,2,2,0,15,0,15,"NO LEYO DIARIOS EN PAPEL, SOLO EN PANTALLA","",0,"",0,TODOS O CASI TODOS LOS DIAS,CELULAR,NUNCA,ALGUNAS VECES AL MES,TODOS O CASI TODOS LOS DIAS,PRINCIPALMENTE LEE ARTICULOS Y NOTICIAS DE DISTINTOS MEDIOS,NO,NO,NA,"",0,"",0,"",0,NA,NO,PORQUE NO LE INTERESA, ,SI,"",0,"",0,"", ,"",0,"",0,NA,NA,"","","","","",NA,NA,NA,NA,NA,NA,NA,NA,NA,NA,NA,NA,NA,NA,NA,NA,SI,"",NA,2,0,2,0,TELEVISION POR CABLE,NA,ALGUNA VEZ AL AO,VARIAS HORAS AL DIA,NUNCA,NUNCA,NUNCA,TODOS O CASI TODOS LOS DIAS,NUNCA,HABITUALMENTE,NUNCA,2,1,1,SI,"", ,NA,NUNCA,NUNCA,ALGUNA VEZ CADA 3 MESES,ALGUNA VEZ AL AO,NUNCA,ALGUNAS VECES AL MES,NUNCA,ALGUNA VEZ AL AO,TODOS O CASI TODOS LOS DIAS,NUNCA,NUNCA,NUNCA,NUNCA,0,0,0,NO,PORQUE NO LE GUSTA EL CINE, ,NO,NA,"",0,"",0,NA, ,NA,NA,NA,NA,NA,NA,NA,NA,NA,NA,NA,NO,NA,"",0,"",0,"",0,SI,"", ,NA,NA,SI,NA,"",INCLUYE CABLE,700,700,ALGUNOS DIAS POR SEMANA,TODOS O CASI TODOS LOS DAS,NUNCA,NUNCA,12,NO USA,12,NO USA,ALGUNAS VECES AL MES,TODOS O CASI TODOS LOS DAS,NUNCA,NUNCA,ALGUNA VEZ AL AO O MENOS,NUNCA,NUNCA,NUNCA,NUNCA,ALGUNAS VECES AL MES,NO,NO,NO,NO,NO,NA,NA,NA,NA,NA,NO,NA, ,NA,NA,NA,NA,NA,NA,NA,,,0,0,"OBSERVA LOS CONTENIDOS, SIN HACER COMENTARIOS",NA,"","","","","","","","","","","",1,NINGUNA,NO,1,SI,NO,400,400,0,NO,NA,,,0,0,NA,NA,NA,NA,"",0,NO,NO,NO,NO,NO,NO,NO,NO,NO,NA,NA,NA,NA,NA,NA,NA,NA,NA,NA,NO,NO,NO,NO,NO,NO,"",0,NO,"",0,NA,NA,NA,NA,NA,NA,"","",0,NO FUE NUNCA,"",NO FUE NUNCA,"",HACE MAS DE 5 AOS,"",HACE MAS DE 5 AOS,"",NO FUE NUNCA,"",HACE MAS DE 5 AOS,"",NO FUE NUNCA,"",HACE MAS DE 5 AOS,"",ENTRE 1 Y 5 AOS,"",HACE MAS DE 5 AOS,"",NO FUE NUNCA,"",NO FUE NUNCA,"",NO FUE NUNCA,"",NO FUE NUNCA,"",NO FUE NUNCA,"",NO FUE NUNCA,"",NO FUE NUNCA,"",HACE MAS DE 5 AOS,"",HACE MAS DE 5 AOS,"",NO FUE NUNCA,"",4,0,0,2,SECUNDARIA COMPLETA,LA PERSONA QUE FUE ENTREVISTADA,"",TRABAJA,EMPLEADA PUBLICA,TRABAJADOR/OBRERO CALIFICADO. EMPLEADO ADMINISTRATIVO MEDIO, ,"",SI,SI,SI,NO,SI,SI,PROPIA,NO,NO,NO,NO,NO,BARRIO CON VIVIENDAS DISTINTAS,BARRIO CON VIVIENDAS DISTINTAS,CASA,66,C3,120,120,2,0,30,0.5,0,15,0.25,120,120,2,720,720,12,0,0,0,0,0,0
160,160,1653,2017-05-22T00:00:00,NEA,Mujer,77,"HABITOS, COSTUMBRES, COMPORTAMIENTOS", ,NO,PORQUE NO LE GUSTA LA RADIO, ,NO,NA,NA,NA,,,0,0,NA,NA,NA,NA,NA,NA,NA,NA,NA,NA,NA,NA, ,0,NO,PORQUE NO LE GUSTA LA MUSICA, ,NO,NA,,,0,0,NA,NA,NA,NA,NA,NA,NA,NA,NA,NA,NA,NA,NA,NA,NA,NA,NA,NA,NA,NA,NA,NA,NA,"",NA,NA,NA,NA,NA,NA,NA,NA,NA,NA, ,"",0,0,0,NO,PORQUE NO LE GUSTA IR A RECITALES, ,NO,NA,"",0,"",0,"",0,NO,0,NO,NO,POR CUESTIONES ECONOMICAS/NO TIENE PLATA, ,SI,"",0,,,0,0,NA,"",0,"",0,NA,NA,NA,NA,NA,NA,NO,SI,NA,"",0,"",0,"",0,NA,NO,PORQUE NO TIENE TIEMPO, ,SI,"",0,"",0,"", ,"",0,"",0,NA,NA,"","","","","",NA,NA,NA,NA,NA,NA,NA,NA,NA,NA,NA,NA,NA,NA,NA,NA,SI,"",NA,0,30,0,30,TELEVISION SATELITAL,NA,NO MIRA,ALGUNAS VECES POR SEMANA,NUNCA,NUNCA,NUNCA,ALGUNOS DIAS POR SEMANA,NUNCA,HABITUALMENTE,NUNCA,2,NINGUNO,NINGUNO,NO,"PORQUE NO LE GUSTAN LAS PELICULAS, SERIES NI PRODUCCIONES AUOVISUALES EN GENERAL", ,SI,NA,NA,NA,NA,NA,NA,NA,NA,NA,NA,NA,NA,NA,0,0,0,NO,PORQUE NO LE GUSTA EL CINE, ,NO,NA,"",0,"",0,NA, ,NA,NA,NA,NA,NA,NA,NA,NA,NA,NA,NA,NO,NA,"",0,"",0,"",0,NO,PORQUE NO LE GUSTA, ,NO,NO,NA,NA,"",NA,"",0,NA,NA,NA,NA,,"",0,NO USA,NA,NA,NA,NA,NA,NA,NA,NA,NA,NA,NA,NA,NA,NA,NA,NA,NA,NA,NA,NA,NA,NA, ,NA,NA,NA,NA,NA,NA,NA,,,0,0,NA,NA,"","","","","","","","","","","",NINGUNA,NINGUNA,SI,NINGUNO,NA,NA,"",0,0,NO,NA,,,0,0,NA,NA,NA,NA,"",0,NO,NO,NO,NO,NO,NO,NO,NO,NO,NA,NA,NA,NA,NA,NA,NA,NA,NA,NA,NO,NO,NO,NO,NO,NO,"",0,NO,"",0,NA,NA,NA,NA,NA,NA,"","",0,HACE MAS DE 5 AOS,"",NO FUE NUNCA,"",HACE MAS DE 5 AOS,"",NO FUE NUNCA,"",NO FUE NUNCA,"",HACE MAS DE 5 AOS,"",NO FUE NUNCA,"",HACE MAS DE 5 AOS,"",HACE MAS DE 5 AOS,"",HACE MAS DE 5 AOS,"",NO FUE NUNCA,"",NO FUE NUNCA,"",NO FUE NUNCA,"",NO FUE NUNCA,"",HACE MAS DE 5 AOS,"",NO FUE NUNCA,"",NO FUE NUNCA,"",NO FUE NUNCA,"",HACE MAS DE 5 AOS,"",NO FUE NUNCA,"",1,,,3,PRIMARIA COMPLETA,LA PERSONA QUE FUE ENTREVISTADA,"",ES JUBILADO/PENSIONADO, ,"",MUCAMA HOTEL,"OFICIO MENOR, OBRERO NO CALIFICADO/ SERVICIO DOMESTICO",SI,NO,NO,NO,NO,NO,PROPIA,NO,NO,NO,NO,NO,BARRIO CON VIVIENDAS DISTINTAS,BARRIO CON VIVIENDAS DISTINTAS,CASA,32,D2,0,0,0,0,0,0,0,0,0,0,30,0.5,0,0,0,0,0,0,0,0,0
161,161,2765,2017-05-23T00:00:00,NEA,Varn,15,"INFORMACION, ESTUDIAR, CONOCER", ,NO,PORQUE NO LE GUSTA LA RADIO, ,NO,NA,NA,NA,,,0,0,NA,NA,NA,NA,NA,NA,NA,NA,NA,NA,NA,NA, ,2,SI,"", ,NA,TODOS O CASI TODOS LOS DIAS,2,0,2,0,NUNCA,ALGUNA VEZ AL AO O MENOS,TODOS O CASI TODOS LOS DIAS,TODOS O CASI TODOS LOS DIAS,NUNCA,NUNCA,NUNCA,NUNCA,NUNCA,NUNCA,NUNCA,NUNCA,NUNCA,NUNCA,NUNCA,HABITUALMENTE,NUNCA,NUNCA,NUNCA,NUNCA,NUNCA,NUNCA,NUNCA,NS/NC,SI,TODOS O CASI TODOS LOS DIAS,TODOS O CASI TODOS LOS DIAS,SPOTIFY,GOOGLE PLAY,YOUTUBE,TORRENT,NA,NA,NA, ,NS/NC,NS/NC,NS/NC,1,NO,PORQUE NO TIENE CON QUIEN IR, ,NO,NA,"",0,"",0,"",0,SI,1,SI,NO,PORQUE NO LE GUSTA LEER DIARIOS, ,NO,"",0,,,0,0,NA,"",0,"",0,NA,NA,NA,NA,NA,NA,NO,NO,NA,"",0,"",0,"",0,NA,SI,"", ,NA,NS/NC,NS/NC,NS/NC,NS/NC,"SE LO HABIA RECOMENDADO UN PROFESOR, REFERENTE POLITICO, RELIGIOSO O ESPIRITUAL", ,NS/NC,NS/NC,NS/NC,NS/NC,ALGUNAS VECES AL MES,"NO LEYO LIBROS EN PANTALLA, SOLO EN PAPEL","","","","","",DE VEZ EN CUANDO,NUNCA,NUNCA,NUNCA,HABITUALMENTE,DE VEZ EN CUANDO,NUNCA,NUNCA,NUNCA,NUNCA,NUNCA,NUNCA,NUNCA,NUNCA,NUNCA,NUNCA,SI,"",NA,2,0,2,0,TELEVISION POR CABLE,NA,NS/NC,VARIAS HORAS AL DIA,ALGUNA VEZ CADA 3 MESES,ALGUNA VEZ AL AO,NUNCA,TODOS O CASI TODOS LOS DIAS,HABITUALMENTE,HABITUALMENTE,DE VEZ EN CUANDO,3,NS/NC,NS/NC,SI,"", ,NA,ALGUNAS VECES AL MES,ALGUNOS DIAS POR SEMANA,ALGUNA VEZ AL AO,ALGUNA VEZ AL AO,ALGUNAS VECES AL MES,ALGUNOS DIAS POR SEMANA,ALGUNOS DIAS POR SEMANA,NS/NC,TODOS O CASI TODOS LOS DIAS,NS/NC,NUNCA,ALGUNOS DIAS POR SEMANA,ALGUNOS DIAS POR SEMANA,NS/NC,NS/NC,NS/NC,SI,"", ,NA,ALGUNA VEZ AL AO O MENOS,1,1,0,0,VIO O ESCUCHO EN UNA PUBLICIDAD, ,HABITUALMENTE,HABITUALMENTE,NUNCA,NUNCA,NUNCA,NUNCA,NUNCA,NUNCA,NUNCA,NUNCA,NUNCA,NO,NA,"",0,"",0,"",0,SI,"", ,NA,NA,SI,NA,"",NS/NC,NS/NC,NS/NC,TODOS O CASI TODOS LOS DAS,TODOS O CASI TODOS LOS DAS,ALGUNA VEZ AL AO O MENOS,NS/NC,3,NO USA,3,NO USA,ALGUNA VEZ CADA 3 MESES,ALGUNA VEZ CADA 3 MESES,TODOS O CASI TODOS LOS DAS,NUNCA,TODOS O CASI TODOS LOS DAS,NUNCA,NUNCA,NUNCA,NUNCA,NUNCA,SI,SI,SI,SI,NO,TODOS O CASI TODOS LOS DAS,TODOS O CASI TODOS LOS DAS,TODOS O CASI TODOS LOS DAS,TODOS O CASI TODOS LOS DAS,NA,NO,NA, ,ALGUNOS DIAS POR SEMANA,ALGUNOS DIAS POR SEMANA,ALGUNOS DIAS POR SEMANA,ALGUNA VEZ AL AO O MENOS,NUNCA,TODOS O CASI TODOS LOS DAS,NS/NC,2,0,2,0,NS/NC,NA,"","","","","","","","","","","",2,NINGUNA,SI,1,SI,NO,NS/NC,NS/NC,NS/NC,SI,ALGUNOS DIAS POR SEMANA,1,30,1,30,ALGUNOS DIAS POR SEMANA,ALGUNOS DIAS POR SEMANA,NUNCA,ALGUNOS DIAS POR SEMANA,NS/NC,NS/NC,NO,NO,NO,NO,NO,NO,NO,NO,NO,NA,NA,NA,NA,NA,NA,NA,NA,NA,NA,NO,NO,NO,NO,NO,NO,"",0,NO,"",0,NA,NA,NA,NA,NA,NA,"","",0,ENTRE 1 Y 5 AOS,"",NO FUE NUNCA,"",NO FUE NUNCA,"",NO FUE NUNCA,"",HACE MAS DE 5 AOS,"",NO FUE NUNCA,"",NO FUE NUNCA,"",ENTRE 1 Y 5 AOS,"",ENTRE 1 Y 5 AOS,"",NO FUE NUNCA,"",NO FUE NUNCA,"",NO FUE NUNCA,"",NO FUE NUNCA,"",NO FUE NUNCA,"",NO FUE NUNCA,"",NO FUE NUNCA,"",NO FUE NUNCA,"",NO FUE NUNCA,"",NO FUE NUNCA,"",NO FUE NUNCA,"",4,1,0,3,SECUNDARIA INCOMPLETA,OTRO MIEMBRO DEL HOGAR,UNIVERSITARIO INCOMPLETO,TRABAJA,EMPLEADO,TRABAJADOR/OBRERO CALIFICADO. EMPLEADO ADMINISTRATIVO MEDIO, ,"",SI,SI,SI,NO,SI,SI,PRESTADA,NO,NO,NO,NO,NO,BARRIO DE VIVIENDA SOCIAL,BARRIO DE VIVIENDA SOCIAL,CASA,68,C3,0,0,0,120,120,2,0,0,0,120,120,2,180,180,3,120,120,2,60,90,1.5
162,162,1843,2017-05-23T00:00:00,NEA,Varn,22,"HABITOS, COSTUMBRES, COMPORTAMIENTOS", ,NO,POR FALTA DE TIEMPO, ,NO,NA,NA,NA,,,0,0,NA,NA,NA,NA,NA,NA,NA,NA,NA,NA,NA,NA, ,1,SI,"", ,NA,ALGUNAS VECES AL MES,0,30,0,30,ALGUNAS VECES AL MES,ALGUNAS VECES AL MES,ALGUNAS VECES AL MES,ALGUNAS VECES AL MES,NUNCA,NUNCA,NUNCA,NUNCA,NUNCA,CASI NUNCA,CASI NUNCA,HABITUALMENTE,CASI NUNCA,CASI NUNCA,CASI NUNCA,CASI NUNCA,CASI NUNCA,CASI NUNCA,CASI NUNCA,CASI NUNCA,CASI NUNCA,CASI NUNCA,CASI NUNCA,10 canciones,SI,ALGUNAS VECES AL MES,ALGUNAS VECES AL MES,ARES,NA,NA,NA,NA,NA,NA, ,NS/NC,NS/NC,NS/NC,NS/NC,NO,POR FALTA DE TIEMPO, ,NO,NA,"",0,"",0,"",0,SI,1,NO,NO,PORQUE NO LE GUSTA LEER DIARIOS, ,NO,"",0,,,0,0,NA,"",0,"",0,NA,NA,NA,NA,NA,NA,NO,NO,NA,"",0,"",0,"",0,NA,SI,"", ,NA,3,3,1,1,"SE LO HABIA RECOMENDADO UN PROFESOR, REFERENTE POLITICO, RELIGIOSO O ESPIRITUAL", ,3,3,NS/NC,NS/NC,ALGUNAS VECES AL MES,"NO LEYO LIBROS EN PANTALLA, SOLO EN PAPEL","","","","","",NUNCA,NUNCA,NUNCA,DE VEZ EN CUANDO,HABITUALMENTE,HABITUALMENTE,NUNCA,NUNCA,NUNCA,NUNCA,NUNCA,NS/NC,DE VEZ EN CUANDO,NUNCA,NUNCA,NUNCA,SI,"",NA,1,30,1,30,TELEVISION POR CABLE,NA,ALGUNAS VECES AL MES,VARIAS HORAS AL DIA,ALGUNA VEZ AL AO,NUNCA,NUNCA,TODOS O CASI TODOS LOS DIAS,DE VEZ EN CUANDO,DE VEZ EN CUANDO,DE VEZ EN CUANDO,3,1,1,SI,"", ,NA,ALGUNA VEZ AL AO,ALGUNA VEZ CADA 3 MESES,ALGUNA VEZ CADA 3 MESES,ALGUNA VEZ CADA 3 MESES,ALGUNAS VECES AL MES,TODOS O CASI TODOS LOS DIAS,TODOS O CASI TODOS LOS DIAS,ALGUNA VEZ CADA 3 MESES,TODOS O CASI TODOS LOS DIAS,ALGUNA VEZ AL AO,NUNCA,ALGUNOS DIAS POR SEMANA,ALGUNOS DIAS POR SEMANA,NS/NC,NS/NC,NS/NC,NO,POR FALTA DE TIEMPO, ,NO,NA,"",0,"",0,NA, ,NA,NA,NA,NA,NA,NA,NA,NA,NA,NA,NA,NO,NA,"",0,"",0,"",0,SI,"", ,NA,NA,SI,NA,"",INCLUYE TELFONO,700,700,TODOS O CASI TODOS LOS DAS,TODOS O CASI TODOS LOS DAS,ALGUNA VEZ AL AO O MENOS,ALGUNA VEZ AL AO O MENOS,2,NO USA,2,NO USA,TODOS O CASI TODOS LOS DAS,ALGUNA VEZ AL AO O MENOS,TODOS O CASI TODOS LOS DAS,NUNCA,ALGUNOS DIAS POR SEMANA,ALGUNOS DIAS POR SEMANA,ALGUNA VEZ AL AO O MENOS,NUNCA,NUNCA,ALGUNOS DIAS POR SEMANA,SI,SI,SI,NO,SI,TODOS O CASI TODOS LOS DAS,TODOS O CASI TODOS LOS DAS,TODOS O CASI TODOS LOS DAS,NA,ALGUNOS DIAS POR SEMANA,NO,NA, ,ALGUNA VEZ AL AO O MENOS,ALGUNAS VECES AL MES,ALGUNAS VECES AL MES,NUNCA,NUNCA,ALGUNOS DIAS POR SEMANA,ALGUNA VEZ AL AO O MENOS,2,30,2,30,NS/NC,NA,"","","","","","","","","","","",2,NINGUNA,SI,1,SI,SI,280,280,NS/NC,SI,ALGUNAS VECES AL MES,2,0,2,0,ALGUNA VEZ AL AO O MENOS,ALGUNA VEZ AL AO O MENOS,NUNCA,ALGUNAS VECES AL MES,NS/NC,NS/NC,NO,NO,NO,SI,NO,NO,NO,NO,NO,NO,NO,NO,NO,NO,NO,NO,NO,SI,NO,SI,NO,NO,NO,NO,NO,"",0,NO,"",0,NA,NA,NA,NA,NA,NA,"","",0,ENTRE 1 Y 5 AOS,"",NO FUE NUNCA,"",ENTRE 1 Y 5 AOS,"",ENTRE 1 Y 5 AOS,"",HACE MAS DE 5 AOS,"",HACE MAS DE 5 AOS,"",NO FUE NUNCA,"",HACE MAS DE 5 AOS,"",HACE MAS DE 5 AOS,"",ENTRE 1 Y 5 AOS,"",NO FUE NUNCA,"",NO FUE NUNCA,"",NO FUE NUNCA,"",NO FUE NUNCA,"",NO FUE NUNCA,"",NO FUE NUNCA,"",NO FUE NUNCA,"",ENTRE 1 Y 5 AOS,"",ENTRE 1 Y 5 AOS,"",ENTRE 1 Y 5 AOS,"",3,1,0,2,UNIVERSITARIO INCOMPLETO,OTRO MIEMBRO DEL HOGAR,UNIVERSITARIO COMPLETO,TRABAJA,ORGANISMO MUNICIPAL,TECNICO ESPECIALIZADO. COMERCIANTE. SUPERVISOR / JEFE / CAP, ,"",SI,SI,SI,NO,SI,SI,PROPIA,NO,NO,NO,NO,NO,BARRIO DE VIVIENDA SOCIAL,BARRIO DE VIVIENDA SOCIAL,CASA,86,C1,0,0,0,0,30,0.5,0,0,0,60,90,1.5,120,120,2,120,150,2.5,120,120,2
163,163,2168,2017-05-24T00:00:00,NEA,Varn,35,"HABITOS, COSTUMBRES, COMPORTAMIENTOS", ,NO,POR FALTA DE TIEMPO, ,NO,NA,NA,NA,,,0,0,NA,NA,NA,NA,NA,NA,NA,NA,NA,NA,NA,NA, ,1,SI,"", ,NA,TODOS O CASI TODOS LOS DIAS,1,0,1,0,NUNCA,TODOS O CASI TODOS LOS DIAS,NUNCA,NUNCA,NUNCA,NUNCA,NUNCA,NUNCA,NUNCA,DE VEZ EN CUANDO,DE VEZ EN CUANDO,DE VEZ EN CUANDO,CASI NUNCA,CASI NUNCA,DE VEZ EN CUANDO,DE VEZ EN CUANDO,CASI NUNCA,DE VEZ EN CUANDO,DE VEZ EN CUANDO,CASI NUNCA,CASI NUNCA,CASI NUNCA,CASI NUNCA,6 canciones,NO,NA,NA,NA,NA,NA,NA,NA,NA,NA, ,"",NS/NC,NS/NC,NS/NC,NO,POR FALTA DE TIEMPO, ,NO,NA,"",0,"",0,"",0,NO,0,NO,NO,POR FALTA DE TIEMPO, ,NO,"",0,,,0,0,NA,"",0,"",0,NA,NA,NA,NA,NA,NA,NO,NO,NA,"",0,"",0,"",0,NA,NO,PORQUE NO TIENE TIEMPO, ,NO,"",0,"",0,"", ,"",0,"",0,NA,NA,"","","","","",NA,NA,NA,NA,NA,NA,NA,NA,NA,NA,NA,NA,NA,NA,NA,NA,SI,"",NA,1,0,1,0,TELEVISION POR CABLE,NA,NO MIRA,UNA HORA O MENOS AL DIA,NUNCA,NUNCA,NUNCA,ALGUNOS DIAS POR SEMANA,NUNCA,DE VEZ EN CUANDO,NUNCA,2,NS/NC,NS/NC,SI,"", ,NA,ALGUNA VEZ AL AO,ALGUNA VEZ AL AO,ALGUNA VEZ AL AO,ALGUNA VEZ CADA 3 MESES,ALGUNA VEZ CADA 3 MESES,ALGUNAS VECES AL MES,ALGUNOS DIAS POR SEMANA,NUNCA,ALGUNOS DIAS POR SEMANA,NUNCA,NUNCA,NUNCA,NUNCA,NS/NC,NS/NC,NS/NC,NO,POR FALTA DE TIEMPO, ,NO,NA,"",0,"",0,NA, ,NA,NA,NA,NA,NA,NA,NA,NA,NA,NA,NA,NO,NA,"",0,"",0,"",0,NO,POR FALTA DE TIEMPO, ,NO,SI,SI,NA,"",INCLUYE TELFONO,640,640,NUNCA,TODOS O CASI TODOS LOS DAS,NUNCA,NUNCA,4,NO USA,4,NO USA,ALGUNA VEZ CADA 3 MESES,NUNCA,ALGUNA VEZ CADA 3 MESES,NUNCA,NUNCA,NUNCA,NUNCA,NUNCA,NUNCA,ALGUNA VEZ CADA 3 MESES,SI,NO,NO,NO,NO,ALGUNOS DIAS POR SEMANA,NA,NA,NA,NA,NO,NA, ,NUNCA,NUNCA,NUNCA,NUNCA,NUNCA,ALGUNAS VECES AL MES,NUNCA,1,0,1,0,"OBSERVA LOS CONTENIDOS, SIN HACER COMENTARIOS",NA,"","","","","","","","","","","",1,NINGUNA,NO,1,SI,SI,LO PAGA MI EMPLEADOR,LO PAGA MI EMPLEADOR,NS/NC,NO,NA,,,0,0,NA,NA,NA,NA,"",0,NO,NO,NO,NO,NO,NO,NO,NO,NO,NA,NA,NA,NA,NA,NA,NA,NA,NA,NA,SI,NO,NO,NO,NO,NO,"",0,NO,"",0,NA,NA,NA,NA,NA,NA,"","",0,HACE MAS DE 5 AOS,"",HACE MAS DE 5 AOS,"",HACE MAS DE 5 AOS,"",HACE MAS DE 5 AOS,"",HACE MAS DE 5 AOS,"",HACE MAS DE 5 AOS,"",NO FUE NUNCA,"",HACE MAS DE 5 AOS,"",HACE MAS DE 5 AOS,"",ENTRE 1 Y 5 AOS,"",NO FUE NUNCA,"",HACE MAS DE 5 AOS,"",HACE MAS DE 5 AOS,"",NO FUE NUNCA,"",NO FUE NUNCA,"",NO FUE NUNCA,"",NO FUE NUNCA,"",HACE MAS DE 5 AOS,"",HACE MAS DE 5 AOS,"",NO FUE NUNCA,"",3,1,0,2,UNIVERSITARIO INCOMPLETO,LA PERSONA QUE FUE ENTREVISTADA,"",TRABAJA,VIAJANTE,TECNICO ESPECIALIZADO. COMERCIANTE. SUPERVISOR / JEFE / CAP, ,"",SI,SI,SI,NO,SI,SI,PROPIA,NO,NO,NO,NO,NO,BARRIO DE VIVIENDA SOCIAL,BARRIO DE VIVIENDA SOCIAL,CASA,78,C2,0,0,0,60,60,1,0,0,0,60,60,1,240,240,4,60,60,1,0,0,0
164,164,1157,2017-05-24T00:00:00,NEA,Varn,50,"LA TRADICION, LA HISTORIA", ,NO,PORQUE NO LE GUSTA LA RADIO, ,NO,NA,NA,NA,,,0,0,NA,NA,NA,NA,NA,NA,NA,NA,NA,NA,NA,NA, ,1,SI,"", ,NA,ALGUNAS VECES AL MES,1,0,1,0,ALGUNAS VECES AL MES,NUNCA,NUNCA,NUNCA,NUNCA,NUNCA,NUNCA,NUNCA,NUNCA,DE VEZ EN CUANDO,CASI NUNCA,CASI NUNCA,CASI NUNCA,CASI NUNCA,CASI NUNCA,CASI NUNCA,CASI NUNCA,CASI NUNCA,CASI NUNCA,CASI NUNCA,CASI NUNCA,CASI NUNCA,CASI NUNCA,10 canciones,NO,NA,NA,NA,NA,NA,NA,NA,NA,NA, ,"",NS/NC,NS/NC,NS/NC,NO,PORQUE NO TIENE CON QUIEN IR, ,NO,NA,"",0,"",0,"",0,NO,0,NO,NO,PORQUE LOS DIARIOS ESTAN CAROS, ,NO,"",0,,,0,0,NA,"",0,"",0,NA,NA,NA,NA,NA,NA,NO,NO,NA,"",0,"",0,"",0,NA,NO,POR CUESTIONES ECONOMICAS, ,NO,"",0,"",0,"", ,"",0,"",0,NA,NA,"","","","","",NA,NA,NA,NA,NA,NA,NA,NA,NA,NA,NA,NA,NA,NA,NA,NA,SI,"",NA,2,0,2,0,"SOLO CANALES DE AIRE ""ANALOGICOS""",NA,NA,NA,NUNCA,NUNCA,NUNCA,TODOS O CASI TODOS LOS DIAS,NUNCA,HABITUALMENTE,NUNCA,1,NS/NC,NS/NC,SI,"", ,NA,NUNCA,NUNCA,ALGUNA VEZ AL AO,ALGUNA VEZ AL AO,NUNCA,ALGUNAS VECES AL MES,ALGUNAS VECES AL MES,TODOS O CASI TODOS LOS DIAS,ALGUNA VEZ AL AO,NUNCA,NUNCA,NUNCA,NUNCA,NS/NC,NS/NC,NS/NC,NO,POR FALTA DE DINERO, ,NO,NA,"",0,"",0,NA, ,NA,NA,NA,NA,NA,NA,NA,NA,NA,NA,NA,NO,NA,"",0,"",0,"",0,NO,PORQUE INTERNET ES CARO, ,NO,NO,NA,NA,"",NA,"",0,NA,NA,NA,NA,,"",0,NO USA,NA,NA,NA,NA,NA,NA,NA,NA,NA,NA,NA,NA,NA,NA,NA,NA,NA,NA,NA,NA,NA,NA, ,NA,NA,NA,NA,NA,NA,NA,,,0,0,NA,NA,"","","","","","","","","","","",NINGUNA,NINGUNA,NO,1,NO,NA,120,120,NS/NC,NO,NA,,,0,0,NA,NA,NA,NA,"",0,NO,NO,NO,NO,NO,NO,NO,NO,NO,NA,NA,NA,NA,NA,NA,NA,NA,NA,NA,NO,NO,NO,NO,NO,NO,"",0,NO,"",0,NA,NA,NA,NA,NA,NA,"","",0,HACE MAS DE 5 AOS,"",NO FUE NUNCA,"",NO FUE NUNCA,"",HACE MAS DE 5 AOS,"",HACE MAS DE 5 AOS,"",HACE MAS DE 5 AOS,"",NO FUE NUNCA,"",HACE MAS DE 5 AOS,"",HACE MAS DE 5 AOS,"",HACE MAS DE 5 AOS,"",NO FUE NUNCA,"",NO FUE NUNCA,"",NO FUE NUNCA,"",NO FUE NUNCA,"",NO FUE NUNCA,"",NO FUE NUNCA,"",NO FUE NUNCA,"",HACE MAS DE 5 AOS,"",HACE MAS DE 5 AOS,"",NO FUE NUNCA,"",1,,,1,SECUNDARIA COMPLETA,LA PERSONA QUE FUE ENTREVISTADA,"",EST DESOCUPADO, ,"",DESEMPLEADO CHANGAS,TRABAJOS MENORES OCASIONALES E INFORMALES,NO,NO,NO,NO,NO,SI,ALQUILADA,NO,NO,NO,NO,NO,BARRIO DE VIVIENDA SOCIAL,BARRIO DE VIVIENDA SOCIAL,CASILLA,22,D2,0,0,0,60,60,1,0,0,0,120,120,2,0,0,0,0,0,0,0,0,0
165,165,1019,2017-05-23T00:00:00,NEA,Varn,65,"LA FORMA DE PENSAR, IDEOLOGIA, VALORES", ,NO,NS/NC, ,NO,NA,NA,NA,,,0,0,NA,NA,NA,NA,NA,NA,NA,NA,NA,NA,NA,NA, ,2,SI,"", ,NA,TODOS O CASI TODOS LOS DIAS,1,0,1,0,TODOS O CASI TODOS LOS DIAS,NUNCA,NUNCA,NUNCA,NUNCA,NUNCA,NUNCA,NUNCA,NUNCA,HABITUALMENTE,CASI NUNCA,CASI NUNCA,CASI NUNCA,CASI NUNCA,CASI NUNCA,CASI NUNCA,CASI NUNCA,CASI NUNCA,CASI NUNCA,CASI NUNCA,CASI NUNCA,DE VEZ EN CUANDO,CASI NUNCA,NS/NC,NO,NA,NA,NA,NA,NA,NA,NA,NA,NA, ,"",NS/NC,NS/NC,NS/NC,NO,PORQUE NO LE GUSTA IR A RECITALES, ,NO,NA,"",0,"",0,"",0,NO,0,NO,NO,UTILIZA OTRO MEDIO PARA INFORMARSE, ,NO,"",0,,,0,0,NA,"",0,"",0,NA,NA,NA,NA,NA,NA,NO,NO,NA,"",0,"",0,"",0,NA,NO,PORQUE NO LE INTERESA, ,NO,"",0,"",0,"", ,"",0,"",0,NA,NA,"","","","","",NA,NA,NA,NA,NA,NA,NA,NA,NA,NA,NA,NA,NA,NA,NA,NA,SI,"",NA,1,0,1,0,TELEVISION POR CABLE,NA,UNA HORA O MENOS AL DIA,VARIAS HORAS AL DIA,NUNCA,NUNCA,NUNCA,TODOS O CASI TODOS LOS DIAS,NUNCA,HABITUALMENTE,NUNCA,1,NINGUNO,NINGUNO,SI,"", ,NA,NUNCA,NUNCA,ALGUNAS VECES AL MES,ALGUNAS VECES AL MES,ALGUNAS VECES AL MES,ALGUNAS VECES AL MES,ALGUNAS VECES AL MES,ALGUNAS VECES AL MES,TODOS O CASI TODOS LOS DIAS,NUNCA,NUNCA,NUNCA,NUNCA,NS/NC,NS/NC,NS/NC,NO,PORQUE NO TENGO NINGUNO CERCA, ,NO,NA,"",0,"",0,NA, ,NA,NA,NA,NA,NA,NA,NA,NA,NA,NA,NA,NO,NA,"",0,"",0,"",0,NO,PORQUE NO APRENDI A USAR INTERNET, ,NO,NO,NA,NA,"",NA,"",0,NA,NA,NA,NA,,"",0,NO USA,NA,NA,NA,NA,NA,NA,NA,NA,NA,NA,NA,NA,NA,NA,NA,NA,NA,NA,NA,NA,NA,NA, ,NA,NA,NA,NA,NA,NA,NA,,,0,0,NA,NA,"","","","","","","","","","","",NINGUNA,NINGUNA,SI,NINGUNO,NA,NA,"",0,0,NO,NA,,,0,0,NA,NA,NA,NA,"",0,NO,SI,NO,NO,NO,NO,NO,NO,NO,NO,SI,NO,NO,NO,NO,NO,NO,NO,NO,NO,NO,NO,NO,NO,NO,"",0,NO,"",0,NA,NA,NA,NA,NA,NA,"","",0,HACE MAS DE 5 AOS,"",HACE MAS DE 5 AOS,"",HACE MAS DE 5 AOS,"",HACE MAS DE 5 AOS,"",HACE MAS DE 5 AOS,"",HACE MAS DE 5 AOS,"",NO FUE NUNCA,"",HACE MAS DE 5 AOS,"",HACE MAS DE 5 AOS,"",HACE MAS DE 5 AOS,"",NO FUE NUNCA,"",HACE MAS DE 5 AOS,"",NO FUE NUNCA,"",NO FUE NUNCA,"",NO FUE NUNCA,"",NO FUE NUNCA,"",NO FUE NUNCA,"",HACE MAS DE 5 AOS,"",ENTRE 1 Y 5 AOS,"",HACE MAS DE 5 AOS,"",1,,,2,SECUNDARIA COMPLETA,LA PERSONA QUE FUE ENTREVISTADA,"",ES JUBILADO/PENSIONADO, ,"",EMPLEADO,TRABAJADOR/OBRERO CALIFICADO. EMPLEADO ADMINISTRATIVO MEDIO,SI,NO,NO,NO,NO,NO,PROPIA,SI,NO,NO,NO,NO,BARRIO DE VIVIENDA SOCIAL,BARRIO DE VIVIENDA SOCIAL,CASA,44,D1,0,0,0,60,60,1,0,0,0,60,60,1,0,0,0,0,0,0,0,0,0
166,166,2932,2017-05-28T00:00:00,NEA,Mujer,14,"LOS MODALES, EL BUEN COMPORTAMIENTO", ,NO,PORQUE NO LE INTERESA, ,NO,NA,NA,NA,,,0,0,NA,NA,NA,NA,NA,NA,NA,NA,NA,NA,NA,NA, ,1,SI,"", ,NA,TODOS O CASI TODOS LOS DIAS,2,0,2,0,NUNCA,NUNCA,NUNCA,TODOS O CASI TODOS LOS DIAS,NUNCA,NUNCA,NUNCA,NUNCA,NUNCA,NUNCA,NUNCA,NUNCA,NUNCA,NUNCA,DE VEZ EN CUANDO,HABITUALMENTE,NUNCA,HABITUALMENTE,HABITUALMENTE,NUNCA,NUNCA,NUNCA,NUNCA,NS/NC,SI,TODOS O CASI TODOS LOS DIAS,ALGUNA VEZ AL AO O MENOS,YOUTUBE,NA,NA,NA,NA,NA,NA, ,NS/NC,NS/NC,NS/NC,NS/NC,NO,PORQUE LAS ENTRADAS ESTAN CARAS, ,NO,NA,"",0,"",0,"",0,NO,0,NO,NO,PORQUE NO LE GUSTA LEER DIARIOS, ,NO,"",0,,,0,0,NA,"",0,"",0,NA,NA,NA,NA,NA,NA,NO,NO,NA,"",0,"",0,"",0,NA,SI,"", ,NA,NS/NC,NS/NC,NS/NC,NS/NC,POR ESTUDIO, ,NS/NC,NS/NC,NS/NC,NS/NC,ALGUNOS DIAS POR SEMANA,"NO LEYO LIBROS EN PANTALLA, SOLO EN PAPEL","","","","","",DE VEZ EN CUANDO,NUNCA,NUNCA,NUNCA,HABITUALMENTE,NUNCA,NUNCA,NUNCA,NUNCA,NUNCA,NUNCA,NUNCA,NUNCA,NUNCA,NUNCA,NUNCA,SI,"",NA,1,0,1,0,NS/NC,NA,NS/NC,NS/NC,ALGUNA VEZ AL AO,NUNCA,NUNCA,NUNCA,DE VEZ EN CUANDO,HABITUALMENTE,CASI NUNCA,2,1,1,SI,"", ,NA,ALGUNAS VECES AL MES,ALGUNAS VECES AL MES,ALGUNA VEZ AL AO,ALGUNAS VECES AL MES,ALGUNAS VECES AL MES,ALGUNOS DIAS POR SEMANA,TODOS O CASI TODOS LOS DIAS,NS/NC,NS/NC,NUNCA,NUNCA,ALGUNOS DIAS POR SEMANA,NS/NC,NS/NC,NS/NC,NS/NC,NO,NO TIENE CON QUIEN IR, ,NO,NA,"",0,"",0,NA, ,NA,NA,NA,NA,NA,NA,NA,NA,NA,NA,NA,NO,NA,"",0,"",0,"",0,SI,"", ,NA,NA,NO,SI,NS/NC,NA,"",0,ALGUNA VEZ AL AO O MENOS,TODOS O CASI TODOS LOS DAS,NUNCA,NUNCA,3,NO USA,3,NO USA,ALGUNAS VECES AL MES,ALGUNAS VECES AL MES,ALGUNOS DIAS POR SEMANA,NUNCA,TODOS O CASI TODOS LOS DAS,ALGUNAS VECES AL MES,NUNCA,NUNCA,ALGUNAS VECES AL MES,NUNCA,SI,NO,NO,NO,NO,TODOS O CASI TODOS LOS DAS,NA,NA,NA,NA,NO,NA, ,ALGUNA VEZ AL AO O MENOS,ALGUNOS DIAS POR SEMANA,ALGUNOS DIAS POR SEMANA,ALGUNOS DIAS POR SEMANA,NUNCA,TODOS O CASI TODOS LOS DAS,NS/NC,2,30,2,30,"COMENTA, COMPARTE, PARTICIPA Y/U OPINA FRENTE A CONTENIDOS",NA,"","","","","","","","","","","",NINGUNA,NINGUNA,NO,1,SI,SI,NS/NC,NS/NC,NS/NC,NO,NA,,,0,0,NA,NA,NA,NA,"",0,NO,NO,NO,NO,NO,NO,NO,NO,NO,NA,NA,NA,NA,NA,NA,NA,NA,NA,NA,NO,NO,NO,NO,NO,NO,"",0,NO,"",0,NA,NA,NA,NA,NA,NA,"","",0,ENTRE 1 Y 5 AOS,"",NO FUE NUNCA,"",ENTRE 1 Y 5 AOS,"",NO FUE NUNCA,"",ENTRE 1 Y 5 AOS,"",NO FUE NUNCA,"",NO FUE NUNCA,"",NO FUE NUNCA,"",HACE MAS DE 5 AOS,"",NO FUE NUNCA,"",NO FUE NUNCA,"",NO FUE NUNCA,"",NO FUE NUNCA,"",NO FUE NUNCA,"",NO FUE NUNCA,"",NO FUE NUNCA,"",NO FUE NUNCA,"",NO FUE NUNCA,"",HACE MAS DE 5 AOS,"",ENTRE 1 Y 5 AOS,"",5,2,0,3,SECUNDARIA INCOMPLETA,OTRO MIEMBRO DEL HOGAR,UNIVERSITARIO INCOMPLETO,TRABAJA,EN UNA CONSTRUCTORA,"OFICIO MENOR, OBRERO NO CALIFICADO/ SERVICIO DOMESTICO", ,"",SI,NO,NO,NO,NO,SI,PROPIA,NO,NO,NO,NO,NO,BARRIO DE VIVIENDA SOCIAL,BARRIO DE VIVIENDA SOCIAL,CASA,54,C3,0,0,0,120,120,2,0,0,0,60,60,1,180,180,3,120,150,2.5,0,0,0
167,167,2861,2017-05-23T00:00:00,NEA,Mujer,27,"HABITOS, COSTUMBRES, COMPORTAMIENTOS", ,NO,POR FALTA DE TIEMPO, ,NO,NA,NA,NA,,,0,0,NA,NA,NA,NA,NA,NA,NA,NA,NA,NA,NA,NA, ,1,SI,"", ,NA,ALGUNAS VECES AL MES,1,30,1,30,NUNCA,NUNCA,ALGUNAS VECES AL MES,ALGUNOS DIAS POR SEMANA,NUNCA,NUNCA,NUNCA,NUNCA,ALGUNOS DIAS POR SEMANA,CASI NUNCA,DE VEZ EN CUANDO,DE VEZ EN CUANDO,NUNCA,NUNCA,DE VEZ EN CUANDO,DE VEZ EN CUANDO,DE VEZ EN CUANDO,DE VEZ EN CUANDO,DE VEZ EN CUANDO,CASI NUNCA,CASI NUNCA,CASI NUNCA,CASI NUNCA,NS/NC,SI,ALGUNOS DIAS POR SEMANA,ALGUNOS DIAS POR SEMANA,SPOTIFY,YOUTUBE,ARES,NA,NA,NA,NA, ,NS/NC,NS/NC,NS/NC,NS/NC,NO,POR FALTA DE TIEMPO, ,NO,NA,"",0,"",0,"",0,NO,0,NO,NO,PORQUE NO LE INTERESAN LOS DIARIOS, ,NO,"",0,,,0,0,NA,"",0,"",0,NA,NA,NA,NA,NA,NA,SI,NA,"NO LEYO REVISTAS EN PAPEL, SOLO EN PANTALLA","",0,"",0,"",0,ALGUNAS VECES AL MES,SI,"", ,NA,NS/NC,NS/NC,NS/NC,NS/NC,"SE LO HABIA RECOMENDADO UN PROFESOR, REFERENTE POLITICO, RELIGIOSO O ESPIRITUAL", ,NS/NC,NS/NC,NS/NC,NS/NC,ALGUNOS DIAS POR SEMANA,ALGUNOS DIAS POR SEMANA,COMPUTADORA,"","","",NO,NUNCA,HABITUALMENTE,HABITUALMENTE,NUNCA,NUNCA,NUNCA,NUNCA,NUNCA,NUNCA,NUNCA,NUNCA,NUNCA,NUNCA,NUNCA,NUNCA,NUNCA,SI,"",NA,1,30,1,30,TELEVISION POR CABLE,NA,NO MIRA,VARIAS HORAS AL DIA,ALGUNOS DIAS POR SEMANA,ALGUNAS VECES AL MES,NUNCA,TODOS O CASI TODOS LOS DIAS,DE VEZ EN CUANDO,DE VEZ EN CUANDO,DE VEZ EN CUANDO,2,1,1,SI,"", ,NA,ALGUNA VEZ AL AO,ALGUNOS DIAS POR SEMANA,ALGUNA VEZ CADA 3 MESES,ALGUNA VEZ CADA 3 MESES,ALGUNA VEZ CADA 3 MESES,ALGUNOS DIAS POR SEMANA,ALGUNOS DIAS POR SEMANA,NS/NC,ALGUNOS DIAS POR SEMANA,NS/NC,NUNCA,ALGUNOS DIAS POR SEMANA,ALGUNOS DIAS POR SEMANA,NS/NC,NS/NC,NS/NC,NO,POR FALTA DE TIEMPO, ,NO,NA,"",0,"",0,NA, ,NA,NA,NA,NA,NA,NA,NA,NA,NA,NA,NA,NO,NA,"",0,"",0,"",0,SI,"", ,NA,NA,SI,NA,"",NS/NC,NS/NC,NS/NC,TODOS O CASI TODOS LOS DAS,TODOS O CASI TODOS LOS DAS,NS/NC,NUNCA,2,NO USA,2,NO USA,TODOS O CASI TODOS LOS DAS,ALGUNOS DIAS POR SEMANA,TODOS O CASI TODOS LOS DAS,NUNCA,ALGUNOS DIAS POR SEMANA,NS/NC,NS/NC,NUNCA,ALGUNA VEZ CADA 3 MESES,ALGUNOS DIAS POR SEMANA,SI,SI,SI,SI,NO,TODOS O CASI TODOS LOS DAS,TODOS O CASI TODOS LOS DAS,TODOS O CASI TODOS LOS DAS,TODOS O CASI TODOS LOS DAS,NA,NO,NA, ,ALGUNAS VECES AL MES,ALGUNOS DIAS POR SEMANA,ALGUNOS DIAS POR SEMANA,ALGUNA VEZ AL AO O MENOS,NS/NC,ALGUNOS DIAS POR SEMANA,NS/NC,2,30,2,30,"OBSERVA LOS CONTENIDOS, SIN HACER COMENTARIOS",NA,"","","","","","","","","","","",1,NINGUNA,SI,1,SI,NO,NS/NC,NS/NC,NS/NC,NO,NA,,,0,0,NA,NA,NA,NA,"",0,NO,NO,NO,SI,NO,NO,NO,NO,NO,NO,NO,NO,SI,NO,NO,NO,NO,NO,NO,SI,NO,NO,NO,NO,NO,"",0,NO,"",0,NA,NA,NA,NA,NA,NA,"","",0,HACE MAS DE 5 AOS,"",HACE MAS DE 5 AOS,"",1 VEZ EN EL ULTIMO AO,0,1 VEZ EN EL ULTIMO AO,0,HACE MAS DE 5 AOS,"",HACE MAS DE 5 AOS,"",NO FUE NUNCA,"",HACE MAS DE 5 AOS,"",HACE MAS DE 5 AOS,"",HACE MAS DE 5 AOS,"",NO FUE NUNCA,"",NO FUE NUNCA,"",NO FUE NUNCA,"",NO FUE NUNCA,"",NO FUE NUNCA,"",NO FUE NUNCA,"",NO FUE NUNCA,"",ENTRE 1 Y 5 AOS,"",ENTRE 1 Y 5 AOS,"",ENTRE 1 Y 5 AOS,"",3,0,0,2,UNIVERSITARIO INCOMPLETO,OTRO MIEMBRO DEL HOGAR,UNIVERSITARIO COMPLETO,TRABAJA,MANEJA UNA MAQUINARIA,TECNICO ESPECIALIZADO. COMERCIANTE. SUPERVISOR / JEFE / CAP, ,"",SI,SI,SI,NO,SI,SI,PROPIA,NO,NO,NO,NO,NO,BARRIO DE VIVIENDA SOCIAL,BARRIO DE VIVIENDA SOCIAL,CASA,86,C1,0,0,0,60,90,1.5,0,0,0,60,90,1.5,120,120,2,120,150,2.5,0,0,0
168,168,2861,2017-05-24T00:00:00,NEA,Mujer,30,"LA FORMA DE PENSAR, IDEOLOGIA, VALORES", ,NO,PORQUE NO LE INTERESA, ,NO,NA,NA,NA,,,0,0,NA,NA,NA,NA,NA,NA,NA,NA,NA,NA,NA,NA, ,3,NO,PORQUE NO LE INTERESA, ,NO,NA,,,0,0,NA,NA,NA,NA,NA,NA,NA,NA,NA,NA,NA,NA,NA,NA,NA,NA,NA,NA,NA,NA,NA,NA,NA,"",NA,NA,NA,NA,NA,NA,NA,NA,NA,NA, ,"",NS/NC,NS/NC,NS/NC,NO,PORQUE LAS ENTRADAS ESTAN CARAS, ,NO,NA,"",0,"",0,"",0,NO,0,NO,NO,PORQUE NO LE GUSTA LEER DIARIOS, ,NO,"",0,,,0,0,NA,"",0,"",0,NA,NA,NA,NA,NA,NA,NO,NO,NA,"",0,"",0,"",0,NA,NO,PORQUE NO LE INTERESA, ,NO,"",0,"",0,"", ,"",0,"",0,NA,NA,"","","","","",NA,NA,NA,NA,NA,NA,NA,NA,NA,NA,NA,NA,NA,NA,NA,NA,SI,"",NA,5,0,5,0,TELEVISION POR CABLE,NA,NO MIRA,VARIAS HORAS AL DIA,NUNCA,NUNCA,NUNCA,TODOS O CASI TODOS LOS DIAS,NUNCA,HABITUALMENTE,NUNCA,2,NINGUNO,NINGUNO,SI,"", ,NA,NUNCA,ALGUNA VEZ CADA 3 MESES,ALGUNA VEZ AL AO,ALGUNA VEZ AL AO,ALGUNA VEZ AL AO,ALGUNOS DIAS POR SEMANA,TODOS O CASI TODOS LOS DIAS,NS/NC,TODOS O CASI TODOS LOS DIAS,NUNCA,NUNCA,NUNCA,NUNCA,0,0,0,NO,PORQUE NO TENGO NINGUNO CERCA, ,NO,NA,"",0,"",0,NA, ,NA,NA,NA,NA,NA,NA,NA,NA,NA,NA,NA,NO,NA,"",0,"",0,"",0,NO,PORQUE NO LE INTERESA, ,NO,SI,SI,NA,"",NS/NC,NS/NC,NS/NC,NUNCA,TODOS O CASI TODOS LOS DAS,NUNCA,NUNCA,1,30,1,30,NUNCA,NUNCA,NUNCA,NUNCA,NUNCA,NUNCA,NUNCA,NUNCA,NUNCA,NUNCA,SI,NO,NO,NO,NO,TODOS O CASI TODOS LOS DAS,NA,NA,NA,NA,NO,NA, ,NUNCA,NUNCA,ALGUNAS VECES AL MES,NUNCA,NUNCA,ALGUNOS DIAS POR SEMANA,NUNCA,1,30,1,30,"OBSERVA LOS CONTENIDOS, SIN HACER COMENTARIOS",NA,"","","","","","","","","","","",1,NINGUNA,SI,1,SI,NO,NS/NC,NS/NC,0,NO,NA,,,0,0,NA,NA,NA,NA,"",0,NO,NO,NO,NO,NO,NO,NO,NO,NO,NA,NA,NA,NA,NA,NA,NA,NA,NA,NA,NO,NO,NO,NO,NO,NO,"",0,NO,"",0,NA,NA,NA,NA,NA,NA,"","",0,NO FUE NUNCA,"",NO FUE NUNCA,"",NO FUE NUNCA,"",NO FUE NUNCA,"",ENTRE 1 Y 5 AOS,"",ENTRE 1 Y 5 AOS,"",NO FUE NUNCA,"",NO FUE NUNCA,"",NO FUE NUNCA,"",HACE MAS DE 5 AOS,"",NO FUE NUNCA,"",NO FUE NUNCA,"",NO FUE NUNCA,"",NO FUE NUNCA,"",NO FUE NUNCA,"",NO FUE NUNCA,"",NO FUE NUNCA,"",NO FUE NUNCA,"",NO FUE NUNCA,"",NO FUE NUNCA,"",3,0,0,2,SECUNDARIA COMPLETA,OTRO MIEMBRO DEL HOGAR,SECUNDARIA COMPLETA,TRABAJA,EMPLEADO VENDEDOR,"OFICIO MENOR, OBRERO NO CALIFICADO/ SERVICIO DOMESTICO", ,"",SI,SI,NO,NO,NO,SI,ALQUILADA,NO,NO,NO,NO,NO,BARRIO DE VIVIENDA SOCIAL,BARRIO DE VIVIENDA SOCIAL,CASA,48,D1,0,0,0,0,0,0,0,0,0,300,300,5,60,90,1.5,60,90,1.5,0,0,0
169,169,2059,2017-05-24T00:00:00,NEA,Mujer,60,"LA FORMA DE PENSAR, IDEOLOGIA, VALORES", ,NO,PORQUE NO LE GUSTA LA RADIO, ,NO,NA,NA,NA,,,0,0,NA,NA,NA,NA,NA,NA,NA,NA,NA,NA,NA,NA, ,2,NO,PORQUE NO LE INTERESA, ,NO,NA,,,0,0,NA,NA,NA,NA,NA,NA,NA,NA,NA,NA,NA,NA,NA,NA,NA,NA,NA,NA,NA,NA,NA,NA,NA,"",NA,NA,NA,NA,NA,NA,NA,NA,NA,NA, ,"",NS/NC,NS/NC,NS/NC,NO,PORQUE NO TOCAN CERCA, ,NO,NA,"",0,"",0,"",0,NO,0,NO,NO,PORQUE NO LE GUSTA LEER DIARIOS, ,NO,"",0,,,0,0,NA,"",0,"",0,NA,NA,NA,NA,NA,NA,NO,NO,NA,"",0,"",0,"",0,NA,NO,PORQUE NO TIENE TIEMPO, ,NO,"",0,"",0,"", ,"",0,"",0,NA,NA,"","","","","",NA,NA,NA,NA,NA,NA,NA,NA,NA,NA,NA,NA,NA,NA,NA,NA,SI,"",NA,4,0,4,0,TELEVISION POR CABLE,NA,UNA HORA O MENOS AL DIA,VARIAS HORAS AL DIA,NUNCA,NUNCA,NUNCA,TODOS O CASI TODOS LOS DIAS,NUNCA,HABITUALMENTE,NUNCA,1,NINGUNO,NINGUNO,SI,"", ,NA,NUNCA,NUNCA,ALGUNAS VECES AL MES,ALGUNA VEZ CADA 3 MESES,ALGUNA VEZ CADA 3 MESES,ALGUNOS DIAS POR SEMANA,ALGUNOS DIAS POR SEMANA,ALGUNA VEZ AL AO,TODOS O CASI TODOS LOS DIAS,NUNCA,NUNCA,NUNCA,NUNCA,NS/NC,NS/NC,NS/NC,NO,PORQUE NO TENGO NINGUNO CERCA, ,NO,NA,"",0,"",0,NA, ,NA,NA,NA,NA,NA,NA,NA,NA,NA,NA,NA,NO,NA,"",0,"",0,"",0,NO,PORQUE NO APRENDI A USAR INTERNET, ,NO,NO,NA,NA,"",NA,"",0,NA,NA,NA,NA,,"",0,NO USA,NA,NA,NA,NA,NA,NA,NA,NA,NA,NA,NA,NA,NA,NA,NA,NA,NA,NA,NA,NA,NA,NA, ,NA,NA,NA,NA,NA,NA,NA,,,0,0,NA,NA,"","","","","","","","","","","",NINGUNA,NINGUNA,SI,NINGUNO,NA,NA,"",0,0,NO,NA,,,0,0,NA,NA,NA,NA,"",0,NO,SI,NO,NO,NO,NO,NO,NO,NO,NO,SI,NO,NO,NO,NO,NO,NO,SI,NO,NO,NO,NO,NO,NO,NO,"",0,NO,"",0,NA,NA,NA,NA,NA,NA,"","",0,HACE MAS DE 5 AOS,"",HACE MAS DE 5 AOS,"",HACE MAS DE 5 AOS,"",HACE MAS DE 5 AOS,"",HACE MAS DE 5 AOS,"",HACE MAS DE 5 AOS,"",HACE MAS DE 5 AOS,"",HACE MAS DE 5 AOS,"",HACE MAS DE 5 AOS,"",HACE MAS DE 5 AOS,"",HACE MAS DE 5 AOS,"",NO FUE NUNCA,"",NO FUE NUNCA,"",NO FUE NUNCA,"",NO FUE NUNCA,"",NO FUE NUNCA,"",NO FUE NUNCA,"",HACE MAS DE 5 AOS,"",HACE MAS DE 5 AOS,"",HACE MAS DE 5 AOS,"",2,0,0,2,SECUNDARIA COMPLETA,OTRO MIEMBRO DEL HOGAR,UNIVERSITARIO INCOMPLETO,TRABAJA,EMPLEADO ADMINISTRATIVO,TRABAJADOR/OBRERO CALIFICADO. EMPLEADO ADMINISTRATIVO MEDIO, ,"",SI,NO,SI,NO,SI,SI,PROPIA,SI,NO,SI,NO,NO,BARRIO DE VIVIENDA SOCIAL,BARRIO DE VIVIENDA SOCIAL,CASA,68,C3,0,0,0,0,0,0,0,0,0,240,240,4,0,0,0,0,0,0,0,0,0
170,170,2773,2017-05-23T00:00:00,NEA,Mujer,70,"EL ARTE, LO CULTO", ,NO,PORQUE NO TIENE EQUIPOS DE RADIO, ,NO,NA,NA,NA,,,0,0,NA,NA,NA,NA,NA,NA,NA,NA,NA,NA,NA,NA, ,0,NO,PORQUE NO TIENE EQUIPO DE MUSICA, ,NO,NA,,,0,0,NA,NA,NA,NA,NA,NA,NA,NA,NA,NA,NA,NA,NA,NA,NA,NA,NA,NA,NA,NA,NA,NA,NA,"",NA,NA,NA,NA,NA,NA,NA,NA,NA,NA, ,"",0,0,0,NO,POR FALTA DE DINERO, ,NO,NA,"",0,"",0,"",0,NO,0,NO,NO,PORQUE LOS DIARIOS ESTAN CAROS, ,NO,"",0,,,0,0,NA,"",0,"",0,NA,NA,NA,NA,NA,NA,NO,NO,NA,"",0,"",0,"",0,NA,NO,PORQUE LOS LIBROS ESTAN CAROS, ,NO,"",0,"",0,"", ,"",0,"",0,NA,NA,"","","","","",NA,NA,NA,NA,NA,NA,NA,NA,NA,NA,NA,NA,NA,NA,NA,NA,SI,"",NA,5,0,5,0,"SOLO CANALES DE AIRE ""ANALOGICOS""",NA,NA,NA,NUNCA,NUNCA,NUNCA,TODOS O CASI TODOS LOS DIAS,NUNCA,HABITUALMENTE,NUNCA,1,NINGUNO,NINGUNO,SI,"", ,NA,NUNCA,NUNCA,ALGUNOS DIAS POR SEMANA,NUNCA,NUNCA,ALGUNOS DIAS POR SEMANA,ALGUNOS DIAS POR SEMANA,TODOS O CASI TODOS LOS DIAS,ALGUNA VEZ AL AO,NUNCA,NUNCA,NUNCA,NUNCA,0,0,0,NO,PORQUE NO TENGO NINGUNO CERCA, ,NO,NA,"",0,"",0,NA, ,NA,NA,NA,NA,NA,NA,NA,NA,NA,NA,NA,NO,NA,"",0,"",0,"",0,NO,PORQUE NO APRENDI A USAR INTERNET, ,NO,NO,NA,NA,"",NA,"",0,NA,NA,NA,NA,,"",0,NO USA,NA,NA,NA,NA,NA,NA,NA,NA,NA,NA,NA,NA,NA,NA,NA,NA,NA,NA,NA,NA,NA,NA, ,NA,NA,NA,NA,NA,NA,NA,,,0,0,NA,NA,"","","","","","","","","","","",NINGUNA,NINGUNA,NO,NINGUNO,NA,NA,"",0,0,NO,NA,,,0,0,NA,NA,NA,NA,"",0,NO,SI,SI,NO,NO,NO,NO,NO,NO,NO,SI,NO,SI,NO,NO,NO,NO,NO,NO,NO,NO,NO,NO,NO,NO,"",0,NO,"",0,NA,NA,NA,NA,NA,NA,"","",0,HACE MAS DE 5 AOS,"",NO FUE NUNCA,"",NO FUE NUNCA,"",HACE MAS DE 5 AOS,"",VARIAS VECES EN EL ULTIMO AO,0,HACE MAS DE 5 AOS,"",HACE MAS DE 5 AOS,"",HACE MAS DE 5 AOS,"",HACE MAS DE 5 AOS,"",HACE MAS DE 5 AOS,"",NO FUE NUNCA,"",NO FUE NUNCA,"",HACE MAS DE 5 AOS,"",HACE MAS DE 5 AOS,"",NO FUE NUNCA,"",NO FUE NUNCA,"",NO FUE NUNCA,"",HACE MAS DE 5 AOS,"",HACE MAS DE 5 AOS,"",HACE MAS DE 5 AOS,"",2,0,2,2,SECUNDARIA COMPLETA,LA PERSONA QUE FUE ENTREVISTADA,"",ES JUBILADO/PENSIONADO, ,"",EMPLEADO EN UN LOCAL,"OFICIO MENOR, OBRERO NO CALIFICADO/ SERVICIO DOMESTICO",SI,NO,NO,NO,NO,SI,PROPIA,SI,NO,SI,NO,NO,BARRIO DE VIVIENDA SOCIAL,BARRIO DE VIVIENDA SOCIAL,CASA,48,D1,0,0,0,0,0,0,0,0,0,300,300,5,0,0,0,0,0,0,0,0,0
171,171,7414,2017-05-22T00:00:00,NEA,Varn,15,"EL ARTE, LO CULTO", ,NO,PORQUE NO LE GUSTA LA RADIO, ,NO,NA,NA,NA,,,0,0,NA,NA,NA,NA,NA,NA,NA,NA,NA,NA,NA,NA, ,NS/NC,NO,PORQUE NO LE INTERESA, ,SI,NA,,,0,0,NA,NA,NA,NA,NA,NA,NA,NA,NA,NA,NA,NA,NA,NA,NA,NA,NA,NA,NA,NA,NA,NA,NA,"",NA,NA,NA,NA,NA,NA,NA,NA,NA,NA, ,"",NS/NC,NS/NC,NS/NC,NO,PORQUE LAS ENTRADAS ESTAN CARAS, ,NO,NA,"",0,"",0,"",0,NO,0,NO,NO,PORQUE NO LE GUSTA LEER DIARIOS, ,NO,"",0,,,0,0,NA,"",0,"",0,NA,NA,NA,NA,NA,NA,NO,NO,NA,"",0,"",0,"",0,NA,SI,"", ,NA,NS/NC,NS/NC,NS/NC,NS/NC,POR ESTUDIO, ,NS/NC,NS/NC,NS/NC,NS/NC,ALGUNOS DIAS POR SEMANA,"NO LEYO LIBROS EN PANTALLA, SOLO EN PAPEL","","","","","",CASI NUNCA,NUNCA,NUNCA,NUNCA,HABITUALMENTE,NUNCA,NUNCA,NUNCA,NUNCA,NUNCA,NUNCA,NUNCA,NUNCA,NUNCA,NUNCA,NUNCA,SI,"",NA,3,0,3,0,NS/NC,NA,NS/NC,NS/NC,ALGUNA VEZ AL AO,NS/NC,NS/NC,TODOS O CASI TODOS LOS DIAS,NUNCA,NUNCA,NUNCA,2,NS/NC,NS/NC,SI,"", ,NA,ALGUNOS DIAS POR SEMANA,ALGUNOS DIAS POR SEMANA,NUNCA,ALGUNOS DIAS POR SEMANA,ALGUNOS DIAS POR SEMANA,ALGUNOS DIAS POR SEMANA,ALGUNOS DIAS POR SEMANA,NS/NC,NS/NC,NUNCA,NUNCA,TODOS O CASI TODOS LOS DIAS,ALGUNOS DIAS POR SEMANA,NS/NC,NS/NC,NS/NC,NO,PORQUE NO LE INTERESA, ,NO,NA,"",0,"",0,NA, ,NA,NA,NA,NA,NA,NA,NA,NA,NA,NA,NA,NO,NA,"",0,"",0,"",0,SI,"", ,NA,NA,SI,NA,"",NS/NC,NS/NC,NS/NC,TODOS O CASI TODOS LOS DAS,NUNCA,NUNCA,NUNCA,4,NO USA,4,NO USA,NUNCA,NUNCA,ALGUNOS DIAS POR SEMANA,NUNCA,TODOS O CASI TODOS LOS DAS,NUNCA,NUNCA,NUNCA,NUNCA,NUNCA,SI,NO,SI,NO,NO,TODOS O CASI TODOS LOS DAS,NA,TODOS O CASI TODOS LOS DAS,NA,NA,NO,NA, ,NUNCA,TODOS O CASI TODOS LOS DAS,TODOS O CASI TODOS LOS DAS,NUNCA,NUNCA,TODOS O CASI TODOS LOS DAS,NUNCA,2,0,2,0,NS/NC,NA,"","","","","","","","","","","",1,NINGUNA,SI,NINGUNO,NA,NA,"",0,NS/NC,SI,ALGUNOS DIAS POR SEMANA,2,0,2,0,ALGUNOS DIAS POR SEMANA,NUNCA,NUNCA,NUNCA,NS/NC,NS/NC,NO,NO,NO,NO,NO,NO,NO,NO,NO,NA,NA,NA,NA,NA,NA,NA,NA,NA,NA,NO,NO,NO,NO,NO,NO,"",0,NO,"",0,NA,NA,NA,NA,NA,NA,"","",0,ENTRE 1 Y 5 AOS,"",NO FUE NUNCA,"",NO FUE NUNCA,"",NO FUE NUNCA,"",NO FUE NUNCA,"",NO FUE NUNCA,"",NO FUE NUNCA,"",NO FUE NUNCA,"",NO FUE NUNCA,"",ENTRE 1 Y 5 AOS,"",NO FUE NUNCA,"",NO FUE NUNCA,"",NO FUE NUNCA,"",NO FUE NUNCA,"",NO FUE NUNCA,"",NO FUE NUNCA,"",NO FUE NUNCA,"",ENTRE 1 Y 5 AOS,"",ENTRE 1 Y 5 AOS,"",ENTRE 1 Y 5 AOS,"",4,0,1,3,SECUNDARIA INCOMPLETA,OTRO MIEMBRO DEL HOGAR,SECUNDARIA COMPLETA,TRABAJA,TRABAJA EN UNA DISTRIBUIDORA,"OFICIO MENOR, OBRERO NO CALIFICADO/ SERVICIO DOMESTICO", ,"",SI,SI,SI,NO,SI,SI,PROPIA,SI,NO,NO,NO,NO,BARRIO CENTRICO CON PREDOMINIO DE EDIFICIOS DE DEPARTAMENTO,BARRIO CENTRICO CON PREDOMINIO DE EDIFICIOS DE DEPARTAMENTO,CASA,60,C3,0,0,0,0,0,0,0,0,0,180,180,3,240,240,4,120,120,2,120,120,2
172,172,7411,2017-05-22T00:00:00,NEA,Varn,23,"HABITOS, COSTUMBRES, COMPORTAMIENTOS", ,NO,POR FALTA DE TIEMPO, ,NO,NA,NA,NA,,,0,0,NA,NA,NA,NA,NA,NA,NA,NA,NA,NA,NA,NA, ,1,SI,"", ,NA,ALGUNOS DIAS POR SEMANA,1,0,1,0,NUNCA,NUNCA,ALGUNOS DIAS POR SEMANA,ALGUNOS DIAS POR SEMANA,NUNCA,NUNCA,NUNCA,NUNCA,NUNCA,CASI NUNCA,CASI NUNCA,HABITUALMENTE,CASI NUNCA,CASI NUNCA,CASI NUNCA,DE VEZ EN CUANDO,CASI NUNCA,CASI NUNCA,CASI NUNCA,HABITUALMENTE,NUNCA,NUNCA,NUNCA,8 canciones,SI,ALGUNOS DIAS POR SEMANA,ALGUNOS DIAS POR SEMANA,SPOTIFY,ARES,NA,NA,NA,NA,NA, ,NS/NC,NS/NC,NS/NC,NS/NC,NO,POR FALTA DE TIEMPO, ,NO,NA,"",0,"",0,"",0,SI,1,NO,NO,PORQUE NO LE GUSTA LEER DIARIOS, ,NO,"",0,,,0,0,NA,"",0,"",0,NA,NA,NA,NA,NA,NA,NO,NO,NA,"",0,"",0,"",0,NA,SI,"", ,NA,NS/NC,NS/NC,NS/NC,NS/NC,NS/NC, ,NS/NC,NS/NC,NS/NC,NS/NC,ALGUNOS DIAS POR SEMANA,NS/NC,COMPUTADORA,"","","",NO,NUNCA,NUNCA,NUNCA,DE VEZ EN CUANDO,DE VEZ EN CUANDO,DE VEZ EN CUANDO,NUNCA,NUNCA,NUNCA,NUNCA,NUNCA,NUNCA,NUNCA,NUNCA,NUNCA,NUNCA,SI,"",NA,1,30,1,30,TELEVISION POR CABLE,NA,NS/NC,UNA HORA O MENOS AL DIA,ALGUNA VEZ CADA 3 MESES,NUNCA,NUNCA,ALGUNOS DIAS POR SEMANA,DE VEZ EN CUANDO,DE VEZ EN CUANDO,DE VEZ EN CUANDO,3,NS/NC,NS/NC,SI,"", ,NA,NUNCA,ALGUNOS DIAS POR SEMANA,ALGUNA VEZ CADA 3 MESES,ALGUNOS DIAS POR SEMANA,ALGUNOS DIAS POR SEMANA,ALGUNOS DIAS POR SEMANA,ALGUNOS DIAS POR SEMANA,NS/NC,ALGUNOS DIAS POR SEMANA,NUNCA,NUNCA,ALGUNOS DIAS POR SEMANA,ALGUNOS DIAS POR SEMANA,NS/NC,NS/NC,NS/NC,NO,POR FALTA DE TIEMPO, ,NO,NA,"",0,"",0,NA, ,NA,NA,NA,NA,NA,NA,NA,NA,NA,NA,NA,NO,NA,"",0,"",0,"",0,SI,"", ,NA,NA,SI,NA,"",INCLUYE TELFONO Y CABLE,NS/NC,NS/NC,TODOS O CASI TODOS LOS DAS,TODOS O CASI TODOS LOS DAS,NUNCA,NUNCA,2,30,2,30,TODOS O CASI TODOS LOS DAS,ALGUNA VEZ AL AO O MENOS,TODOS O CASI TODOS LOS DAS,NUNCA,ALGUNOS DIAS POR SEMANA,NUNCA,NUNCA,NUNCA,NUNCA,ALGUNOS DIAS POR SEMANA,SI,SI,SI,NO,SI,TODOS O CASI TODOS LOS DAS,TODOS O CASI TODOS LOS DAS,TODOS O CASI TODOS LOS DAS,NA,ALGUNOS DIAS POR SEMANA,NO,NA, ,ALGUNA VEZ CADA 3 MESES,ALGUNOS DIAS POR SEMANA,ALGUNOS DIAS POR SEMANA,ALGUNA VEZ AL AO O MENOS,NUNCA,TODOS O CASI TODOS LOS DAS,NUNCA,2,0,2,0,NS/NC,NA,"","","","","","","","","","","",2,NINGUNA,SI,1,SI,NO,NS/NC,NS/NC,NS/NC,NO,NA,,,0,0,NA,NA,NA,NA,"",0,NO,NO,NO,SI,NO,NO,NO,NO,NO,NO,NO,NO,NO,NO,NO,NO,NO,NO,NO,SI,NO,NO,NO,NO,NO,"",0,NO,"",0,NA,NA,NA,NA,NA,NA,"","",0,HACE MAS DE 5 AOS,"",NO FUE NUNCA,"",ENTRE 1 Y 5 AOS,"",1 VEZ EN EL ULTIMO AO,0,ENTRE 1 Y 5 AOS,"",ENTRE 1 Y 5 AOS,"",NO FUE NUNCA,"",ENTRE 1 Y 5 AOS,"",HACE MAS DE 5 AOS,"",HACE MAS DE 5 AOS,"",NO FUE NUNCA,"",NO FUE NUNCA,"",NO FUE NUNCA,"",NO FUE NUNCA,"",NO FUE NUNCA,"",NO FUE NUNCA,"",NO FUE NUNCA,"",ENTRE 1 Y 5 AOS,"",ENTRE 1 Y 5 AOS,"",ENTRE 1 Y 5 AOS,"",5,1,0,3,UNIVERSITARIO INCOMPLETO,OTRO MIEMBRO DEL HOGAR,UNIVERSITARIO COMPLETO,TRABAJA,TRABAJA EN UN ESTUDIO,EJECUTIVO MEDIO DE EMPRESA/ PROFESIONAL INDEPENDIENTE/ FUNCI, ,"",SI,SI,SI,NO,SI,SI,PROPIA,NO,NO,NO,NO,NO,BARRIO CENTRICO CON PREDOMINIO DE EDIFICIOS DE DEPARTAMENTO,BARRIO CENTRICO CON PREDOMINIO DE EDIFICIOS DE DEPARTAMENTO,CASA,89,C1,0,0,0,60,60,1,0,0,0,60,90,1.5,120,150,2.5,120,120,2,0,0,0
173,173,6539,2017-05-22T00:00:00,NEA,Varn,35,LA IDENTIDAD, ,SI,"", ,NA,SI,TODOS O CASI TODOS LOS DIAS,FM,2,30,2,30,NUNCA,TODOS O CASI TODOS LOS DIAS,NUNCA,ALGUNOS DIAS POR SEMANA,NUNCA,INFORMATIVOS / NOTICIEROS,MUSICALES,DEPORTIVOS,ACTUALIDAD / MAGAZINE,NA,NA,NA, ,2,SI,"", ,NA,TODOS O CASI TODOS LOS DIAS,2,0,2,0,NUNCA,TODOS O CASI TODOS LOS DIAS,NUNCA,TODOS O CASI TODOS LOS DIAS,NUNCA,NUNCA,NUNCA,NUNCA,NUNCA,DE VEZ EN CUANDO,DE VEZ EN CUANDO,DE VEZ EN CUANDO,NUNCA,NUNCA,DE VEZ EN CUANDO,DE VEZ EN CUANDO,CASI NUNCA,CASI NUNCA,CASI NUNCA,CASI NUNCA,NUNCA,CASI NUNCA,CASI NUNCA,4 canciones,SI,NS/NC,ALGUNAS VECES AL MES,NS/NC,NA,NA,NA,NA,NA,NA, ,NS/NC,NS/NC,NS/NC,1,NO,PORQUE LAS ENTRADAS ESTAN CARAS, ,NO,NA,"",0,"",0,"",0,SI,1,NO,SI,"", ,NA,2,2,1,0,1,0,ALGUNAS VECES AL MES,0,0,0,0,ALGUNOS DIAS POR SEMANA,CELULAR,ALGUNAS VECES AL MES,NUNCA,ALGUNOS DIAS POR SEMANA,AMBAS POR IGUAL,SI,NA,ALGUNAS VECES AL MES,0,0,0,0,0,0,ALGUNAS VECES AL MES,NO,PORQUE NO LE INTERESA, ,NO,"",0,"",0,"", ,"",0,"",0,NA,NA,"","","","","",NA,NA,NA,NA,NA,NA,NA,NA,NA,NA,NA,NA,NA,NA,NA,NA,SI,"",NA,3,30,3,30,TELEVISION POR CABLE,NA,ALGUNAS VECES POR SEMANA,VARIAS HORAS AL DIA,NUNCA,NUNCA,NUNCA,TODOS O CASI TODOS LOS DIAS,NUNCA,NUNCA,NUNCA,2,NS/NC,NS/NC,SI,"", ,NA,NUNCA,ALGUNA VEZ AL AO,NUNCA,ALGUNA VEZ CADA 3 MESES,ALGUNA VEZ CADA 3 MESES,ALGUNOS DIAS POR SEMANA,NUNCA,NS/NC,ALGUNOS DIAS POR SEMANA,NUNCA,NUNCA,NUNCA,ALGUNA VEZ AL AO,NS/NC,NS/NC,NS/NC,SI,"", ,NA,ALGUNA VEZ AL AO O MENOS,2,2,NS/NC,NS/NC,VIO O ESCUCHO EN UNA PUBLICIDAD, ,DE VEZ EN CUANDO,CASI NUNCA,DE VEZ EN CUANDO,CASI NUNCA,CASI NUNCA,CASI NUNCA,CASI NUNCA,CASI NUNCA,CASI NUNCA,CASI NUNCA,CASI NUNCA,NO,NA,"",0,"",0,"",0,SI,"", ,NA,NA,SI,NA,"",INCLUYE TELFONO,NS/NC,NS/NC,NS/NC,TODOS O CASI TODOS LOS DAS,NUNCA,NUNCA,3,10,3,10,ALGUNOS DIAS POR SEMANA,ALGUNOS DIAS POR SEMANA,NUNCA,ALGUNOS DIAS POR SEMANA,ALGUNA VEZ CADA 3 MESES,NUNCA,NUNCA,NUNCA,NUNCA,ALGUNOS DIAS POR SEMANA,SI,NO,NO,NO,NO,ALGUNOS DIAS POR SEMANA,NA,NA,NA,NA,NO,NA, ,NUNCA,NUNCA,NUNCA,NUNCA,NUNCA,TODOS O CASI TODOS LOS DAS,NUNCA,2,0,2,0,"OBSERVA LOS CONTENIDOS, SIN HACER COMENTARIOS",NA,"","","","","","","","","","","",1,NINGUNA,SI,1,SI,NO,NS/NC,NS/NC,NS/NC,NO,NA,,,0,0,NA,NA,NA,NA,"",0,NO,NO,NO,NO,NO,NO,NO,NO,NO,NA,NA,NA,NA,NA,NA,NA,NA,NA,NA,SI,NO,NO,NO,NO,NO,"",0,NO,"",0,NA,NA,NA,NA,NA,NA,"","",0,NO FUE NUNCA,"",NO FUE NUNCA,"",NO FUE NUNCA,"",NO FUE NUNCA,"",NO FUE NUNCA,"",NO FUE NUNCA,"",NO FUE NUNCA,"",NO FUE NUNCA,"",NO FUE NUNCA,"",ENTRE 1 Y 5 AOS,"",NO FUE NUNCA,"",NO FUE NUNCA,"",NO FUE NUNCA,"",NO FUE NUNCA,"",NO FUE NUNCA,"",NO FUE NUNCA,"",NO FUE NUNCA,"",NO FUE NUNCA,"",NO FUE NUNCA,"",NO FUE NUNCA,"",3,0,0,2,UNIVERSITARIO INCOMPLETO,LA PERSONA QUE FUE ENTREVISTADA,"",TRABAJA,TIENE UN NEGOCIO COMERCIANTE,TECNICO ESPECIALIZADO. COMERCIANTE. SUPERVISOR / JEFE / CAP, ,"",SI,SI,SI,NO,SI,SI,PROPIA,NO,NO,NO,NO,NO,BARRIO CENTRICO CON PREDOMINIO DE EDIFICIOS DE DEPARTAMENTO,BARRIO CENTRICO CON PREDOMINIO DE EDIFICIOS DE DEPARTAMENTO,CASA,78,C2,120,150,2.5,120,120,2,60,60,1,180,210,3.5,180,190,3.166666667,120,120,2,0,0,0
174,174,2326,2017-05-22T00:00:00,NEA,Varn,50,"HABITOS, COSTUMBRES, COMPORTAMIENTOS", ,NO,PORQUE NO LE INTERESA, ,NO,NA,NA,NA,,,0,0,NA,NA,NA,NA,NA,NA,NA,NA,NA,NA,NA,NA, ,1,SI,"", ,NA,ALGUNOS DIAS POR SEMANA,1,0,1,0,NUNCA,NUNCA,NUNCA,ALGUNOS DIAS POR SEMANA,NUNCA,NUNCA,NUNCA,NUNCA,NUNCA,DE VEZ EN CUANDO,DE VEZ EN CUANDO,DE VEZ EN CUANDO,NUNCA,NUNCA,NUNCA,NUNCA,NUNCA,NUNCA,NUNCA,NUNCA,NUNCA,NUNCA,NUNCA,NS/NC,SI,ALGUNAS VECES AL MES,ALGUNAS VECES AL MES,GOOGLE PLAY,NA,NA,NA,NA,NA,NA, ,NS/NC,NS/NC,NS/NC,NS/NC,NO,POR FALTA DE TIEMPO, ,NO,NA,"",0,"",0,"",0,NO,0,NO,NO,PORQUE NO LE GUSTA LEER DIARIOS, ,NO,"",0,,,0,0,NA,"",0,"",0,NA,NA,NA,NA,NA,NA,NO,NO,NA,"",0,"",0,"",0,NA,NO,PORQUE NO LE INTERESA, ,NO,"",0,"",0,"", ,"",0,"",0,NA,NA,"","","","","",NA,NA,NA,NA,NA,NA,NA,NA,NA,NA,NA,NA,NA,NA,NA,NA,SI,"",NA,2,0,2,0,TELEVISION POR CABLE,NA,NS/NC,UNA HORA O MENOS AL DIA,NUNCA,NUNCA,NUNCA,TODOS O CASI TODOS LOS DIAS,NUNCA,DE VEZ EN CUANDO,NUNCA,1,NS/NC,NS/NC,SI,"", ,NA,NUNCA,NUNCA,ALGUNOS DIAS POR SEMANA,ALGUNOS DIAS POR SEMANA,ALGUNOS DIAS POR SEMANA,ALGUNOS DIAS POR SEMANA,ALGUNOS DIAS POR SEMANA,ALGUNOS DIAS POR SEMANA,TODOS O CASI TODOS LOS DIAS,NUNCA,NUNCA,NUNCA,NUNCA,NS/NC,NS/NC,NS/NC,NO,POR FALTA DE TIEMPO, ,NO,NA,"",0,"",0,NA, ,NA,NA,NA,NA,NA,NA,NA,NA,NA,NA,NA,NO,NA,"",0,"",0,"",0,SI,"", ,NA,NA,NO,SI,200,NA,"",0,NUNCA,TODOS O CASI TODOS LOS DAS,NUNCA,NUNCA,2,NO USA,2,NO USA,ALGUNOS DIAS POR SEMANA,NUNCA,NUNCA,NUNCA,NUNCA,NUNCA,NUNCA,NUNCA,NUNCA,NUNCA,SI,NO,NO,NO,NO,ALGUNOS DIAS POR SEMANA,NA,NA,NA,NA,NO,NA, ,NUNCA,NUNCA,NUNCA,NUNCA,NUNCA,ALGUNA VEZ CADA 3 MESES,ALGUNA VEZ CADA 3 MESES,2,0,2,0,"OBSERVA LOS CONTENIDOS, SIN HACER COMENTARIOS",NA,"","","","","","","","","","","",NINGUNA,NINGUNA,NO,1,SI,SI,250,250,NS/NC,NO,NA,,,0,0,NA,NA,NA,NA,"",0,NO,NO,NO,NO,NO,NO,NO,NO,NO,NA,NA,NA,NA,NA,NA,NA,NA,NA,NA,SI,NO,NO,NO,NO,NO,"",0,NO,"",0,NA,NA,NA,NA,NA,NA,"","",0,NO FUE NUNCA,"",NO FUE NUNCA,"",NO FUE NUNCA,"",NO FUE NUNCA,"",VARIAS VECES EN EL ULTIMO AO,0,HACE MAS DE 5 AOS,"",NO FUE NUNCA,"",NO FUE NUNCA,"",NO FUE NUNCA,"",HACE MAS DE 5 AOS,"",NO FUE NUNCA,"",NO FUE NUNCA,"",NO FUE NUNCA,"",NO FUE NUNCA,"",NO FUE NUNCA,"",NO FUE NUNCA,"",NO FUE NUNCA,"",NO FUE NUNCA,"",HACE MAS DE 5 AOS,"",HACE MAS DE 5 AOS,"",1,,,1,SECUNDARIA COMPLETA,LA PERSONA QUE FUE ENTREVISTADA,"",TRABAJA,EMPLEADO,TRABAJADOR/OBRERO CALIFICADO. EMPLEADO ADMINISTRATIVO MEDIO, ,"",NO,NO,NO,NO,NO,SI,ALQUILADA,NO,NO,NO,NO,NO,BARRIO CENTRICO CON PREDOMINIO DE EDIFICIOS DE DEPARTAMENTO,BARRIO CENTRICO CON PREDOMINIO DE EDIFICIOS DE DEPARTAMENTO,DEPARTAMENTO,46,D1,0,0,0,60,60,1,0,0,0,120,120,2,120,120,2,120,120,2,0,0,0
175,175,5332,2017-05-22T00:00:00,NEA,Varn,73,"LA FORMA DE PENSAR, IDEOLOGIA, VALORES", ,SI,"", ,NA,NO,TODOS O CASI TODOS LOS DIAS,AM,2,0,2,0,TODOS O CASI TODOS LOS DIAS,NUNCA,NUNCA,NUNCA,NUNCA,INFORMATIVOS / NOTICIEROS,MUSICALES,DEPORTIVOS,NA,NA,NA,NA, ,2,SI,"", ,NA,TODOS O CASI TODOS LOS DIAS,1,0,1,0,NUNCA,NUNCA,NUNCA,NUNCA,NUNCA,NUNCA,TODOS O CASI TODOS LOS DIAS,NUNCA,NUNCA,HABITUALMENTE,CASI NUNCA,CASI NUNCA,CASI NUNCA,CASI NUNCA,CASI NUNCA,NUNCA,NUNCA,HABITUALMENTE,NUNCA,NUNCA,NUNCA,HABITUALMENTE,NUNCA,NS/NC,NO,NA,NA,NA,NA,NA,NA,NA,NA,NA, ,"",NS/NC,NS/NC,NS/NC,NO,PORQUE NO LE GUSTA IR A RECITALES, ,NO,NA,"",0,"",0,"",0,NO,0,NO,SI,"", ,NA,1,1,1,0,1,0,TODOS O CASI TODOS LOS DIAS,5,5,50,50,"NO LEYO DIARIOS EN PANTALLA, SOLO EN PAPEL",NA,TODOS O CASI TODOS LOS DIAS,NS/NC,NUNCA,PRINCIPALMENTE LEE EN PAPEL O POR INTERNET SU DIARIO O DIARIOS PREFERIDOS,NO,NO,NA,"",0,"",0,"",0,NA,NO,NS/NC, ,NO,"",0,"",0,"", ,"",0,"",0,NA,NA,"","","","","",NA,NA,NA,NA,NA,NA,NA,NA,NA,NA,NA,NA,NA,NA,NA,NA,SI,"",NA,1,30,1,30,TELEVISION POR CABLE,NA,UNA HORA O MENOS AL DIA,UNA HORA O MENOS AL DIA,NUNCA,NUNCA,NUNCA,TODOS O CASI TODOS LOS DIAS,NUNCA,NUNCA,NUNCA,2,NS/NC,NS/NC,SI,"", ,NA,NUNCA,NUNCA,ALGUNOS DIAS POR SEMANA,NUNCA,NUNCA,ALGUNOS DIAS POR SEMANA,NUNCA,ALGUNAS VECES AL MES,ALGUNOS DIAS POR SEMANA,NUNCA,NUNCA,NUNCA,NUNCA,NS/NC,NS/NC,NS/NC,NO,POR PROBLEMAS DE SALUD (MOVILIDAD), ,SI,NA,"",0,"",0,NA, ,NA,NA,NA,NA,NA,NA,NA,NA,NA,NA,NA,NO,NA,"",0,"",0,"",0,NO,PORQUE NO LE INTERESA, ,NO,NO,NA,NA,"",NA,"",0,NA,NA,NA,NA,,"",0,NO USA,NA,NA,NA,NA,NA,NA,NA,NA,NA,NA,NA,NA,NA,NA,NA,NA,NA,NA,NA,NA,NA,NA, ,NA,NA,NA,NA,NA,NA,NA,,,0,0,NA,NA,"","","","","","","","","","","",1,NINGUNA,SI,NINGUNO,NA,NA,"",0,NS/NC,NO,NA,,,0,0,NA,NA,NA,NA,"",0,NO,SI,NO,NO,NO,NO,NO,SI,NO,NO,NO,NO,NO,NO,NO,NO,NO,NO,NO,NO,NO,NO,NO,NO,NO,"",0,NO,"",0,NA,NA,NA,NA,NA,NA,"","",0,HACE MAS DE 5 AOS,"",NO FUE NUNCA,"",HACE MAS DE 5 AOS,"",HACE MAS DE 5 AOS,"",1 VEZ EN EL ULTIMO AO,NS/NC,NO FUE NUNCA,"",NO FUE NUNCA,"",NO FUE NUNCA,"",NO FUE NUNCA,"",NO FUE NUNCA,"",NO FUE NUNCA,"",NO FUE NUNCA,"",NO FUE NUNCA,"",NO FUE NUNCA,"",NO FUE NUNCA,"",NO FUE NUNCA,"",NO FUE NUNCA,"",NO FUE NUNCA,"",NO FUE NUNCA,"",NO FUE NUNCA,"",2,0,1,2,TERCIARIO INCOMPLETO,LA PERSONA QUE FUE ENTREVISTADA,"",ES JUBILADO/PENSIONADO, ,"",OBRERO,"OFICIO MENOR, OBRERO NO CALIFICADO/ SERVICIO DOMESTICO",SI,SI,NO,NO,NO,SI,PROPIA,SI,NO,SI,NO,NO,BARRIO CENTRICO CON PREDOMINIO DE EDIFICIOS DE DEPARTAMENTO,BARRIO CENTRICO CON PREDOMINIO DE EDIFICIOS DE DEPARTAMENTO,CASA,58,C3,120,120,2,60,60,1,60,60,1,60,90,1.5,0,0,0,0,0,0,0,0,0
176,176,5894,2017-05-22T00:00:00,NEA,Mujer,19,"INFORMACION, ESTUDIAR, CONOCER", ,NO,POR FALTA DE TIEMPO, ,NO,NA,NA,NA,,,0,0,NA,NA,NA,NA,NA,NA,NA,NA,NA,NA,NA,NA, ,NS/NC,SI,"", ,NA,TODOS O CASI TODOS LOS DIAS,2,0,2,0,NUNCA,NUNCA,TODOS O CASI TODOS LOS DIAS,TODOS O CASI TODOS LOS DIAS,NUNCA,NUNCA,NUNCA,NUNCA,NUNCA,NUNCA,NUNCA,CASI NUNCA,NUNCA,NUNCA,DE VEZ EN CUANDO,HABITUALMENTE,DE VEZ EN CUANDO,HABITUALMENTE,DE VEZ EN CUANDO,NUNCA,DE VEZ EN CUANDO,NUNCA,DE VEZ EN CUANDO,3 canciones,SI,TODOS O CASI TODOS LOS DIAS,TODOS O CASI TODOS LOS DIAS,SPOTIFY,GOOGLE PLAY,YOUTUBE,TORRENT,NA,NA,NA, ,NS/NC,NS/NC,NS/NC,NS/NC,SI,"", ,NA,ALGUNA VEZ AL AO O MENOS,1,1,1,1,1200,1200,NO,0,NO,NO,PORQUE NO LE GUSTA LEER DIARIOS, ,NO,"",0,,,0,0,NA,"",0,"",0,NA,NA,NA,NA,NA,NA,NO,NO,NA,"",0,"",0,"",0,NA,SI,"", ,NA,NS/NC,NS/NC,NS/NC,NS/NC,"SE LO HABIA RECOMENDADO UN PROFESOR, REFERENTE POLITICO, RELIGIOSO O ESPIRITUAL", ,NS/NC,NS/NC,NS/NC,NS/NC,ALGUNOS DIAS POR SEMANA,ALGUNA VEZ AL AO,COMPUTADORA,"","","",NO,CASI NUNCA,CASI NUNCA,CASI NUNCA,CASI NUNCA,CASI NUNCA,DE VEZ EN CUANDO,CASI NUNCA,DE VEZ EN CUANDO,CASI NUNCA,CASI NUNCA,CASI NUNCA,CASI NUNCA,CASI NUNCA,CASI NUNCA,CASI NUNCA,CASI NUNCA,SI,"",NA,1,30,1,30,TELEVISION POR CABLE,NA,NO MIRA,UNA HORA O MENOS AL DIA,ALGUNA VEZ AL AO,ALGUNA VEZ AL AO,NUNCA,TODOS O CASI TODOS LOS DIAS,DE VEZ EN CUANDO,DE VEZ EN CUANDO,DE VEZ EN CUANDO,3,1,1,SI,"", ,NA,ALGUNA VEZ AL AO,ALGUNOS DIAS POR SEMANA,ALGUNA VEZ AL AO,ALGUNA VEZ AL AO,ALGUNOS DIAS POR SEMANA,TODOS O CASI TODOS LOS DIAS,TODOS O CASI TODOS LOS DIAS,NS/NC,TODOS O CASI TODOS LOS DIAS,ALGUNOS DIAS POR SEMANA,NS/NC,TODOS O CASI TODOS LOS DIAS,TODOS O CASI TODOS LOS DIAS,180,NS/NC,NS/NC,SI,"", ,NA,ALGUNA VEZ CADA 3 MESES,3,3,NS/NC,NS/NC,POR COMENTARIOS EN REDES SOCIALES, ,CASI NUNCA,CASI NUNCA,HABITUALMENTE,HABITUALMENTE,HABITUALMENTE,HABITUALMENTE,HABITUALMENTE,HABITUALMENTE,CASI NUNCA,DE VEZ EN CUANDO,CASI NUNCA,NO,NA,"",0,"",0,"",0,SI,"", ,NA,NA,SI,NA,"",NS/NC,NS/NC,NS/NC,TODOS O CASI TODOS LOS DAS,TODOS O CASI TODOS LOS DAS,NUNCA,ALGUNOS DIAS POR SEMANA,4,NO USA,4,NO USA,TODOS O CASI TODOS LOS DAS,ALGUNA VEZ AL AO O MENOS,TODOS O CASI TODOS LOS DAS,NUNCA,TODOS O CASI TODOS LOS DAS,NUNCA,NUNCA,ALGUNOS DIAS POR SEMANA,NUNCA,NUNCA,SI,SI,SI,SI,NO,TODOS O CASI TODOS LOS DAS,TODOS O CASI TODOS LOS DAS,TODOS O CASI TODOS LOS DAS,TODOS O CASI TODOS LOS DAS,NA,NO,NA, ,ALGUNA VEZ AL AO O MENOS,ALGUNOS DIAS POR SEMANA,ALGUNOS DIAS POR SEMANA,ALGUNOS DIAS POR SEMANA,NUNCA,TODOS O CASI TODOS LOS DAS,ALGUNA VEZ AL AO O MENOS,2,30,2,30,"COMENTA, COMPARTE, PARTICIPA Y/U OPINA FRENTE A CONTENIDOS",NA,"","","","","","","","","","","",2,NINGUNA,NO,1,SI,SI,NS/NC,NS/NC,NS/NC,NO,NA,,,0,0,NA,NA,NA,NA,"",0,SI,NO,NO,SI,NO,NO,NO,NO,NO,NO,NO,NO,SI,NO,NO,NO,NO,NO,NO,SI,NO,NO,NO,NO,NO,"",0,NO,"",0,NA,NA,NA,NA,NA,NA,"","",0,ENTRE 1 Y 5 AOS,"",NO FUE NUNCA,"",ENTRE 1 Y 5 AOS,"",1 VEZ EN EL ULTIMO AO,NS/NC,HACE MAS DE 5 AOS,"",HACE MAS DE 5 AOS,"",NO FUE NUNCA,"",NO FUE NUNCA,"",NO FUE NUNCA,"",HACE MAS DE 5 AOS,"",NO FUE NUNCA,"",NO FUE NUNCA,"",ENTRE 1 Y 5 AOS,"",NO FUE NUNCA,"",NO FUE NUNCA,"",NO FUE NUNCA,"",NO FUE NUNCA,"",ENTRE 1 Y 5 AOS,"",ENTRE 1 Y 5 AOS,"",ENTRE 1 Y 5 AOS,"",3,0,0,3,UNIVERSITARIO INCOMPLETO,OTRO MIEMBRO DEL HOGAR,UNIVERSITARIO COMPLETO,TRABAJA,DUEO DE UN NEGOCIO,EJECUTIVO MEDIO DE EMPRESA/ PROFESIONAL INDEPENDIENTE/ FUNCI, ,"",SI,SI,NO,SI,SI,SI,PROPIA,NO,NO,NO,NO,NO,BARRIO CENTRICO CON PREDOMINIO DE EDIFICIOS DE DEPARTAMENTO,BARRIO CENTRICO CON PREDOMINIO DE EDIFICIOS DE DEPARTAMENTO,CASA,89,C1,0,0,0,120,120,2,0,0,0,60,90,1.5,240,240,4,120,150,2.5,0,0,0
177,177,5894,2017-05-22T00:00:00,NEA,Mujer,22,LA IDENTIDAD, ,NO,PORQUE NO LE INTERESA, ,NO,NA,NA,NA,,,0,0,NA,NA,NA,NA,NA,NA,NA,NA,NA,NA,NA,NA, ,1,SI,"", ,NA,TODOS O CASI TODOS LOS DIAS,2,0,2,0,NUNCA,ALGUNA VEZ AL AO O MENOS,ALGUNOS DIAS POR SEMANA,TODOS O CASI TODOS LOS DIAS,NUNCA,NUNCA,NUNCA,NUNCA,NUNCA,CASI NUNCA,DE VEZ EN CUANDO,DE VEZ EN CUANDO,CASI NUNCA,CASI NUNCA,DE VEZ EN CUANDO,DE VEZ EN CUANDO,CASI NUNCA,DE VEZ EN CUANDO,DE VEZ EN CUANDO,CASI NUNCA,CASI NUNCA,CASI NUNCA,CASI NUNCA,NS/NC,SI,ALGUNOS DIAS POR SEMANA,ALGUNOS DIAS POR SEMANA,SPOTIFY,GOOGLE PLAY,YOUTUBE,SOUNDCLOUD,NA,NA,NA, ,NS/NC,NS/NC,NS/NC,NS/NC,NO,POR FALTA DE TIEMPO, ,NO,NA,"",0,"",0,"",0,NO,0,NO,NO,PORQUE CREE POCO EN LOS DIARIOS/LO DEPRIMEN LAS NOTICIAS, ,NO,"",0,,,0,0,NA,"",0,"",0,NA,NA,NA,NA,NA,NA,NO,NO,NA,"",0,"",0,"",0,NA,SI,"", ,NA,3,3,NS/NC,NS/NC,POR ESTUDIO, ,5,5,NS/NC,NS/NC,TODOS O CASI TODOS LOS DIAS,ALGUNOS DIAS POR SEMANA,COMPUTADORA,"","","",NO,NUNCA,DE VEZ EN CUANDO,NUNCA,NUNCA,DE VEZ EN CUANDO,DE VEZ EN CUANDO,NUNCA,DE VEZ EN CUANDO,NUNCA,NUNCA,DE VEZ EN CUANDO,NUNCA,NUNCA,DE VEZ EN CUANDO,NUNCA,NUNCA,SI,"",NA,1,0,1,0,TELEVISION POR CABLE,NA,NS/NC,UNA HORA O MENOS AL DIA,ALGUNA VEZ AL AO,ALGUNA VEZ AL AO,NUNCA,ALGUNOS DIAS POR SEMANA,CASI NUNCA,CASI NUNCA,CASI NUNCA,3,NS/NC,NS/NC,SI,"", ,NA,ALGUNA VEZ AL AO,ALGUNAS VECES AL MES,ALGUNAS VECES AL MES,ALGUNAS VECES AL MES,ALGUNAS VECES AL MES,ALGUNOS DIAS POR SEMANA,TODOS O CASI TODOS LOS DIAS,NS/NC,ALGUNOS DIAS POR SEMANA,ALGUNA VEZ CADA 3 MESES,NUNCA,ALGUNOS DIAS POR SEMANA,ALGUNOS DIAS POR SEMANA,NS/NC,NS/NC,NS/NC,NO,POR FALTA DE TIEMPO, ,NO,NA,"",0,"",0,NA, ,NA,NA,NA,NA,NA,NA,NA,NA,NA,NA,NA,NO,NA,"",0,"",0,"",0,SI,"", ,NA,NA,SI,NA,"",NS/NC,NS/NC,NS/NC,TODOS O CASI TODOS LOS DAS,TODOS O CASI TODOS LOS DAS,ALGUNA VEZ AL AO O MENOS,ALGUNA VEZ AL AO O MENOS,3,NO USA,3,NO USA,TODOS O CASI TODOS LOS DAS,ALGUNOS DIAS POR SEMANA,TODOS O CASI TODOS LOS DAS,NUNCA,ALGUNOS DIAS POR SEMANA,ALGUNOS DIAS POR SEMANA,NUNCA,NUNCA,ALGUNOS DIAS POR SEMANA,ALGUNOS DIAS POR SEMANA,SI,SI,SI,SI,SI,TODOS O CASI TODOS LOS DAS,TODOS O CASI TODOS LOS DAS,TODOS O CASI TODOS LOS DAS,TODOS O CASI TODOS LOS DAS,ALGUNOS DIAS POR SEMANA,NO,NA, ,ALGUNAS VECES AL MES,ALGUNOS DIAS POR SEMANA,ALGUNOS DIAS POR SEMANA,ALGUNA VEZ AL AO O MENOS,NUNCA,TODOS O CASI TODOS LOS DAS,NUNCA,2,30,2,30,"PUBLICA, EDITA, CREA, CONSTRUYE Y/O RECICLA CONTENIDOS",FOTOS,IMGENES,MSICA,VIDEO,BLOGS,NOTICIAS Y OPINION,PELCULAS,"","","","","",2,NINGUNA,SI,1,SI,SI,NS/NC,NS/NC,NS/NC,NO,NA,,,0,0,NA,NA,NA,NA,"",0,NO,NO,NO,NO,NO,NO,NO,NO,NO,NA,NA,NA,NA,NA,NA,NA,NA,NA,NA,SI,NO,NO,NO,NO,NO,"",0,NO,"",0,NA,NA,NA,NA,NA,NA,"","",0,HACE MAS DE 5 AOS,"",NO FUE NUNCA,"",NO FUE NUNCA,"",HACE MAS DE 5 AOS,"",HACE MAS DE 5 AOS,"",HACE MAS DE 5 AOS,"",NO FUE NUNCA,"",HACE MAS DE 5 AOS,"",HACE MAS DE 5 AOS,"",ENTRE 1 Y 5 AOS,"",HACE MAS DE 5 AOS,"",HACE MAS DE 5 AOS,"",ENTRE 1 Y 5 AOS,"",NO FUE NUNCA,"",ENTRE 1 Y 5 AOS,"",NO FUE NUNCA,"",NO FUE NUNCA,"",ENTRE 1 Y 5 AOS,"",ENTRE 1 Y 5 AOS,"",ENTRE 1 Y 5 AOS,"",4,1,0,3,UNIVERSITARIO INCOMPLETO,OTRO MIEMBRO DEL HOGAR,UNIVERSITARIO INCOMPLETO,TRABAJA,EMPLEADO,TRABAJADOR/OBRERO CALIFICADO. EMPLEADO ADMINISTRATIVO MEDIO, ,"",SI,SI,SI,NO,SI,SI,PROPIA,NO,NO,NO,NO,NO,BARRIO CENTRICO CON PREDOMINIO DE EDIFICIOS DE DEPARTAMENTO,BARRIO CENTRICO CON PREDOMINIO DE EDIFICIOS DE DEPARTAMENTO,CASA,72,C2,0,0,0,120,120,2,0,0,0,60,60,1,180,180,3,120,150,2.5,0,0,0
178,178,2289,2017-05-22T00:00:00,NEA,Mujer,40,LA IDENTIDAD, ,NO,PORQUE NO LE GUSTA LA RADIO, ,NO,NA,NA,NA,,,0,0,NA,NA,NA,NA,NA,NA,NA,NA,NA,NA,NA,NA, ,1,SI,"", ,NA,ALGUNOS DIAS POR SEMANA,0,30,0,30,NUNCA,ALGUNOS DIAS POR SEMANA,ALGUNOS DIAS POR SEMANA,ALGUNOS DIAS POR SEMANA,NUNCA,NUNCA,NUNCA,NUNCA,NUNCA,DE VEZ EN CUANDO,DE VEZ EN CUANDO,DE VEZ EN CUANDO,CASI NUNCA,CASI NUNCA,NUNCA,NUNCA,CASI NUNCA,DE VEZ EN CUANDO,NUNCA,NUNCA,NUNCA,NUNCA,NUNCA,NS/NC,SI,ALGUNOS DIAS POR SEMANA,ALGUNOS DIAS POR SEMANA,YOUTUBE,ARES,NA,NA,NA,NA,NA, ,NS/NC,NS/NC,NS/NC,NS/NC,NO,POR FALTA DE TIEMPO, ,NO,NA,"",0,"",0,"",0,NO,0,NO,NO,PORQUE NO LE GUSTA LEER DIARIOS, ,NO,"",0,,,0,0,NA,"",0,"",0,NA,NA,NA,NA,NA,NA,NO,NO,NA,"",0,"",0,"",0,NA,NO,PORQUE NO TIENE TIEMPO, ,NO,"",0,"",0,"", ,"",0,"",0,NA,NA,"","","","","",NA,NA,NA,NA,NA,NA,NA,NA,NA,NA,NA,NA,NA,NA,NA,NA,SI,"",NA,1,0,1,0,TELEVISION POR CABLE,NA,NO MIRA,UNA HORA O MENOS AL DIA,NUNCA,NUNCA,NUNCA,TODOS O CASI TODOS LOS DIAS,NUNCA,HABITUALMENTE,DE VEZ EN CUANDO,1,NS/NC,NS/NC,SI,"", ,NA,NUNCA,NUNCA,ALGUNOS DIAS POR SEMANA,NUNCA,NUNCA,ALGUNOS DIAS POR SEMANA,TODOS O CASI TODOS LOS DIAS,NUNCA,TODOS O CASI TODOS LOS DIAS,NUNCA,NUNCA,ALGUNOS DIAS POR SEMANA,NUNCA,NS/NC,NS/NC,NS/NC,NO,POR FALTA DE TIEMPO, ,NO,NA,"",0,"",0,NA, ,NA,NA,NA,NA,NA,NA,NA,NA,NA,NA,NA,NO,NA,"",0,"",0,"",0,SI,"", ,NA,NA,SI,NA,"",INCLUYE CABLE,700,700,TODOS O CASI TODOS LOS DAS,TODOS O CASI TODOS LOS DAS,NUNCA,NUNCA,2,NO USA,2,NO USA,TODOS O CASI TODOS LOS DAS,ALGUNA VEZ AL AO O MENOS,NUNCA,NUNCA,ALGUNA VEZ CADA 3 MESES,NUNCA,NUNCA,NUNCA,NUNCA,TODOS O CASI TODOS LOS DAS,SI,NO,NO,NO,NO,ALGUNOS DIAS POR SEMANA,NA,NA,NA,NA,NO,NA, ,NUNCA,ALGUNOS DIAS POR SEMANA,ALGUNOS DIAS POR SEMANA,NUNCA,NUNCA,ALGUNOS DIAS POR SEMANA,ALGUNOS DIAS POR SEMANA,1,0,1,0,"OBSERVA LOS CONTENIDOS, SIN HACER COMENTARIOS",NA,"","","","","","","","","","","",1,NINGUNA,NO,1,SI,NO,280,280,NS/NC,NO,NA,,,0,0,NA,NA,NA,NA,"",0,NO,NO,NO,NO,NO,NO,NO,NO,NO,NA,NA,NA,NA,NA,NA,NA,NA,NA,NA,SI,NO,NO,NO,NO,NO,"",0,NO,"",0,NA,NA,NA,NA,NA,NA,"","",0,HACE MAS DE 5 AOS,"",HACE MAS DE 5 AOS,"",NO FUE NUNCA,"",HACE MAS DE 5 AOS,"",HACE MAS DE 5 AOS,"",HACE MAS DE 5 AOS,"",HACE MAS DE 5 AOS,"",HACE MAS DE 5 AOS,"",HACE MAS DE 5 AOS,"",HACE MAS DE 5 AOS,"",NO FUE NUNCA,"",NO FUE NUNCA,"",HACE MAS DE 5 AOS,"",NO FUE NUNCA,"",NO FUE NUNCA,"",NO FUE NUNCA,"",NO FUE NUNCA,"",HACE MAS DE 5 AOS,"",HACE MAS DE 5 AOS,"",NO FUE NUNCA,"",1,,,1,UNIVERSITARIO INCOMPLETO,LA PERSONA QUE FUE ENTREVISTADA,"",TRABAJA,SECRETARIA FULLTIME,TRABAJADOR/OBRERO CALIFICADO. EMPLEADO ADMINISTRATIVO MEDIO, ,"",SI,SI,SI,NO,SI,SI,ALQUILADA,NO,NO,NO,NO,NO,BARRIO CENTRICO CON PREDOMINIO DE EDIFICIOS DE DEPARTAMENTO,BARRIO CENTRICO CON PREDOMINIO DE EDIFICIOS DE DEPARTAMENTO,CASA,68,C3,0,0,0,0,30,0.5,0,0,0,60,60,1,120,120,2,60,60,1,0,0,0
179,179,9156,2017-05-22T00:00:00,NEA,Mujer,47,"LA FORMA DE PENSAR, IDEOLOGIA, VALORES", ,SI,"", ,NA,NO,ALGUNOS DIAS POR SEMANA,AMBAS POR IGUAL,1,0,1,0,ALGUNOS DIAS POR SEMANA,ALGUNOS DIAS POR SEMANA,NUNCA,NUNCA,NUNCA,ACTUALIDAD / MAGAZINE,NA,NA,NA,NA,NA,NA, ,1,SI,"", ,NA,ALGUNOS DIAS POR SEMANA,0,40,0,40,NUNCA,ALGUNOS DIAS POR SEMANA,NUNCA,NUNCA,NUNCA,NUNCA,NUNCA,NUNCA,NUNCA,DE VEZ EN CUANDO,NUNCA,CASI NUNCA,NUNCA,NUNCA,NUNCA,NUNCA,NUNCA,DE VEZ EN CUANDO,NUNCA,NUNCA,NUNCA,CASI NUNCA,CASI NUNCA,NS/NC,NO,NA,NA,NA,NA,NA,NA,NA,NA,NA, ,"",NS/NC,NS/NC,NS/NC,NO,POR FALTA DE TIEMPO, ,NO,NA,"",0,"",0,"",0,NO,0,NO,NO,PORQUE LOS DIARIOS ESTAN CAROS, ,NO,"",0,,,0,0,NA,"",0,"",0,NA,NA,NA,NA,NA,NA,NO,SI,NA,"",0,"",0,"",0,NA,SI,"", ,NA,1,1,1,1,SE LO REGALARON, ,1,1,220,220,ALGUNOS DIAS POR SEMANA,"NO LEYO LIBROS EN PANTALLA, SOLO EN PAPEL","","","","","",NUNCA,DE VEZ EN CUANDO,DE VEZ EN CUANDO,NUNCA,NUNCA,NUNCA,NUNCA,NUNCA,NUNCA,NUNCA,DE VEZ EN CUANDO,NUNCA,NUNCA,DE VEZ EN CUANDO,NUNCA,NUNCA,SI,"",NA,3,0,3,0,TELEVISION POR CABLE,NA,UNA HORA O MENOS AL DIA,NO MIRA,NUNCA,NUNCA,NUNCA,TODOS O CASI TODOS LOS DIAS,NUNCA,DE VEZ EN CUANDO,NUNCA,3,1,1,NO,PORQUE NO LE INTERESA, ,NO,NA,NA,NA,NA,NA,NA,NA,NA,NA,NA,NA,NA,NA,NS/NC,NS/NC,NS/NC,NO,POR FALTA DE TIEMPO, ,NO,NA,"",0,"",0,NA, ,NA,NA,NA,NA,NA,NA,NA,NA,NA,NA,NA,NO,NA,"",0,"",0,"",0,SI,"", ,NA,NA,SI,NA,"",INCLUYE TELFONO,NS/NC,NS/NC,ALGUNA VEZ AL AO O MENOS,TODOS O CASI TODOS LOS DAS,NUNCA,NUNCA,3,NO USA,3,NO USA,ALGUNAS VECES AL MES,NUNCA,NUNCA,NUNCA,NUNCA,NUNCA,NUNCA,NUNCA,NUNCA,NUNCA,SI,NO,NO,NO,NO,ALGUNOS DIAS POR SEMANA,NA,NA,NA,NA,NO,NA, ,NUNCA,NUNCA,NUNCA,NUNCA,NUNCA,ALGUNOS DIAS POR SEMANA,NUNCA,1,0,1,0,"OBSERVA LOS CONTENIDOS, SIN HACER COMENTARIOS",NA,"","","","","","","","","","","",2,NINGUNA,SI,1,SI,NO,NS/NC,NS/NC,NS/NC,NO,NA,,,0,0,NA,NA,NA,NA,"",0,NO,NO,SI,NO,NO,NO,NO,NO,NO,NO,NO,NO,SI,NO,NO,NO,NO,NO,NO,SI,NO,NO,NO,NO,NO,"",0,NO,"",0,NA,NA,NA,NA,NA,NA,"","",0,NO FUE NUNCA,"",NO FUE NUNCA,"",NO FUE NUNCA,"",NO FUE NUNCA,"",VARIAS VECES EN EL ULTIMO AO,NS/NC,NO FUE NUNCA,"",NO FUE NUNCA,"",NO FUE NUNCA,"",NO FUE NUNCA,"",1 VEZ EN EL ULTIMO AO,NS/NC,NO FUE NUNCA,"",NO FUE NUNCA,"",NO FUE NUNCA,"",NO FUE NUNCA,"",NO FUE NUNCA,"",NO FUE NUNCA,"",NO FUE NUNCA,"",NO FUE NUNCA,"",NO FUE NUNCA,"",NO FUE NUNCA,"",4,0,0,3,TERCIARIO INCOMPLETO,OTRO MIEMBRO DEL HOGAR,UNIVERSITARIO INCOMPLETO,TRABAJA,EMPLEADO EN UNA EMPRESA,TRABAJADOR/OBRERO CALIFICADO. EMPLEADO ADMINISTRATIVO MEDIO, ,"",SI,SI,SI,NO,SI,SI,PROPIA,NO,NO,NO,NO,NO,BARRIO CENTRICO CON PREDOMINIO DE EDIFICIOS DE DEPARTAMENTO,BARRIO CENTRICO CON PREDOMINIO DE EDIFICIOS DE DEPARTAMENTO,CASA,72,C2,60,60,1,0,40,0.666666667,0,0,0,180,180,3,180,180,3,60,60,1,0,0,0
180,180,4141,2017-05-22T00:00:00,NEA,Mujer,62,LA IDENTIDAD, ,NO,PORQUE NO TIENE EQUIPOS DE RADIO, ,NO,NA,NA,NA,,,0,0,NA,NA,NA,NA,NA,NA,NA,NA,NA,NA,NA,NA, ,1,NO,PORQUE NO TIENE EQUIPO DE MUSICA, ,NO,NA,,,0,0,NA,NA,NA,NA,NA,NA,NA,NA,NA,NA,NA,NA,NA,NA,NA,NA,NA,NA,NA,NA,NA,NA,NA,"",NA,NA,NA,NA,NA,NA,NA,NA,NA,NA, ,"",NS/NC,NS/NC,NS/NC,NO,POR FALTA DE DINERO, ,NO,NA,"",0,"",0,"",0,NO,0,NO,NO,PORQUE LOS DIARIOS ESTAN CAROS, ,NO,"",0,,,0,0,NA,"",0,"",0,NA,NA,NA,NA,NA,NA,NO,NO,NA,"",0,"",0,"",0,NA,SI,"", ,NA,1,1,1,1,SE LO REGALARON, ,0,0,0,0,ALGUNA VEZ AL AO,"NO LEYO LIBROS EN PANTALLA, SOLO EN PAPEL","","","","","",NUNCA,NUNCA,NUNCA,NUNCA,NUNCA,NUNCA,NUNCA,NUNCA,NUNCA,NUNCA,DE VEZ EN CUANDO,NUNCA,NUNCA,NUNCA,NUNCA,NUNCA,SI,"",NA,1,0,1,0,TELEVISION POR CABLE,NA,ALGUNAS VECES POR SEMANA,UNA HORA O MENOS AL DIA,NUNCA,NUNCA,NUNCA,ALGUNOS DIAS POR SEMANA,NUNCA,HABITUALMENTE,NUNCA,2,NS/NC,NS/NC,SI,"", ,NA,NUNCA,NUNCA,NUNCA,NUNCA,NUNCA,ALGUNOS DIAS POR SEMANA,TODOS O CASI TODOS LOS DIAS,ALGUNOS DIAS POR SEMANA,TODOS O CASI TODOS LOS DIAS,NUNCA,NUNCA,NUNCA,NUNCA,NS/NC,NS/NC,NS/NC,NO,POR FALTA DE DINERO, ,NO,NA,"",0,"",0,NA, ,NA,NA,NA,NA,NA,NA,NA,NA,NA,NA,NA,NO,NA,"",0,"",0,"",0,NO,PORQUE NO LE INTERESA, ,NO,NO,NA,NA,"",NA,"",0,NA,NA,NA,NA,,"",0,NO USA,NA,NA,NA,NA,NA,NA,NA,NA,NA,NA,NA,NA,NA,NA,NA,NA,NA,NA,NA,NA,NA,NA, ,NA,NA,NA,NA,NA,NA,NA,,,0,0,NA,NA,"","","","","","","","","","","",NINGUNA,NINGUNA,NO,NINGUNO,NA,NA,"",0,NS/NC,NO,NA,,,0,0,NA,NA,NA,NA,"",0,NO,SI,SI,NO,NO,NO,NO,NO,NO,NO,SI,NO,NO,NO,NO,NO,NO,NO,NO,NO,NO,NO,NO,NO,NO,"",0,NO,"",0,NA,NA,NA,NA,NA,NA,"","",0,HACE MAS DE 5 AOS,"",NO FUE NUNCA,"",NO FUE NUNCA,"",NO FUE NUNCA,"",ENTRE 1 Y 5 AOS,"",HACE MAS DE 5 AOS,"",NO FUE NUNCA,"",HACE MAS DE 5 AOS,"",HACE MAS DE 5 AOS,"",HACE MAS DE 5 AOS,"",NO FUE NUNCA,"",HACE MAS DE 5 AOS,"",NO FUE NUNCA,"",NO FUE NUNCA,"",NO FUE NUNCA,"",NO FUE NUNCA,"",NO FUE NUNCA,"",HACE MAS DE 5 AOS,"",HACE MAS DE 5 AOS,"",HACE MAS DE 5 AOS,"",2,0,1,2,SECUNDARIA COMPLETA,OTRO MIEMBRO DEL HOGAR,UNIVERSITARIO COMPLETO,TRABAJA,EMPLEADO ADMINISTRATIVO,TRABAJADOR/OBRERO CALIFICADO. EMPLEADO ADMINISTRATIVO MEDIO, ,"",SI,NO,NO,NO,SI,SI,PROPIA,NO,NO,SI,NO,NO,BARRIO CENTRICO CON PREDOMINIO DE EDIFICIOS DE DEPARTAMENTO,BARRIO CENTRICO CON PREDOMINIO DE EDIFICIOS DE DEPARTAMENTO,CASA,72,C2,0,0,0,0,0,0,0,0,0,60,60,1,0,0,0,0,0,0,0,0,0
181,181,5210,2017-07-05T00:00:00,NEA,Varn,19,"HABITOS, COSTUMBRES, COMPORTAMIENTOS", ,NO,PORQUE NO LE GUSTA LA RADIO, ,NO,NA,NA,NA,,,0,0,NA,NA,NA,NA,NA,NA,NA,NA,NA,NA,NA,NA, ,1,SI,"", ,NA,ALGUNOS DIAS POR SEMANA,2,0,2,0,NUNCA,TODOS O CASI TODOS LOS DIAS,NUNCA,ALGUNOS DIAS POR SEMANA,NUNCA,NUNCA,NUNCA,NUNCA,NUNCA,NUNCA,NUNCA,DE VEZ EN CUANDO,NUNCA,NUNCA,HABITUALMENTE,HABITUALMENTE,NUNCA,NUNCA,NUNCA,HABITUALMENTE,HABITUALMENTE,NUNCA,NUNCA,8 canciones,SI,ALGUNOS DIAS POR SEMANA,TODOS O CASI TODOS LOS DIAS,SPOTIFY,NA,NA,NA,NA,NA,NA, ,600,0,0,0,NO,PORQUE NO LE INTERESA, ,NO,NA,"",0,"",0,"",0,NO,0,NO,NO,PORQUE NO LE GUSTA LEER DIARIOS, ,NO,"",0,,,0,0,NA,"",0,"",0,NA,NA,NA,NA,NA,NA,NO,NO,NA,"",0,"",0,"",0,NA,SI,"", ,NA,10,10,10,10,"SE LO HABIA RECOMENDADO UN PROFESOR, REFERENTE POLITICO, RELIGIOSO O ESPIRITUAL", ,4,4,1500,1500,ALGUNOS DIAS POR SEMANA,ALGUNOS DIAS POR SEMANA,CELULAR,"","","",NO,DE VEZ EN CUANDO,HABITUALMENTE,CASI NUNCA,HABITUALMENTE,HABITUALMENTE,HABITUALMENTE,NUNCA,NUNCA,NUNCA,NUNCA,NUNCA,HABITUALMENTE,NUNCA,NUNCA,NUNCA,NUNCA,SI,"",NA,3,0,3,0,TELEVISION POR CABLE,NA,ALGUNAS VECES POR SEMANA,VARIAS HORAS AL DIA,NUNCA,NUNCA,NUNCA,TODOS O CASI TODOS LOS DIAS,NUNCA,NUNCA,DE VEZ EN CUANDO,2,1,1,SI,"", ,NA,NUNCA,ALGUNOS DIAS POR SEMANA,TODOS O CASI TODOS LOS DIAS,TODOS O CASI TODOS LOS DIAS,NUNCA,ALGUNOS DIAS POR SEMANA,ALGUNOS DIAS POR SEMANA,ALGUNOS DIAS POR SEMANA,TODOS O CASI TODOS LOS DIAS,ALGUNOS DIAS POR SEMANA,NUNCA,NUNCA,NUNCA,600,0,0,NO,PORQUE NO LE GUSTA EL CINE, ,SI,NA,"",0,"",0,NA, ,NA,NA,NA,NA,NA,NA,NA,NA,NA,NA,NA,NO,NA,"",0,"",0,"",0,SI,"", ,NA,NA,SI,NA,"",INCLUYE CABLE,NS/NC,NS/NC,ALGUNOS DIAS POR SEMANA,TODOS O CASI TODOS LOS DAS,NUNCA,NUNCA,12,NO USA,12,NO USA,ALGUNOS DIAS POR SEMANA,NUNCA,ALGUNOS DIAS POR SEMANA,ALGUNAS VECES AL MES,TODOS O CASI TODOS LOS DAS,NUNCA,ALGUNOS DIAS POR SEMANA,NUNCA,NUNCA,TODOS O CASI TODOS LOS DAS,SI,SI,SI,SI,NO,ALGUNOS DIAS POR SEMANA,TODOS O CASI TODOS LOS DAS,TODOS O CASI TODOS LOS DAS,TODOS O CASI TODOS LOS DAS,NA,NO,NA, ,NUNCA,NUNCA,ALGUNOS DIAS POR SEMANA,NUNCA,NUNCA,ALGUNOS DIAS POR SEMANA,NUNCA,5,0,5,0,"OBSERVA LOS CONTENIDOS, SIN HACER COMENTARIOS",NA,"","","","","","","","","","","",1,NINGUNA,SI,1,SI,NO,300,300,2000,SI,ALGUNOS DIAS POR SEMANA,3,0,3,0,NUNCA,NUNCA,NUNCA,ALGUNOS DIAS POR SEMANA,300,300,NO,NO,NO,NO,NO,NO,NO,NO,NO,NA,NA,NA,NA,NA,NA,NA,NA,NA,NA,SI,NO,NO,NO,NO,NO,"",0,NO,"",0,NA,NA,NA,NA,NA,NA,"","",0,NO FUE NUNCA,"",NO FUE NUNCA,"",VARIAS VECES EN EL ULTIMO AO,600,NO FUE NUNCA,"",NO FUE NUNCA,"",NO FUE NUNCA,"",NO FUE NUNCA,"",NO FUE NUNCA,"",NO FUE NUNCA,"",NO FUE NUNCA,"",NO FUE NUNCA,"",NO FUE NUNCA,"",NO FUE NUNCA,"",NO FUE NUNCA,"",NO FUE NUNCA,"",NO FUE NUNCA,"",NO FUE NUNCA,"",NO FUE NUNCA,"",NO FUE NUNCA,"",NO FUE NUNCA,"",5,1,0,3,SECUNDARIA INCOMPLETA,OTRO MIEMBRO DEL HOGAR,SECUNDARIA COMPLETA,TRABAJA,COMERCIANTE,TECNICO ESPECIALIZADO. COMERCIANTE. SUPERVISOR / JEFE / CAP, ,"",SI,SI,SI,NO,SI,SI,PROPIA,NO,NO,NO,NO,NO,BARRIO DE VIVIENDA SOCIAL,BARRIO DE VIVIENDA SOCIAL,DEPARTAMENTO,72,C2,0,0,0,120,120,2,0,0,0,180,180,3,720,720,12,300,300,5,180,180,3
182,182,1303,2017-07-05T00:00:00,NEA,Varn,23,"HABITOS, COSTUMBRES, COMPORTAMIENTOS", ,SI,"", ,NA,SI,ALGUNOS DIAS POR SEMANA,FM,4,30,4,30,NUNCA,ALGUNA VEZ CADA 3 MESES,NUNCA,ALGUNAS VECES AL MES,NUNCA,CHIMENTOS,NA,NA,NA,NA,NA,NA, ,3,SI,"", ,NA,TODOS O CASI TODOS LOS DIAS,2,0,2,0,NUNCA,TODOS O CASI TODOS LOS DIAS,ALGUNAS VECES AL MES,ALGUNAS VECES AL MES,NUNCA,NUNCA,NUNCA,NUNCA,ALGUNAS VECES AL MES,CASI NUNCA,CASI NUNCA,DE VEZ EN CUANDO,CASI NUNCA,CASI NUNCA,DE VEZ EN CUANDO,DE VEZ EN CUANDO,CASI NUNCA,CASI NUNCA,CASI NUNCA,DE VEZ EN CUANDO,DE VEZ EN CUANDO,CASI NUNCA,DE VEZ EN CUANDO,10 canciones,SI,ALGUNAS VECES AL MES,ALGUNOS DIAS POR SEMANA,SPOTIFY,YOUTUBE,ARES,NA,NA,NA,NA, ,600,2,100,0,SI,"", ,NA,ALGUNA VEZ CADA 3 MESES,5,5,3,3,3000,3000,NO,0,SI,SI,"", ,NA,1,1,1,0,1,0,ALGUNAS VECES AL MES,0,0,0,0,ALGUNOS DIAS POR SEMANA,CELULAR,NUNCA,NUNCA,ALGUNOS DIAS POR SEMANA,PRINCIPALMENTE LEE EN PAPEL O POR INTERNET SU DIARIO O DIARIOS PREFERIDOS,NO,NO,NA,"",0,"",0,"",0,NA,SI,"", ,NA,3,3,0,0,"SE LO HABIA RECOMENDADO UN PROFESOR, REFERENTE POLITICO, RELIGIOSO O ESPIRITUAL", ,1,1,500,500,ALGUNAS VECES AL MES,"NO LEYO LIBROS EN PANTALLA, SOLO EN PAPEL","","","","","",NUNCA,NUNCA,NUNCA,CASI NUNCA,CASI NUNCA,CASI NUNCA,NUNCA,NUNCA,NUNCA,NUNCA,NUNCA,CASI NUNCA,NUNCA,NUNCA,NUNCA,NUNCA,SI,"",NA,2,0,2,0,TELEVISION POR CABLE,NA,ALGUNAS VECES AL MES,ALGUNAS VECES POR SEMANA,ALGUNAS VECES AL MES,ALGUNAS VECES AL MES,ALGUNAS VECES AL MES,ALGUNOS DIAS POR SEMANA,DE VEZ EN CUANDO,CASI NUNCA,DE VEZ EN CUANDO,2,2,2,SI,"", ,NA,ALGUNA VEZ AL AO,ALGUNA VEZ CADA 3 MESES,ALGUNAS VECES AL MES,ALGUNA VEZ CADA 3 MESES,ALGUNA VEZ AL AO,ALGUNAS VECES AL MES,ALGUNOS DIAS POR SEMANA,NUNCA,ALGUNA VEZ CADA 3 MESES,ALGUNOS DIAS POR SEMANA,NUNCA,ALGUNAS VECES AL MES,ALGUNAS VECES AL MES,650,0,0,NO,PORQUE NO LE INTERESA, ,SI,NA,"",0,"",0,NA, ,NA,NA,NA,NA,NA,NA,NA,NA,NA,NA,NA,SI,ALGUNA VEZ AL AO O MENOS,1,1,1,1,NS/NC,NS/NC,SI,"", ,NA,NA,SI,NA,"",INCLUYE CABLE,1000,1000,ALGUNOS DIAS POR SEMANA,ALGUNAS VECES AL MES,ALGUNA VEZ CADA 3 MESES,ALGUNAS VECES AL MES,3,NO USA,3,NO USA,ALGUNA VEZ AL AO O MENOS,ALGUNA VEZ AL AO O MENOS,ALGUNA VEZ AL AO O MENOS,ALGUNA VEZ CADA 3 MESES,ALGUNA VEZ CADA 3 MESES,ALGUNA VEZ AL AO O MENOS,ALGUNA VEZ CADA 3 MESES,ALGUNA VEZ CADA 3 MESES,ALGUNA VEZ AL AO O MENOS,ALGUNAS VECES AL MES,SI,SI,SI,NO,NO,ALGUNAS VECES AL MES,ALGUNOS DIAS POR SEMANA,ALGUNAS VECES AL MES,NA,NA,NO,NA, ,ALGUNA VEZ CADA 3 MESES,ALGUNA VEZ AL AO O MENOS,ALGUNA VEZ CADA 3 MESES,ALGUNA VEZ AL AO O MENOS,ALGUNA VEZ CADA 3 MESES,ALGUNAS VECES AL MES,ALGUNA VEZ CADA 3 MESES,2,0,2,0,"OBSERVA LOS CONTENIDOS, SIN HACER COMENTARIOS",NA,"","","","","","","","","","","",1,1,NO,1,SI,SI,NS/NC,NS/NC,0,SI,ALGUNAS VECES AL MES,2,0,2,0,ALGUNA VEZ CADA 3 MESES,ALGUNA VEZ CADA 3 MESES,ALGUNA VEZ AL AO O MENOS,ALGUNOS DIAS POR SEMANA,1000,1000,NO,NO,NO,NO,NO,NO,NO,NO,NO,NA,NA,NA,NA,NA,NA,NA,NA,NA,NA,SI,SI,NO,NO,NO,NO,500,500,NO,"",0,NA,NA,NA,NA,NA,NA,"","",0,NO FUE NUNCA,"",1 VEZ EN EL ULTIMO AO,0,NO FUE NUNCA,"",NO FUE NUNCA,"",NO FUE NUNCA,"",NO FUE NUNCA,"",NO FUE NUNCA,"",NO FUE NUNCA,"",NO FUE NUNCA,"",ENTRE 1 Y 5 AOS,"",NO FUE NUNCA,"",NO FUE NUNCA,"",NO FUE NUNCA,"",NO FUE NUNCA,"",NO FUE NUNCA,"",NO FUE NUNCA,"",NO FUE NUNCA,"",NO FUE NUNCA,"",NO FUE NUNCA,"",NO FUE NUNCA,"",1,,,2,UNIVERSITARIO INCOMPLETO,LA PERSONA QUE FUE ENTREVISTADA,"",TRABAJA,TRABAJADOR PUBLICO,TRABAJADOR/OBRERO CALIFICADO. EMPLEADO ADMINISTRATIVO MEDIO, ,"",SI,SI,SI,NO,SI,SI,PROPIA,NO,NO,NO,NO,NO,BARRIO DE VIVIENDA SOCIAL,BARRIO DE VIVIENDA SOCIAL,CASA,72,C2,240,270,4.5,120,120,2,60,60,1,120,120,2,180,180,3,120,120,2,120,120,2
183,183,5087,2017-07-05T00:00:00,NEA,Varn,30,"LA FORMA DE PENSAR, IDEOLOGIA, VALORES", ,SI,"", ,NA,SI,TODOS O CASI TODOS LOS DIAS,AMBAS POR IGUAL,3,0,3,0,TODOS O CASI TODOS LOS DIAS,TODOS O CASI TODOS LOS DIAS,TODOS O CASI TODOS LOS DIAS,NUNCA,NUNCA,INFORMATIVOS / NOTICIEROS,MUSICALES,NA,NA,NA,NA,NA, ,1,SI,"", ,NA,TODOS O CASI TODOS LOS DIAS,1,0,1,0,NUNCA,TODOS O CASI TODOS LOS DIAS,TODOS O CASI TODOS LOS DIAS,TODOS O CASI TODOS LOS DIAS,NUNCA,NUNCA,NUNCA,NUNCA,NUNCA,DE VEZ EN CUANDO,DE VEZ EN CUANDO,HABITUALMENTE,NUNCA,NUNCA,DE VEZ EN CUANDO,DE VEZ EN CUANDO,NUNCA,HABITUALMENTE,HABITUALMENTE,CASI NUNCA,HABITUALMENTE,CASI NUNCA,HABITUALMENTE,9 canciones,SI,TODOS O CASI TODOS LOS DIAS,ALGUNOS DIAS POR SEMANA,SPOTIFY,YOUTUBE,NA,NA,NA,NA,NA, ,210,0,0,1,SI,"", ,NA,ALGUNA VEZ CADA 3 MESES,10,10,10,10,1500,1500,SI,1,NO,SI,"", ,NA,4,4,0,30,0,30,ALGUNAS VECES AL MES,0,0,0,0,TODOS O CASI TODOS LOS DIAS,CELULAR,ALGUNAS VECES AL MES,ALGUNAS VECES AL MES,TODOS O CASI TODOS LOS DIAS,AMBAS POR IGUAL,NO,NO,NA,"",0,"",0,"",0,NA,SI,"", ,NA,5,5,1,1,POR GUSTO PERSONAL, ,4,4,2000,2000,ALGUNAS VECES AL MES,"NO LEYO LIBROS EN PANTALLA, SOLO EN PAPEL","","","","","",NUNCA,DE VEZ EN CUANDO,NUNCA,NUNCA,NUNCA,DE VEZ EN CUANDO,NUNCA,DE VEZ EN CUANDO,NUNCA,NUNCA,NUNCA,DE VEZ EN CUANDO,DE VEZ EN CUANDO,NUNCA,NUNCA,NUNCA,SI,"",NA,0,30,0,30,TELEVISION SATELITAL,NA,NO MIRA,UNA HORA O MENOS AL DIA,ALGUNA VEZ CADA 3 MESES,ALGUNA VEZ CADA 3 MESES,NUNCA,TODOS O CASI TODOS LOS DIAS,CASI NUNCA,HABITUALMENTE,DE VEZ EN CUANDO,1,NINGUNO,NINGUNO,SI,"", ,NA,NUNCA,NUNCA,ALGUNOS DIAS POR SEMANA,NUNCA,NUNCA,ALGUNAS VECES AL MES,NUNCA,TODOS O CASI TODOS LOS DIAS,TODOS O CASI TODOS LOS DIAS,TODOS O CASI TODOS LOS DIAS,NUNCA,TODOS O CASI TODOS LOS DIAS,NUNCA,600,0,0,SI,"", ,NA,ALGUNA VEZ AL AO O MENOS,1,1,0,0,"SE LA RECOMENDO UN AMIGO, FAMILIAR O CONOCIDO", ,CASI NUNCA,DE VEZ EN CUANDO,NUNCA,DE VEZ EN CUANDO,NUNCA,NUNCA,NUNCA,DE VEZ EN CUANDO,DE VEZ EN CUANDO,NUNCA,NUNCA,SI,ALGUNA VEZ AL AO O MENOS,1,1,1,1,0,0,SI,"", ,NA,NA,SI,NA,"",INCLUYE TELFONO,300,300,TODOS O CASI TODOS LOS DAS,TODOS O CASI TODOS LOS DAS,NUNCA,NUNCA,12,NO USA,12,NO USA,TODOS O CASI TODOS LOS DAS,TODOS O CASI TODOS LOS DAS,NUNCA,TODOS O CASI TODOS LOS DAS,ALGUNAS VECES AL MES,ALGUNAS VECES AL MES,ALGUNAS VECES AL MES,ALGUNAS VECES AL MES,ALGUNAS VECES AL MES,ALGUNAS VECES AL MES,SI,SI,SI,NO,SI,TODOS O CASI TODOS LOS DAS,TODOS O CASI TODOS LOS DAS,TODOS O CASI TODOS LOS DAS,NA,ALGUNA VEZ CADA 3 MESES,NO,NA, ,NUNCA,ALGUNOS DIAS POR SEMANA,TODOS O CASI TODOS LOS DAS,NUNCA,NUNCA,ALGUNOS DIAS POR SEMANA,ALGUNAS VECES AL MES,3,0,3,0,"OBSERVA LOS CONTENIDOS, SIN HACER COMENTARIOS",NA,"","","","","","","","","","","",2,NINGUNA,SI,1,SI,SI,575,575,0,SI,TODOS O CASI TODOS LOS DIAS,0,15,0,15,NUNCA,TODOS O CASI TODOS LOS DIAS,NUNCA,ALGUNAS VECES AL MES,0,0,SI,NO,NO,NO,NO,NO,NO,NO,NO,NO,NO,NO,SI,NO,NO,NO,NO,NO,NO,SI,NO,NO,NO,NO,NO,"",0,SI,2,2,UNA VEZ AL AO,NUNCA,NUNCA,NUNCA,NUNCA,NUNCA,FUE GRATUITO,0,0,NO FUE NUNCA,"",1 VEZ EN EL ULTIMO AO,0,NO FUE NUNCA,"",VARIAS VECES EN EL ULTIMO AO,3000,NO FUE NUNCA,"",NO FUE NUNCA,"",NO FUE NUNCA,"",NO FUE NUNCA,"",NO FUE NUNCA,"",NO FUE NUNCA,"",NO FUE NUNCA,"",NO FUE NUNCA,"",ENTRE 1 Y 5 AOS,"",NO FUE NUNCA,"",NO FUE NUNCA,"",NO FUE NUNCA,"",NO FUE NUNCA,"",NO FUE NUNCA,"",NO FUE NUNCA,"",NO FUE NUNCA,"",4,0,0,3,UNIVERSITARIO COMPLETO,OTRO MIEMBRO DEL HOGAR,UNIVERSITARIO COMPLETO,TRABAJA,DOCENTE UNIVERSITARIO,EJECUTIVO MEDIO DE EMPRESA/ PROFESIONAL INDEPENDIENTE/ FUNCI, ,"",SI,SI,NO,SI,SI,SI,PROPIA,NO,NO,NO,NO,NO,BARRIO CON VIVIENDAS DISTINTAS,BARRIO CON VIVIENDAS DISTINTAS,DEPARTAMENTO,89,C1,180,180,3,60,60,1,0,30,0.5,0,30,0.5,720,720,12,180,180,3,0,15,0.25
184,184,9615,2017-07-05T00:00:00,NEA,Varn,54,"INFORMACION, ESTUDIAR, CONOCER", ,SI,"", ,NA,NO,TODOS O CASI TODOS LOS DIAS,FM,3,0,3,0,TODOS O CASI TODOS LOS DIAS,ALGUNOS DIAS POR SEMANA,NUNCA,NUNCA,NUNCA,INFORMATIVOS / NOTICIEROS,NA,NA,NA,NA,NA,NA, ,2,SI,"", ,NA,ALGUNOS DIAS POR SEMANA,1,0,1,0,NUNCA,ALGUNOS DIAS POR SEMANA,NUNCA,NUNCA,NUNCA,NUNCA,NUNCA,NUNCA,NUNCA,CASI NUNCA,NUNCA,DE VEZ EN CUANDO,NUNCA,NUNCA,NUNCA,NUNCA,NUNCA,NUNCA,NUNCA,NUNCA,CASI NUNCA,DE VEZ EN CUANDO,NUNCA,5 canciones,NO,NA,NA,NA,NA,NA,NA,NA,NA,NA, ,"",0,0,0,SI,"", ,NA,ALGUNA VEZ CADA 3 MESES,3,3,3,3,0,0,NO,0,NO,NO,PORQUE NO LE GUSTA LEER DIARIOS, ,SI,"",0,,,0,0,NA,"",0,"",0,NA,NA,NA,NA,NA,NA,NO,NO,NA,"",0,"",0,"",0,NA,NO,PORQUE LOS LIBROS ESTAN CAROS, ,NO,"",0,"",0,"", ,"",0,"",0,NA,NA,"","","","","",NA,NA,NA,NA,NA,NA,NA,NA,NA,NA,NA,NA,NA,NA,NA,NA,SI,"",NA,2,0,2,0,TELEVISION POR CABLE,NA,ALGUNAS VECES AL MES,VARIAS HORAS AL DIA,NUNCA,NUNCA,NUNCA,TODOS O CASI TODOS LOS DIAS,NUNCA,HABITUALMENTE,NUNCA,2,1,1,SI,"", ,NA,NUNCA,NUNCA,ALGUNAS VECES AL MES,ALGUNOS DIAS POR SEMANA,NUNCA,NUNCA,NUNCA,ALGUNAS VECES AL MES,TODOS O CASI TODOS LOS DIAS,NUNCA,NUNCA,NUNCA,NUNCA,0,0,0,NO,PORQUE NO LE GUSTA EL CINE, ,NO,NA,"",0,"",0,NA, ,NA,NA,NA,NA,NA,NA,NA,NA,NA,NA,NA,NO,NA,"",0,"",0,"",0,NO,PORQUE NO LE GUSTA, ,NO,NO,NA,NA,"",NA,"",0,NA,NA,NA,NA,,"",0,NO USA,NA,NA,NA,NA,NA,NA,NA,NA,NA,NA,NA,NA,NA,NA,NA,NA,NA,NA,NA,NA,NA,NA, ,NA,NA,NA,NA,NA,NA,NA,,,0,0,NA,NA,"","","","","","","","","","","",2,NINGUNA,SI,1,NO,NA,150,150,0,NO,NA,,,0,0,NA,NA,NA,NA,"",0,NO,NO,NO,NO,NO,NO,NO,NO,NO,NA,NA,NA,NA,NA,NA,NA,NA,NA,NA,SI,NO,NO,NO,NO,NO,"",0,SI,1,1,UNA VEZ AL AO,NUNCA,NUNCA,NUNCA,NUNCA,NUNCA,FUE GRATUITO,0,0,NO FUE NUNCA,"",1 VEZ EN EL ULTIMO AO,500,1 VEZ EN EL ULTIMO AO,200,HACE MAS DE 5 AOS,"",NO FUE NUNCA,"",NO FUE NUNCA,"",NO FUE NUNCA,"",NO FUE NUNCA,"",NO FUE NUNCA,"",NO FUE NUNCA,"",NO FUE NUNCA,"",NO FUE NUNCA,"",NO FUE NUNCA,"",NO FUE NUNCA,"",NO FUE NUNCA,"",NO FUE NUNCA,"",NO FUE NUNCA,"",NO FUE NUNCA,"",NO FUE NUNCA,"",NO FUE NUNCA,"",7,0,0,3,SECUNDARIA COMPLETA,LA PERSONA QUE FUE ENTREVISTADA,"",TRABAJA,COMERCIANTE,TECNICO ESPECIALIZADO. COMERCIANTE. SUPERVISOR / JEFE / CAP, ,"",SI,SI,SI,NO,NO,SI,PROPIA,NO,NO,NO,NO,NO,BARRIO CON VIVIENDAS DISTINTAS,BARRIO CON VIVIENDAS DISTINTAS,CASA,68,C3,180,180,3,60,60,1,0,0,0,120,120,2,0,0,0,0,0,0,0,0,0
185,185,1874,2017-05-13T00:00:00,NEA,Varn,84,"LA FORMA DE PENSAR, IDEOLOGIA, VALORES", ,SI,"", ,NA,NO,TODOS O CASI TODOS LOS DIAS,FM,1,0,1,0,TODOS O CASI TODOS LOS DIAS,NUNCA,NUNCA,NUNCA,NUNCA,INFORMATIVOS / NOTICIEROS,NA,NA,NA,NA,NA,NA, ,1,NO,PORQUE NO LE INTERESA, ,SI,NA,,,0,0,NA,NA,NA,NA,NA,NA,NA,NA,NA,NA,NA,NA,NA,NA,NA,NA,NA,NA,NA,NA,NA,NA,NA,"",NA,NA,NA,NA,NA,NA,NA,NA,NA,NA, ,"",0,0,0,NO,PORQUE NO LE GUSTA IR A RECITALES, ,SI,NA,"",0,"",0,"",0,NO,0,NO,NO,PORQUE NO LE GUSTA LEER DIARIOS, ,SI,"",0,,,0,0,NA,"",0,"",0,NA,NA,NA,NA,NA,NA,NO,NO,NA,"",0,"",0,"",0,NA,NO,PORQUE LOS LIBROS ESTAN CAROS, ,SI,"",0,"",0,"", ,"",0,"",0,NA,NA,"","","","","",NA,NA,NA,NA,NA,NA,NA,NA,NA,NA,NA,NA,NA,NA,NA,NA,SI,"",NA,6,0,6,0,TELEVISION POR CABLE,NA,UNA HORA O MENOS AL DIA,VARIAS HORAS AL DIA,NUNCA,NUNCA,NUNCA,TODOS O CASI TODOS LOS DIAS,NUNCA,HABITUALMENTE,NUNCA,1,NINGUNO,NINGUNO,NO,"PORQUE NO LE GUSTAN LAS PELICULAS, SERIES NI PRODUCCIONES AUOVISUALES EN GENERAL", ,SI,NA,NA,NA,NA,NA,NA,NA,NA,NA,NA,NA,NA,NA,0,0,0,NO,PORQUE NO LE INTERESA, ,NO,NA,"",0,"",0,NA, ,NA,NA,NA,NA,NA,NA,NA,NA,NA,NA,NA,NO,NA,"",0,"",0,"",0,NO,PORQUE NO APRENDI A USAR INTERNET, ,NO,NO,NA,NA,"",NA,"",0,NA,NA,NA,NA,,"",0,NO USA,NA,NA,NA,NA,NA,NA,NA,NA,NA,NA,NA,NA,NA,NA,NA,NA,NA,NA,NA,NA,NA,NA, ,NA,NA,NA,NA,NA,NA,NA,,,0,0,NA,NA,"","","","","","","","","","","",NINGUNA,NINGUNA,SI,NINGUNO,NA,NA,"",0,0,NO,NA,,,0,0,NA,NA,NA,NA,"",0,NO,SI,NO,NO,NO,NO,NO,NO,NO,NO,NO,NO,SI,NO,NO,NO,NO,NO,NO,NO,NO,NO,NO,NO,NO,"",0,NO,"",0,NA,NA,NA,NA,NA,NA,"","",0,NO FUE NUNCA,"",ENTRE 1 Y 5 AOS,"",HACE MAS DE 5 AOS,"",HACE MAS DE 5 AOS,"",ENTRE 1 Y 5 AOS,"",ENTRE 1 Y 5 AOS,"",HACE MAS DE 5 AOS,"",HACE MAS DE 5 AOS,"",ENTRE 1 Y 5 AOS,"",HACE MAS DE 5 AOS,"",NO FUE NUNCA,"",NO FUE NUNCA,"",NO FUE NUNCA,"",NO FUE NUNCA,"",HACE MAS DE 5 AOS,"",NO FUE NUNCA,"",NO FUE NUNCA,"",NO FUE NUNCA,"",NO FUE NUNCA,"",NO FUE NUNCA,"",1,,,2,PRIMARIA COMPLETA,LA PERSONA QUE FUE ENTREVISTADA,"",ES JUBILADO/PENSIONADO, ,"",CAMIONERO,TRABAJADOR/OBRERO CALIFICADO. EMPLEADO ADMINISTRATIVO MEDIO,SI,NO,NO,NO,NO,NO,PROPIA,NO,NO,NO,SI,NO,BARRIO CON VIVIENDAS DISTINTAS,BARRIO CON VIVIENDAS DISTINTAS,DEPARTAMENTO,32,D2,60,60,1,0,0,0,0,0,0,360,360,6,0,0,0,0,0,0,0,0,0
186,186,9672,2017-05-13T00:00:00,NEA,Mujer,17,"HABITOS, COSTUMBRES, COMPORTAMIENTOS", ,NO,PORQUE NO LE INTERESA, ,NO,NA,NA,NA,,,0,0,NA,NA,NA,NA,NA,NA,NA,NA,NA,NA,NA,NA, ,1,SI,"", ,NA,ALGUNOS DIAS POR SEMANA,0,30,0,30,NUNCA,ALGUNAS VECES AL MES,ALGUNAS VECES AL MES,ALGUNOS DIAS POR SEMANA,NUNCA,NUNCA,NUNCA,NUNCA,ALGUNOS DIAS POR SEMANA,NUNCA,NUNCA,CASI NUNCA,NUNCA,NUNCA,CASI NUNCA,HABITUALMENTE,NUNCA,NUNCA,DE VEZ EN CUANDO,NUNCA,NUNCA,NUNCA,NUNCA,5 canciones,SI,ALGUNOS DIAS POR SEMANA,ALGUNA VEZ CADA 3 MESES,SPOTIFY,YOUTUBE,NA,NA,NA,NA,NA, ,0,0,0,0,NO,PORQUE NO LE INTERESA, ,SI,NA,"",0,"",0,"",0,SI,1,NO,NO,PORQUE NO LE INTERESAN LOS DIARIOS, ,NO,"",0,,,0,0,NA,"",0,"",0,NA,NA,NA,NA,NA,NA,NO,NO,NA,"",0,"",0,"",0,NA,SI,"", ,NA,3,3,2,2,"SE LO HABIA RECOMENDADO UN PROFESOR, REFERENTE POLITICO, RELIGIOSO O ESPIRITUAL", ,1,1,40,40,ALGUNOS DIAS POR SEMANA,"NO LEYO LIBROS EN PANTALLA, SOLO EN PAPEL","","","","","",NUNCA,DE VEZ EN CUANDO,NUNCA,NUNCA,HABITUALMENTE,NUNCA,NUNCA,NUNCA,NUNCA,NUNCA,NUNCA,NUNCA,NUNCA,NUNCA,NUNCA,NUNCA,NO,POR FALTA DE TIEMPO,SI,,,0,0,NA,NA,NA,NA,NA,NA,NA,NA,NA,NA,NA,2,NINGUNO,NINGUNO,SI,"", ,NA,NUNCA,ALGUNOS DIAS POR SEMANA,NUNCA,NUNCA,NUNCA,TODOS O CASI TODOS LOS DIAS,TODOS O CASI TODOS LOS DIAS,NUNCA,ALGUNA VEZ AL AO,TODOS O CASI TODOS LOS DIAS,NUNCA,ALGUNOS DIAS POR SEMANA,TODOS O CASI TODOS LOS DIAS,200,0,0,SI,"", ,NA,ALGUNA VEZ CADA 3 MESES,3,3,0,0,"SE LA RECOMENDO UN AMIGO, FAMILIAR O CONOCIDO", ,HABITUALMENTE,DE VEZ EN CUANDO,DE VEZ EN CUANDO,NUNCA,CASI NUNCA,NUNCA,NUNCA,NUNCA,NUNCA,NUNCA,NUNCA,NO,NA,"",0,"",0,"",0,SI,"", ,NA,NA,SI,NA,"",INCLUYE CABLE,700,700,ALGUNAS VECES AL MES,TODOS O CASI TODOS LOS DAS,NUNCA,ALGUNOS DIAS POR SEMANA,15,NO USA,15,NO USA,ALGUNAS VECES AL MES,ALGUNOS DIAS POR SEMANA,TODOS O CASI TODOS LOS DAS,NUNCA,ALGUNOS DIAS POR SEMANA,NUNCA,NUNCA,NUNCA,NUNCA,NUNCA,SI,SI,NO,NO,NO,TODOS O CASI TODOS LOS DAS,TODOS O CASI TODOS LOS DAS,NA,NA,NA,NO,NA, ,NUNCA,NUNCA,ALGUNOS DIAS POR SEMANA,NUNCA,NUNCA,ALGUNAS VECES AL MES,ALGUNAS VECES AL MES,8,0,8,0,"OBSERVA LOS CONTENIDOS, SIN HACER COMENTARIOS",NA,"","","","","","","","","","","",2,NINGUNA,SI,1,SI,NO,260,260,0,NO,NA,,,0,0,NA,NA,NA,NA,"",0,NO,NO,NO,NO,NO,NO,NO,NO,NO,NA,NA,NA,NA,NA,NA,NA,NA,NA,NA,SI,NO,NO,NO,NO,NO,"",0,NO,"",0,NA,NA,NA,NA,NA,NA,"","",0,HACE MAS DE 5 AOS,"",1 VEZ EN EL ULTIMO AO,200,HACE MAS DE 5 AOS,"",HACE MAS DE 5 AOS,"",HACE MAS DE 5 AOS,"",HACE MAS DE 5 AOS,"",HACE MAS DE 5 AOS,"",HACE MAS DE 5 AOS,"",HACE MAS DE 5 AOS,"",HACE MAS DE 5 AOS,"",NO FUE NUNCA,"",NO FUE NUNCA,"",NO FUE NUNCA,"",NO FUE NUNCA,"",HACE MAS DE 5 AOS,"",NO FUE NUNCA,"",NO FUE NUNCA,"",NO FUE NUNCA,"",NO FUE NUNCA,"",NO FUE NUNCA,"",7,0,0,3,SECUNDARIA INCOMPLETA,OTRO MIEMBRO DEL HOGAR,UNIVERSITARIO INCOMPLETO,TRABAJA,VENDEDOR,TECNICO ESPECIALIZADO. COMERCIANTE. SUPERVISOR / JEFE / CAP, ,"",SI,SI,SI,NO,NO,SI,PROPIA,NO,NO,NO,NO,NO,BARRIO DE VIVIENDA SOCIAL,BARRIO DE VIVIENDA SOCIAL,DEPARTAMENTO,74,C2,0,0,0,0,30,0.5,0,0,0,0,0,0,900,900,15,480,480,8,0,0,0
187,187,1381,2017-05-13T00:00:00,NEA,Mujer,23,"HABITOS, COSTUMBRES, COMPORTAMIENTOS", ,SI,"", ,NA,NO,ALGUNOS DIAS POR SEMANA,AMBAS POR IGUAL,0,20,0,20,ALGUNOS DIAS POR SEMANA,ALGUNOS DIAS POR SEMANA,NUNCA,NUNCA,NUNCA,MUSICALES,NA,NA,NA,NA,NA,NA, ,1,SI,"", ,NA,ALGUNOS DIAS POR SEMANA,4,0,4,0,NUNCA,ALGUNOS DIAS POR SEMANA,TODOS O CASI TODOS LOS DIAS,TODOS O CASI TODOS LOS DIAS,NUNCA,NUNCA,NUNCA,NUNCA,NUNCA,NUNCA,NUNCA,HABITUALMENTE,NUNCA,NUNCA,DE VEZ EN CUANDO,DE VEZ EN CUANDO,DE VEZ EN CUANDO,NUNCA,NUNCA,NUNCA,NUNCA,NUNCA,DE VEZ EN CUANDO,8 canciones,SI,TODOS O CASI TODOS LOS DIAS,ALGUNA VEZ AL AO O MENOS,YOUTUBE,NA,NA,NA,NA,NA,NA, ,0,0,0,0,SI,"", ,NA,ALGUNA VEZ CADA 3 MESES,3,3,3,3,300,300,SI,1,NO,SI,"", ,NA,1,1,0,20,0,20,"NO LEYO DIARIOS EN PAPEL, SOLO EN PANTALLA","",0,"",0,TODOS O CASI TODOS LOS DIAS,CELULAR,NUNCA,MENOS DE UNA VEZ POR MES,TODOS O CASI TODOS LOS DIAS,AMBAS POR IGUAL,NO,NO,NA,"",0,"",0,"",0,NA,SI,"", ,NA,3,3,3,3,"SE LO HABIA RECOMENDADO UN PROFESOR, REFERENTE POLITICO, RELIGIOSO O ESPIRITUAL", ,2,2,300,300,TODOS O CASI TODOS LOS DIAS,"NO LEYO LIBROS EN PANTALLA, SOLO EN PAPEL","","","","","",NUNCA,NUNCA,NUNCA,NUNCA,HABITUALMENTE,NUNCA,NUNCA,NUNCA,NUNCA,NUNCA,DE VEZ EN CUANDO,DE VEZ EN CUANDO,NUNCA,NUNCA,NUNCA,NUNCA,SI,"",NA,1,0,1,0,TELEVISION POR CABLE,NA,ALGUNAS VECES AL MES,UNA HORA O MENOS AL DIA,NUNCA,NUNCA,NUNCA,TODOS O CASI TODOS LOS DIAS,NUNCA,HABITUALMENTE,CASI NUNCA,2,NINGUNO,NINGUNO,SI,"", ,NA,NUNCA,ALGUNOS DIAS POR SEMANA,ALGUNA VEZ AL AO,NUNCA,NUNCA,TODOS O CASI TODOS LOS DIAS,NUNCA,NUNCA,TODOS O CASI TODOS LOS DIAS,ALGUNAS VECES AL MES,NUNCA,NUNCA,NUNCA,250,0,0,NO,POR FALTA DE TIEMPO, ,SI,NA,"",0,"",0,NA, ,NA,NA,NA,NA,NA,NA,NA,NA,NA,NA,NA,NO,NA,"",0,"",0,"",0,SI,"", ,NA,NA,SI,NA,"",INCLUYE CABLE,750,750,ALGUNOS DIAS POR SEMANA,TODOS O CASI TODOS LOS DAS,NUNCA,NUNCA,12,NO USA,12,NO USA,ALGUNOS DIAS POR SEMANA,TODOS O CASI TODOS LOS DAS,TODOS O CASI TODOS LOS DAS,NUNCA,TODOS O CASI TODOS LOS DAS,NUNCA,NUNCA,NUNCA,NUNCA,NUNCA,SI,SI,SI,NO,NO,TODOS O CASI TODOS LOS DAS,TODOS O CASI TODOS LOS DAS,ALGUNOS DIAS POR SEMANA,NA,NA,NO,NA, ,NUNCA,TODOS O CASI TODOS LOS DAS,ALGUNAS VECES AL MES,NUNCA,NUNCA,ALGUNOS DIAS POR SEMANA,ALGUNAS VECES AL MES,8,0,8,0,"OBSERVA LOS CONTENIDOS, SIN HACER COMENTARIOS",NA,"","","","","","","","","","","",2,NINGUNA,SI,1,SI,SI,350,350,0,NO,NA,,,0,0,NA,NA,NA,NA,"",0,NO,NO,NO,NO,NO,NO,NO,NO,NO,NA,NA,NA,NA,NA,NA,NA,NA,NA,NA,SI,NO,NO,NO,NO,NO,"",0,NO,"",0,NA,NA,NA,NA,NA,NA,"","",0,HACE MAS DE 5 AOS,"",VARIAS VECES EN EL ULTIMO AO,350,NO FUE NUNCA,"",NO FUE NUNCA,"",NO FUE NUNCA,"",NO FUE NUNCA,"",NO FUE NUNCA,"",NO FUE NUNCA,"",ENTRE 1 Y 5 AOS,"",1 VEZ EN EL ULTIMO AO,50,NO FUE NUNCA,"",NO FUE NUNCA,"",NO FUE NUNCA,"",NO FUE NUNCA,"",NO FUE NUNCA,"",NO FUE NUNCA,"",NO FUE NUNCA,"",NO FUE NUNCA,"",NO FUE NUNCA,"",NO FUE NUNCA,"",2,1,0,2,UNIVERSITARIO INCOMPLETO,OTRO MIEMBRO DEL HOGAR,SECUNDARIA COMPLETA,TRABAJA,VENDEDOR,"OFICIO MENOR, OBRERO NO CALIFICADO/ SERVICIO DOMESTICO", ,"",SI,SI,SI,NO,NO,SI,ALQUILADA,NO,NO,NO,NO,NO,BARRIO CON VIVIENDAS DISTINTAS,BARRIO CON VIVIENDAS DISTINTAS,DEPARTAMENTO,52,D1,0,20,0.333333333,240,240,4,0,20,0.333333333,60,60,1,720,720,12,480,480,8,0,0,0
188,188,1609,2017-07-05T00:00:00,NEA,Mujer,34,"HABITOS, COSTUMBRES, COMPORTAMIENTOS", ,NO,PORQUE UTILIZA OTROS MEDIOS PARA INFORMARSE/ ENTRETENERSE, ,SI,NA,NA,NA,,,0,0,NA,NA,NA,NA,NA,NA,NA,NA,NA,NA,NA,NA, ,1,SI,"", ,NA,TODOS O CASI TODOS LOS DIAS,1,0,1,0,NUNCA,NUNCA,TODOS O CASI TODOS LOS DIAS,TODOS O CASI TODOS LOS DIAS,ALGUNAS VECES AL MES,NUNCA,NUNCA,NUNCA,ALGUNA VEZ CADA 3 MESES,NUNCA,CASI NUNCA,DE VEZ EN CUANDO,CASI NUNCA,CASI NUNCA,CASI NUNCA,CASI NUNCA,DE VEZ EN CUANDO,DE VEZ EN CUANDO,DE VEZ EN CUANDO,CASI NUNCA,CASI NUNCA,NUNCA,DE VEZ EN CUANDO,4 canciones,SI,TODOS O CASI TODOS LOS DIAS,ALGUNA VEZ CADA 3 MESES,GOOGLE PLAY,YOUTUBE,NA,NA,NA,NA,NA, ,0,0,0,0,NO,POR FALTA DE DINERO, ,SI,NA,"",0,"",0,"",0,SI,1,SI,SI,"", ,NA,3,3,0,30,0,30,ALGUNAS VECES AL MES,0,0,0,0,TODOS O CASI TODOS LOS DIAS,CELULAR,NUNCA,ALGUNAS VECES AL MES,TODOS O CASI TODOS LOS DIAS,AMBAS POR IGUAL,SI,NA,TODOS O CASI TODOS LOS DIAS,0,0,0,0,0,0,TODOS O CASI TODOS LOS DIAS,SI,"", ,NA,4,4,4,4,"SE LO HABIA RECOMENDADO UN PROFESOR, REFERENTE POLITICO, RELIGIOSO O ESPIRITUAL", ,4,4,1500,1500,TODOS O CASI TODOS LOS DIAS,"NO LEYO LIBROS EN PANTALLA, SOLO EN PAPEL","","","","","",DE VEZ EN CUANDO,DE VEZ EN CUANDO,NUNCA,NUNCA,DE VEZ EN CUANDO,NUNCA,NUNCA,NUNCA,NUNCA,NUNCA,DE VEZ EN CUANDO,DE VEZ EN CUANDO,DE VEZ EN CUANDO,NUNCA,NUNCA,DE VEZ EN CUANDO,SI,"",NA,2,0,2,0,TELEVISION POR CABLE,NA,ALGUNAS VECES AL MES,UNA HORA O MENOS AL DIA,ALGUNOS DIAS POR SEMANA,ALGUNOS DIAS POR SEMANA,ALGUNOS DIAS POR SEMANA,TODOS O CASI TODOS LOS DIAS,NUNCA,NUNCA,HABITUALMENTE,2,1,1,SI,"", ,NA,ALGUNAS VECES AL MES,ALGUNAS VECES AL MES,ALGUNOS DIAS POR SEMANA,ALGUNA VEZ AL AO,ALGUNAS VECES AL MES,ALGUNOS DIAS POR SEMANA,TODOS O CASI TODOS LOS DIAS,ALGUNOS DIAS POR SEMANA,TODOS O CASI TODOS LOS DIAS,TODOS O CASI TODOS LOS DIAS,NUNCA,TODOS O CASI TODOS LOS DIAS,ALGUNAS VECES AL MES,1600,0,0,SI,"", ,NA,ALGUNA VEZ AL AO O MENOS,1,1,0,0,VIO O ESCUCHO EN UNA PUBLICIDAD, ,NUNCA,DE VEZ EN CUANDO,DE VEZ EN CUANDO,DE VEZ EN CUANDO,DE VEZ EN CUANDO,DE VEZ EN CUANDO,DE VEZ EN CUANDO,DE VEZ EN CUANDO,CASI NUNCA,DE VEZ EN CUANDO,DE VEZ EN CUANDO,NO,NA,"",0,"",0,"",0,SI,"", ,NA,NA,SI,NA,"",INCLUYE TELFONO,1000,1000,TODOS O CASI TODOS LOS DAS,TODOS O CASI TODOS LOS DAS,ALGUNAS VECES AL MES,TODOS O CASI TODOS LOS DAS,5,NO USA,5,NO USA,ALGUNOS DIAS POR SEMANA,TODOS O CASI TODOS LOS DAS,TODOS O CASI TODOS LOS DAS,NUNCA,ALGUNOS DIAS POR SEMANA,ALGUNOS DIAS POR SEMANA,ALGUNAS VECES AL MES,NUNCA,NUNCA,ALGUNAS VECES AL MES,SI,NO,SI,NO,NO,TODOS O CASI TODOS LOS DAS,NA,TODOS O CASI TODOS LOS DAS,NA,NA,NO,NA, ,NUNCA,ALGUNA VEZ CADA 3 MESES,TODOS O CASI TODOS LOS DAS,ALGUNOS DIAS POR SEMANA,ALGUNA VEZ AL AO O MENOS,ALGUNOS DIAS POR SEMANA,TODOS O CASI TODOS LOS DAS,5,0,5,0,"OBSERVA LOS CONTENIDOS, SIN HACER COMENTARIOS",NA,"","","","","","","","","","","",1,1,SI,1,SI,NO,100,100,0,NO,NA,,,0,0,NA,NA,NA,NA,"",0,NO,NO,SI,NO,NO,NO,NO,NO,NO,NO,NO,NO,SI,NO,NO,NO,NO,NO,NO,NO,NO,NO,NO,NO,NO,"",0,NO,"",0,NA,NA,NA,NA,NA,NA,"","",0,ENTRE 1 Y 5 AOS,"",NO FUE NUNCA,"",HACE MAS DE 5 AOS,"",HACE MAS DE 5 AOS,"",VARIAS VECES EN EL ULTIMO AO,200,1 VEZ EN EL ULTIMO AO,300,NO FUE NUNCA,"",NO FUE NUNCA,"",NO FUE NUNCA,"",1 VEZ EN EL ULTIMO AO,0,NO FUE NUNCA,"",NO FUE NUNCA,"",NO FUE NUNCA,"",NO FUE NUNCA,"",VARIAS VECES EN EL ULTIMO AO,400,NO FUE NUNCA,"",NO FUE NUNCA,"",NO FUE NUNCA,"",NO FUE NUNCA,"",NO FUE NUNCA,"",2,1,0,3,UNIVERSITARIO INCOMPLETO,LA PERSONA QUE FUE ENTREVISTADA,"",TRABAJA,EMPLEADO ADMINISTRATIVO,TRABAJADOR/OBRERO CALIFICADO. EMPLEADO ADMINISTRATIVO MEDIO, ,"",SI,SI,NO,NO,NO,SI,PROPIA,NO,NO,NO,NO,NO,BARRIO DE VIVIENDA SOCIAL,BARRIO DE VIVIENDA SOCIAL,DEPARTAMENTO,64,C3,0,0,0,60,60,1,0,30,0.5,120,120,2,300,300,5,300,300,5,0,0,0
189,189,8733,2017-07-05T00:00:00,NEA,Mujer,52,"EL ARTE, LO CULTO", ,SI,"", ,NA,SI,ALGUNOS DIAS POR SEMANA,AM,4,0,4,0,ALGUNOS DIAS POR SEMANA,ALGUNOS DIAS POR SEMANA,ALGUNOS DIAS POR SEMANA,ALGUNA VEZ AL AO O MENOS,NUNCA,INFORMATIVOS / NOTICIEROS,MUSICALES,NA,NA,NA,NA,NA, ,2,SI,"", ,NA,TODOS O CASI TODOS LOS DIAS,8,0,8,0,NUNCA,ALGUNOS DIAS POR SEMANA,TODOS O CASI TODOS LOS DIAS,ALGUNOS DIAS POR SEMANA,NUNCA,NUNCA,NUNCA,NUNCA,ALGUNOS DIAS POR SEMANA,CASI NUNCA,DE VEZ EN CUANDO,DE VEZ EN CUANDO,HABITUALMENTE,NUNCA,DE VEZ EN CUANDO,HABITUALMENTE,HABITUALMENTE,HABITUALMENTE,DE VEZ EN CUANDO,HABITUALMENTE,NUNCA,NUNCA,DE VEZ EN CUANDO,3 canciones,SI,TODOS O CASI TODOS LOS DIAS,NUNCA,SPOTIFY,YOUTUBE,NA,NA,NA,NA,NA, ,80,0,0,0,NO,POR FALTA DE DINERO, ,NO,NA,"",0,"",0,"",0,SI,3,SI,SI,"", ,NA,2,2,1,0,1,0,ALGUNA VEZ AL AO,0,0,0,0,ALGUNOS DIAS POR SEMANA,CELULAR,MENOS DE UNA VEZ POR MES,ALGUNAS VECES AL MES,ALGUNOS DIAS POR SEMANA,AMBAS POR IGUAL,NO,NO,NA,"",0,"",0,"",0,NA,SI,"", ,NA,2,2,0,0,POR GUSTO PERSONAL, ,0,0,0,0,ALGUNA VEZ CADA 3 MESES,TODOS O CASI TODOS LOS DIAS,COMPUTADORA,"","","",NO,CASI NUNCA,HABITUALMENTE,NUNCA,NUNCA,DE VEZ EN CUANDO,NUNCA,NUNCA,HABITUALMENTE,NUNCA,NUNCA,DE VEZ EN CUANDO,NUNCA,NUNCA,HABITUALMENTE,HABITUALMENTE,NUNCA,SI,"",NA,3,0,3,0,TELEVISION POR CABLE,NA,ALGUNAS VECES POR SEMANA,UNA HORA O MENOS AL DIA,NUNCA,NUNCA,NUNCA,TODOS O CASI TODOS LOS DIAS,NUNCA,DE VEZ EN CUANDO,NUNCA,2,NINGUNO,NINGUNO,SI,"", ,NA,NUNCA,ALGUNA VEZ AL AO,ALGUNOS DIAS POR SEMANA,NUNCA,ALGUNOS DIAS POR SEMANA,ALGUNOS DIAS POR SEMANA,NUNCA,NUNCA,ALGUNOS DIAS POR SEMANA,ALGUNOS DIAS POR SEMANA,NUNCA,ALGUNA VEZ CADA 3 MESES,NUNCA,200,0,0,SI,"", ,NA,ALGUNA VEZ AL AO O MENOS,2,2,0,0,VIO O ESCUCHO EN UNA PUBLICIDAD, ,DE VEZ EN CUANDO,DE VEZ EN CUANDO,DE VEZ EN CUANDO,NUNCA,NUNCA,NUNCA,HABITUALMENTE,HABITUALMENTE,NUNCA,DE VEZ EN CUANDO,CASI NUNCA,NO,NA,"",0,"",0,"",0,SI,"", ,NA,NA,SI,NA,"",INCLUYE CABLE,700,700,TODOS O CASI TODOS LOS DAS,TODOS O CASI TODOS LOS DAS,NUNCA,NUNCA,10,NO USA,10,NO USA,TODOS O CASI TODOS LOS DAS,ALGUNAS VECES AL MES,TODOS O CASI TODOS LOS DAS,ALGUNAS VECES AL MES,NUNCA,ALGUNA VEZ CADA 3 MESES,ALGUNA VEZ CADA 3 MESES,ALGUNA VEZ AL AO O MENOS,ALGUNA VEZ AL AO O MENOS,ALGUNAS VECES AL MES,SI,NO,NO,NO,NO,TODOS O CASI TODOS LOS DAS,NA,NA,NA,NA,NO,NA, ,NUNCA,NUNCA,NUNCA,NUNCA,NUNCA,ALGUNA VEZ AL AO O MENOS,TODOS O CASI TODOS LOS DAS,2,0,2,0,"OBSERVA LOS CONTENIDOS, SIN HACER COMENTARIOS",NA,"","","","","","","","","","","",3,NINGUNA,SI,1,SI,SI,400,400,0,NO,NA,,,0,0,NA,NA,NA,NA,"",0,NO,NO,NO,NO,NO,NO,NO,NO,NO,NA,NA,NA,NA,NA,NA,NA,NA,NA,NA,SI,NO,NO,NO,NO,NO,"",0,NO,"",0,NA,NA,NA,NA,NA,NA,"","",0,NO FUE NUNCA,"",VARIAS VECES EN EL ULTIMO AO,0,NO FUE NUNCA,"",NO FUE NUNCA,"",NO FUE NUNCA,"",NO FUE NUNCA,"",NO FUE NUNCA,"",NO FUE NUNCA,"",NO FUE NUNCA,"",HACE MAS DE 5 AOS,"",NO FUE NUNCA,"",NO FUE NUNCA,"",NO FUE NUNCA,"",NO FUE NUNCA,"",NO FUE NUNCA,"",NO FUE NUNCA,"",NO FUE NUNCA,"",NO FUE NUNCA,"",NO FUE NUNCA,"",NO FUE NUNCA,"",7,1,0,3,POSGRADO INCOMPLETO O COMPLETO,LA PERSONA QUE FUE ENTREVISTADA,"",TRABAJA,BIOQUIMICO,EJECUTIVO MEDIO DE EMPRESA/ PROFESIONAL INDEPENDIENTE/ FUNCI, ,"",SI,SI,SI,NO,SI,SI,PROPIA,NO,NO,NO,NO,NO,BARRIO CON VIVIENDAS DISTINTAS,BARRIO CON VIVIENDAS DISTINTAS,DEPARTAMENTO,93,AB,240,240,4,480,480,8,60,60,1,180,180,3,600,600,10,120,120,2,0,0,0
190,190,1960,2017-05-13T00:00:00,NEA,Mujer,76,"LA TRADICION, LA HISTORIA", ,SI,"", ,NA,NO,TODOS O CASI TODOS LOS DIAS,AMBAS POR IGUAL,2,0,2,0,TODOS O CASI TODOS LOS DIAS,NUNCA,NUNCA,NUNCA,NUNCA,INFORMATIVOS / NOTICIEROS,CULTURALES,CHIMENTOS,NA,NA,NA,NA, ,2,NO,PORQUE NO LE GUSTA LA MUSICA, ,SI,NA,,,0,0,NA,NA,NA,NA,NA,NA,NA,NA,NA,NA,NA,NA,NA,NA,NA,NA,NA,NA,NA,NA,NA,NA,NA,"",NA,NA,NA,NA,NA,NA,NA,NA,NA,NA, ,"",0,0,0,NO,POR PROBLEMAS DE SALUD, ,SI,NA,"",0,"",0,"",0,SI,1,NO,NO,PORQUE NO LE GUSTA LEER DIARIOS, ,NO,"",0,,,0,0,NA,"",0,"",0,NA,NA,NA,NA,NA,NA,NO,NO,NA,"",0,"",0,"",0,NA,SI,"", ,NA,1,1,1,1,"SE LO HABIA RECOMENDADO UN AMIGO, FAMILIAR O CONOCIDO", ,1,1,150,150,ALGUNOS DIAS POR SEMANA,"NO LEYO LIBROS EN PANTALLA, SOLO EN PAPEL","","","","","",NUNCA,NUNCA,DE VEZ EN CUANDO,NUNCA,NUNCA,NUNCA,NUNCA,NUNCA,NUNCA,NUNCA,CASI NUNCA,NUNCA,NUNCA,CASI NUNCA,NUNCA,NUNCA,SI,"",NA,6,0,6,0,TELEVISION POR CABLE,NA,UNA HORA O MENOS AL DIA,VARIAS HORAS AL DIA,NUNCA,NUNCA,NUNCA,TODOS O CASI TODOS LOS DIAS,NUNCA,HABITUALMENTE,NUNCA,1,NINGUNO,NINGUNO,NO,PORQUE NO LE INTERESA, ,SI,NA,NA,NA,NA,NA,NA,NA,NA,NA,NA,NA,NA,NA,0,0,0,NO,POR FALTA DE DINERO, ,SI,NA,"",0,"",0,NA, ,NA,NA,NA,NA,NA,NA,NA,NA,NA,NA,NA,NO,NA,"",0,"",0,"",0,NO,PORQUE NO APRENDI A USAR INTERNET, ,NO,NO,NA,NA,"",NA,"",0,NA,NA,NA,NA,,"",0,NO USA,NA,NA,NA,NA,NA,NA,NA,NA,NA,NA,NA,NA,NA,NA,NA,NA,NA,NA,NA,NA,NA,NA, ,NA,NA,NA,NA,NA,NA,NA,,,0,0,NA,NA,"","","","","","","","","","","",NINGUNA,NINGUNA,NO,NINGUNO,NA,NA,"",0,0,NO,NA,,,0,0,NA,NA,NA,NA,"",0,NO,SI,NO,NO,NO,NO,NO,NO,NO,NO,NO,NO,SI,NO,NO,NO,NO,NO,NO,NO,NO,NO,NO,NO,NO,"",0,NO,"",0,NA,NA,NA,NA,NA,NA,"","",0,HACE MAS DE 5 AOS,"",ENTRE 1 Y 5 AOS,"",HACE MAS DE 5 AOS,"",HACE MAS DE 5 AOS,"",ENTRE 1 Y 5 AOS,"",HACE MAS DE 5 AOS,"",NO FUE NUNCA,"",NO FUE NUNCA,"",HACE MAS DE 5 AOS,"",HACE MAS DE 5 AOS,"",NO FUE NUNCA,"",NO FUE NUNCA,"",NO FUE NUNCA,"",NO FUE NUNCA,"",NO FUE NUNCA,"",NO FUE NUNCA,"",NO FUE NUNCA,"",ENTRE 1 Y 5 AOS,"",HACE MAS DE 5 AOS,"",HACE MAS DE 5 AOS,"",1,,,2,TERCIARIO COMPLETO,LA PERSONA QUE FUE ENTREVISTADA,"",ES JUBILADO/PENSIONADO, ,"",DOCENTE,TRABAJADOR/OBRERO CALIFICADO. EMPLEADO ADMINISTRATIVO MEDIO,SI,NO,NO,NO,NO,NO,PROPIA,NO,NO,NO,NO,NO,BARRIO CON VIVIENDAS DISTINTAS,BARRIO CON VIVIENDAS DISTINTAS,DEPARTAMENTO,58,C3,120,120,2,0,0,0,0,0,0,360,360,6,0,0,0,0,0,0,0,0,0
191,191,4416,2017-05-14T00:00:00,NEA,Varn,19,"HABITOS, COSTUMBRES, COMPORTAMIENTOS", ,NO,PORQUE NO LE GUSTA LA RADIO, ,NO,NA,NA,NA,,,0,0,NA,NA,NA,NA,NA,NA,NA,NA,NA,NA,NA,NA, ,0,SI,"", ,NA,TODOS O CASI TODOS LOS DIAS,1,0,1,0,NUNCA,ALGUNAS VECES AL MES,ALGUNOS DIAS POR SEMANA,TODOS O CASI TODOS LOS DIAS,NUNCA,NUNCA,NUNCA,NUNCA,ALGUNAS VECES AL MES,NUNCA,NUNCA,DE VEZ EN CUANDO,NUNCA,NUNCA,DE VEZ EN CUANDO,HABITUALMENTE,NUNCA,NUNCA,NUNCA,NUNCA,HABITUALMENTE,NUNCA,NUNCA,2 canciones,SI,TODOS O CASI TODOS LOS DIAS,ALGUNA VEZ AL AO O MENOS,SPOTIFY,YOUTUBE,NA,NA,NA,NA,NA, ,0,0,0,0,NO,PORQUE NO LE INTERESA, ,SI,NA,"",0,"",0,"",0,SI,2,NO,SI,"", ,NA,1,1,0,15,0,15,"NO LEYO DIARIOS EN PAPEL, SOLO EN PANTALLA","",0,"",0,TODOS O CASI TODOS LOS DIAS,CELULAR,NUNCA,NUNCA,TODOS O CASI TODOS LOS DIAS,AMBAS POR IGUAL,NO,NO,NA,"",0,"",0,"",0,NA,SI,"", ,NA,4,4,0,0,"SE LO HABIA RECOMENDADO UN PROFESOR, REFERENTE POLITICO, RELIGIOSO O ESPIRITUAL", ,1,1,0,0,TODOS O CASI TODOS LOS DIAS,ALGUNOS DIAS POR SEMANA,CELULAR,"","","",NO,NUNCA,NUNCA,NUNCA,NUNCA,HABITUALMENTE,NUNCA,NUNCA,NUNCA,NUNCA,NUNCA,NUNCA,NUNCA,NUNCA,NUNCA,NUNCA,NUNCA,SI,"",NA,1,0,1,0,TELEVISION POR CABLE,NA,NO MIRA,VARIAS HORAS AL DIA,ALGUNOS DIAS POR SEMANA,ALGUNOS DIAS POR SEMANA,NUNCA,TODOS O CASI TODOS LOS DIAS,NUNCA,HABITUALMENTE,DE VEZ EN CUANDO,2,NINGUNO,NINGUNO,SI,"", ,NA,NUNCA,ALGUNAS VECES AL MES,ALGUNOS DIAS POR SEMANA,ALGUNA VEZ CADA 3 MESES,ALGUNA VEZ CADA 3 MESES,ALGUNOS DIAS POR SEMANA,ALGUNOS DIAS POR SEMANA,NUNCA,TODOS O CASI TODOS LOS DIAS,ALGUNOS DIAS POR SEMANA,NUNCA,TODOS O CASI TODOS LOS DIAS,ALGUNA VEZ CADA 3 MESES,250,0,0,SI,"", ,NA,ALGUNA VEZ CADA 3 MESES,2,2,0,0,"SE LA RECOMENDO UN AMIGO, FAMILIAR O CONOCIDO", ,HABITUALMENTE,HABITUALMENTE,HABITUALMENTE,DE VEZ EN CUANDO,HABITUALMENTE,CASI NUNCA,DE VEZ EN CUANDO,NUNCA,DE VEZ EN CUANDO,NUNCA,NUNCA,NO,NA,"",0,"",0,"",0,SI,"", ,NA,NA,SI,NA,"",INCLUYE CABLE,700,700,ALGUNOS DIAS POR SEMANA,TODOS O CASI TODOS LOS DAS,NUNCA,TODOS O CASI TODOS LOS DAS,15,NO USA,15,NO USA,TODOS O CASI TODOS LOS DAS,TODOS O CASI TODOS LOS DAS,ALGUNOS DIAS POR SEMANA,NUNCA,TODOS O CASI TODOS LOS DAS,NUNCA,NUNCA,NUNCA,NUNCA,NUNCA,SI,NO,NO,NO,NO,TODOS O CASI TODOS LOS DAS,NA,NA,NA,NA,NO,NA, ,NUNCA,NUNCA,ALGUNAS VECES AL MES,NUNCA,NUNCA,ALGUNAS VECES AL MES,ALGUNA VEZ CADA 3 MESES,10,0,10,0,"OBSERVA LOS CONTENIDOS, SIN HACER COMENTARIOS",NA,"","","","","","","","","","","",3,NINGUNA,SI,1,SI,NO,270,270,13000,SI,TODOS O CASI TODOS LOS DIAS,3,0,3,0,ALGUNOS DIAS POR SEMANA,ALGUNAS VECES AL MES,NUNCA,TODOS O CASI TODOS LOS DIAS,2000,2000,NO,NO,NO,NO,NO,NO,NO,NO,NO,NA,NA,NA,NA,NA,NA,NA,NA,NA,NA,SI,NO,NO,NO,NO,NO,"",0,NO,"",0,NA,NA,NA,NA,NA,NA,"","",0,HACE MAS DE 5 AOS,"",1 VEZ EN EL ULTIMO AO,0,ENTRE 1 Y 5 AOS,"",NO FUE NUNCA,"",NO FUE NUNCA,"",NO FUE NUNCA,"",NO FUE NUNCA,"",NO FUE NUNCA,"",NO FUE NUNCA,"",1 VEZ EN EL ULTIMO AO,0,NO FUE NUNCA,"",NO FUE NUNCA,"",NO FUE NUNCA,"",NO FUE NUNCA,"",NO FUE NUNCA,"",NO FUE NUNCA,"",NO FUE NUNCA,"",NO FUE NUNCA,"",NO FUE NUNCA,"",NO FUE NUNCA,"",5,1,0,3,UNIVERSITARIO INCOMPLETO,OTRO MIEMBRO DEL HOGAR,SECUNDARIA COMPLETA,TRABAJA,COMERCIANTE,TECNICO ESPECIALIZADO. COMERCIANTE. SUPERVISOR / JEFE / CAP, ,"",NO,SI,SI,NO,NO,SI,PROPIA,NO,NO,NO,NO,NO,BARRIO CON VIVIENDAS DISTINTAS,BARRIO CON VIVIENDAS DISTINTAS,CASA,64,C3,0,0,0,60,60,1,0,15,0.25,60,60,1,900,900,15,600,600,10,180,180,3
192,192,4311,2017-05-14T00:00:00,NEA,Varn,26,"HABITOS, COSTUMBRES, COMPORTAMIENTOS", ,NO,PORQUE NO LE GUSTA LA RADIO, ,NO,NA,NA,NA,,,0,0,NA,NA,NA,NA,NA,NA,NA,NA,NA,NA,NA,NA, ,1,SI,"", ,NA,ALGUNOS DIAS POR SEMANA,2,0,2,0,ALGUNOS DIAS POR SEMANA,NUNCA,ALGUNOS DIAS POR SEMANA,ALGUNOS DIAS POR SEMANA,NUNCA,NUNCA,NUNCA,NUNCA,NUNCA,NUNCA,HABITUALMENTE,DE VEZ EN CUANDO,NUNCA,NUNCA,NUNCA,CASI NUNCA,NUNCA,NUNCA,NUNCA,NUNCA,CASI NUNCA,NUNCA,NUNCA,7 canciones,SI,ALGUNOS DIAS POR SEMANA,ALGUNAS VECES AL MES,SPOTIFY,YOUTUBE,NA,NA,NA,NA,NA, ,0,0,0,0,SI,"", ,NA,ALGUNA VEZ CADA 3 MESES,2,2,1,1,1500,1500,SI,1,SI,NO,PORQUE NO LE GUSTA LEER DIARIOS, ,NO,"",0,,,0,0,NA,"",0,"",0,NA,NA,NA,NA,NA,NA,NO,NO,NA,"",0,"",0,"",0,NA,SI,"", ,NA,4,4,4,4,"SE LO HABIA RECOMENDADO UN PROFESOR, REFERENTE POLITICO, RELIGIOSO O ESPIRITUAL", ,2,2,500,500,TODOS O CASI TODOS LOS DIAS,"NO LEYO LIBROS EN PANTALLA, SOLO EN PAPEL","","","","","",NUNCA,NUNCA,NUNCA,NUNCA,HABITUALMENTE,NUNCA,NUNCA,NUNCA,NUNCA,NUNCA,NUNCA,DE VEZ EN CUANDO,NUNCA,NUNCA,NUNCA,NUNCA,SI,"",NA,1,0,1,0,TELEVISION POR CABLE,NA,ALGUNA VEZ AL AO,UNA HORA O MENOS AL DIA,NUNCA,NUNCA,NUNCA,TODOS O CASI TODOS LOS DIAS,CASI NUNCA,HABITUALMENTE,NUNCA,3,1,1,SI,"", ,NA,NUNCA,ALGUNA VEZ CADA 3 MESES,ALGUNAS VECES AL MES,NUNCA,NUNCA,ALGUNOS DIAS POR SEMANA,ALGUNOS DIAS POR SEMANA,ALGUNA VEZ AL AO,TODOS O CASI TODOS LOS DIAS,NUNCA,NUNCA,NUNCA,ALGUNOS DIAS POR SEMANA,0,0,0,NO,PORQUE NO LE GUSTA EL CINE, ,NO,NA,"",0,"",0,NA, ,NA,NA,NA,NA,NA,NA,NA,NA,NA,NA,NA,NO,NA,"",0,"",0,"",0,SI,"", ,NA,NA,SI,NA,"",INCLUYE CABLE,700,700,ALGUNOS DIAS POR SEMANA,TODOS O CASI TODOS LOS DAS,NUNCA,NUNCA,12,NO USA,12,NO USA,ALGUNOS DIAS POR SEMANA,NUNCA,NUNCA,NUNCA,ALGUNAS VECES AL MES,NUNCA,NUNCA,NUNCA,NUNCA,NUNCA,SI,SI,NO,NO,NO,TODOS O CASI TODOS LOS DAS,ALGUNOS DIAS POR SEMANA,NA,NA,NA,NO,NA, ,NUNCA,ALGUNA VEZ CADA 3 MESES,ALGUNAS VECES AL MES,ALGUNAS VECES AL MES,NUNCA,ALGUNAS VECES AL MES,ALGUNA VEZ CADA 3 MESES,5,0,5,0,"OBSERVA LOS CONTENIDOS, SIN HACER COMENTARIOS",NA,"","","","","","","","","","","",2,NINGUNA,SI,1,SI,SI,250,250,0,SI,ALGUNOS DIAS POR SEMANA,1,0,1,0,ALGUNOS DIAS POR SEMANA,TODOS O CASI TODOS LOS DIAS,NUNCA,NUNCA,0,0,NO,NO,NO,NO,NO,NO,NO,NO,NO,NA,NA,NA,NA,NA,NA,NA,NA,NA,NA,NO,NO,NO,NO,NO,NO,"",0,NO,"",0,NA,NA,NA,NA,NA,NA,"","",0,HACE MAS DE 5 AOS,"",ENTRE 1 Y 5 AOS,"",ENTRE 1 Y 5 AOS,"",ENTRE 1 Y 5 AOS,"",NO FUE NUNCA,"",NO FUE NUNCA,"",NO FUE NUNCA,"",NO FUE NUNCA,"",ENTRE 1 Y 5 AOS,"",NO FUE NUNCA,"",NO FUE NUNCA,"",NO FUE NUNCA,"",NO FUE NUNCA,"",NO FUE NUNCA,"",NO FUE NUNCA,"",NO FUE NUNCA,"",NO FUE NUNCA,"",ENTRE 1 Y 5 AOS,"",HACE MAS DE 5 AOS,"",HACE MAS DE 5 AOS,"",4,0,0,3,UNIVERSITARIO INCOMPLETO,OTRO MIEMBRO DEL HOGAR,UNIVERSITARIO COMPLETO,TRABAJA,EMPLEADO MUNICIPAL,TRABAJADOR/OBRERO CALIFICADO. EMPLEADO ADMINISTRATIVO MEDIO, ,"",SI,SI,SI,NO,SI,SI,PROPIA,NO,NO,NO,NO,NO,BARRIO CON VIVIENDAS DISTINTAS,BARRIO CON VIVIENDAS DISTINTAS,CASA,80,C2,0,0,0,120,120,2,0,0,0,60,60,1,720,720,12,300,300,5,60,60,1
193,193,7792,2017-05-14T00:00:00,NEA,Varn,36,"LA TRADICION, LA HISTORIA", ,NO,RELIGION, ,SI,NA,NA,NA,,,0,0,NA,NA,NA,NA,NA,NA,NA,NA,NA,NA,NA,NA, ,1,SI,"", ,NA,TODOS O CASI TODOS LOS DIAS,5,0,5,0,TODOS O CASI TODOS LOS DIAS,NUNCA,NUNCA,NUNCA,NUNCA,NUNCA,NUNCA,NUNCA,NUNCA,NUNCA,NUNCA,NUNCA,NUNCA,NUNCA,NUNCA,NUNCA,NUNCA,NUNCA,NUNCA,NUNCA,NUNCA,NUNCA,NUNCA,10 canciones,NO,NA,NA,NA,NA,NA,NA,NA,NA,NA, ,"",0,0,0,NO,PORQUE NO LE INTERESA, ,SI,NA,"",0,"",0,"",0,NO,0,NO,NO,PORQUE NO LE GUSTA LEER DIARIOS, ,NO,"",0,,,0,0,NA,"",0,"",0,NA,NA,NA,NA,NA,NA,NO,SI,NA,"",0,"",0,"",0,NA,NO,PORQUE LOS LIBROS ESTAN CAROS, ,SI,"",0,"",0,"", ,"",0,"",0,NA,NA,"","","","","",NA,NA,NA,NA,NA,NA,NA,NA,NA,NA,NA,NA,NA,NA,NA,NA,NO,RELIGION,SI,,,0,0,NA,NA,NA,NA,NA,NA,NA,NA,NA,NA,NA,2,NINGUNO,NINGUNO,NO,RELIGION, ,SI,NA,NA,NA,NA,NA,NA,NA,NA,NA,NA,NA,NA,NA,0,0,0,NO,PORQUE NO LE GUSTA EL CINE, ,SI,NA,"",0,"",0,NA, ,NA,NA,NA,NA,NA,NA,NA,NA,NA,NA,NA,NO,NA,"",0,"",0,"",0,NO,PORQUE NO LE INTERESA, ,SI,NO,NA,NA,"",NA,"",0,NA,NA,NA,NA,,"",0,NO USA,NA,NA,NA,NA,NA,NA,NA,NA,NA,NA,NA,NA,NA,NA,NA,NA,NA,NA,NA,NA,NA,NA, ,NA,NA,NA,NA,NA,NA,NA,,,0,0,NA,NA,"","","","","","","","","","","",NINGUNA,NINGUNA,NO,NINGUNO,NA,NA,"",0,0,NO,NA,,,0,0,NA,NA,NA,NA,"",0,NO,NO,SI,NO,NO,NO,NO,NO,NO,NO,NO,SI,NO,NO,NO,NO,NO,NO,NO,NO,NO,NO,NO,NO,NO,"",0,NO,"",0,NA,NA,NA,NA,NA,NA,"","",0,NO FUE NUNCA,"",1 VEZ EN EL ULTIMO AO,0,NO FUE NUNCA,"",HACE MAS DE 5 AOS,"",VARIAS VECES EN EL ULTIMO AO,350,NO FUE NUNCA,"",NO FUE NUNCA,"",NO FUE NUNCA,"",NO FUE NUNCA,"",HACE MAS DE 5 AOS,"",NO FUE NUNCA,"",NO FUE NUNCA,"",NO FUE NUNCA,"",NO FUE NUNCA,"",NO FUE NUNCA,"",NO FUE NUNCA,"",NO FUE NUNCA,"",ENTRE 1 Y 5 AOS,"",ENTRE 1 Y 5 AOS,"",NO FUE NUNCA,"",6,0,0,3,PRIMARIA COMPLETA,LA PERSONA QUE FUE ENTREVISTADA,"",TRABAJA,SERVICIOS ATMOSFRICOS,"OFICIO MENOR, OBRERO NO CALIFICADO/ SERVICIO DOMESTICO", ,"",NO,NO,NO,NO,NO,SI,ALQUILADA,NO,NO,NO,NO,NO,BARRIO CON VIVIENDAS DISTINTAS,BARRIO CON VIVIENDAS DISTINTAS,CASA,28,D2,0,0,0,300,300,5,0,0,0,0,0,0,0,0,0,0,0,0,0,0,0
194,194,2597,2017-05-14T00:00:00,NEA,Varn,49,"HABITOS, COSTUMBRES, COMPORTAMIENTOS", ,NO,PORQUE NO LE GUSTA LA RADIO, ,SI,NA,NA,NA,,,0,0,NA,NA,NA,NA,NA,NA,NA,NA,NA,NA,NA,NA, ,0,NO,PORQUE NO LE GUSTA LA MUSICA, ,NO,NA,,,0,0,NA,NA,NA,NA,NA,NA,NA,NA,NA,NA,NA,NA,NA,NA,NA,NA,NA,NA,NA,NA,NA,NA,NA,"",NA,NA,NA,NA,NA,NA,NA,NA,NA,NA, ,"",0,0,0,NO,PORQUE NO LE GUSTA IR A RECITALES, ,NO,NA,"",0,"",0,"",0,NO,0,NO,NO,PORQUE NO LE GUSTA LEER DIARIOS, ,SI,"",0,,,0,0,NA,"",0,"",0,NA,NA,NA,NA,NA,NA,SI,NA,TODOS O CASI TODOS LOS DIAS,0,0,0,0,0,0,"NO LEYO REVISTAS EN PANTALLA, SOLO EN PAPEL",SI,"", ,NA,NS/NC,NS/NC,0,0,RELIGION, ,0,0,0,0,TODOS O CASI TODOS LOS DIAS,"NO LEYO LIBROS EN PANTALLA, SOLO EN PAPEL","","","","","",NUNCA,NUNCA,NUNCA,NUNCA,NUNCA,NUNCA,NUNCA,NUNCA,NUNCA,NUNCA,NUNCA,NUNCA,NUNCA,NUNCA,NUNCA,HABITUALMENTE,SI,"",NA,1,0,1,0,"TELEVISION DIGITAL ABIERTA, CON DECODIFICADOR/ SINTONIZADOR",NA,NO MIRA,VARIAS HORAS AL DIA,NUNCA,NUNCA,NUNCA,TODOS O CASI TODOS LOS DIAS,NUNCA,HABITUALMENTE,NUNCA,1,1,1,SI,"", ,NA,NUNCA,NUNCA,ALGUNOS DIAS POR SEMANA,NUNCA,NUNCA,ALGUNOS DIAS POR SEMANA,NUNCA,NUNCA,TODOS O CASI TODOS LOS DIAS,NUNCA,NUNCA,NUNCA,NUNCA,0,0,0,NO,PORQUE NO LE INTERESA, ,SI,NA,"",0,"",0,NA, ,NA,NA,NA,NA,NA,NA,NA,NA,NA,NA,NA,NO,NA,"",0,"",0,"",0,SI,"", ,NA,NA,NO,SI,650,NA,"",0,NUNCA,TODOS O CASI TODOS LOS DAS,NUNCA,NUNCA,7,NO USA,7,NO USA,ALGUNOS DIAS POR SEMANA,NUNCA,ALGUNA VEZ CADA 3 MESES,NUNCA,NUNCA,NUNCA,NUNCA,NUNCA,NUNCA,NUNCA,SI,NO,NO,NO,NO,NS/NC,NA,NA,NA,NA,NO,NA, ,NUNCA,NUNCA,NUNCA,NUNCA,NUNCA,ALGUNA VEZ CADA 3 MESES,ALGUNOS DIAS POR SEMANA,2,0,2,0,"OBSERVA LOS CONTENIDOS, SIN HACER COMENTARIOS",NA,"","","","","","","","","","","",1,NINGUNA,NO,1,SI,SI,275,275,3500,NO,NA,,,0,0,NA,NA,NA,NA,"",0,NO,NO,SI,NO,NO,NO,NO,NO,NO,NO,SI,NO,NO,NO,NO,NO,NO,NO,NO,NO,NO,NO,NO,NO,NO,"",0,NO,"",0,NA,NA,NA,NA,NA,NA,"","",0,HACE MAS DE 5 AOS,"",HACE MAS DE 5 AOS,"",NO FUE NUNCA,"",HACE MAS DE 5 AOS,"",VARIAS VECES EN EL ULTIMO AO,100,HACE MAS DE 5 AOS,"",HACE MAS DE 5 AOS,"",NO FUE NUNCA,"",NO FUE NUNCA,"",NO FUE NUNCA,"",NO FUE NUNCA,"",NO FUE NUNCA,"",HACE MAS DE 5 AOS,"",NO FUE NUNCA,"",NO FUE NUNCA,"",NO FUE NUNCA,"",NO FUE NUNCA,"",ENTRE 1 Y 5 AOS,"",HACE MAS DE 5 AOS,"",NO FUE NUNCA,"",2,0,0,2,UNIVERSITARIO COMPLETO,LA PERSONA QUE FUE ENTREVISTADA,"",TRABAJA,EMPRESA DE CONSTRUCCION,TECNICO ESPECIALIZADO. COMERCIANTE. SUPERVISOR / JEFE / CAP, ,"",SI,NO,NO,NO,SI,SI,PROPIA,NO,NO,NO,NO,NO,BARRIO CON VIVIENDAS DISTINTAS,BARRIO CON VIVIENDAS DISTINTAS,CASA,78,C2,0,0,0,0,0,0,0,0,0,60,60,1,420,420,7,120,120,2,0,0,0
195,195,1588,2017-05-14T00:00:00,NEA,Varn,81,"LA TRADICION, LA HISTORIA", ,SI,"", ,NA,NO,TODOS O CASI TODOS LOS DIAS,FM,3,0,3,0,TODOS O CASI TODOS LOS DIAS,ALGUNAS VECES AL MES,NUNCA,NUNCA,NUNCA,INFORMATIVOS / NOTICIEROS,NA,NA,NA,NA,NA,NA, ,1,SI,"", ,NA,TODOS O CASI TODOS LOS DIAS,3,0,3,0,TODOS O CASI TODOS LOS DIAS,ALGUNOS DIAS POR SEMANA,NUNCA,NUNCA,NUNCA,NUNCA,NUNCA,NUNCA,NUNCA,HABITUALMENTE,NUNCA,NUNCA,CASI NUNCA,NUNCA,NUNCA,NUNCA,CASI NUNCA,NUNCA,NUNCA,NUNCA,NUNCA,HABITUALMENTE,NUNCA,9 canciones,NO,NA,NA,NA,NA,NA,NA,NA,NA,NA, ,"",0,0,0,NO,POR PROBLEMAS DE SALUD, ,SI,NA,"",0,"",0,"",0,NO,0,NO,SI,"", ,NA,1,1,0,30,0,30,ALGUNOS DIAS POR SEMANA,0,0,0,0,"NO LEYO DIARIOS EN PANTALLA, SOLO EN PAPEL",NA,NUNCA,ALGUNOS DIAS POR SEMANA,NUNCA,PRINCIPALMENTE LEE EN PAPEL O POR INTERNET SU DIARIO O DIARIOS PREFERIDOS,NO,SI,NA,"",0,"",0,"",0,NA,NO,PORQUE LOS LIBROS ESTAN CAROS, ,SI,"",0,"",0,"", ,"",0,"",0,NA,NA,"","","","","",NA,NA,NA,NA,NA,NA,NA,NA,NA,NA,NA,NA,NA,NA,NA,NA,SI,"",NA,5,0,5,0,TELEVISION POR CABLE,NA,UNA HORA O MENOS AL DIA,VARIAS HORAS AL DIA,NUNCA,NUNCA,NUNCA,TODOS O CASI TODOS LOS DIAS,NUNCA,HABITUALMENTE,NUNCA,1,NINGUNO,NINGUNO,NO,PORQUE NO LE INTERESA, ,SI,NA,NA,NA,NA,NA,NA,NA,NA,NA,NA,NA,NA,NA,0,0,0,NO,POR FALTA DE DINERO, ,SI,NA,"",0,"",0,NA, ,NA,NA,NA,NA,NA,NA,NA,NA,NA,NA,NA,NO,NA,"",0,"",0,"",0,NO,PORQUE NO LE INTERESA, ,SI,NO,NA,NA,"",NA,"",0,NA,NA,NA,NA,,"",0,NO USA,NA,NA,NA,NA,NA,NA,NA,NA,NA,NA,NA,NA,NA,NA,NA,NA,NA,NA,NA,NA,NA,NA, ,NA,NA,NA,NA,NA,NA,NA,,,0,0,NA,NA,"","","","","","","","","","","",NINGUNA,NINGUNA,SI,1,NO,NA,200,200,0,NO,NA,,,0,0,NA,NA,NA,NA,"",0,NO,SI,NO,NO,NO,NO,NO,NO,NO,NO,NO,NO,SI,NO,NO,NO,NO,NO,NO,NO,NO,NO,NO,NO,NO,"",0,NO,"",0,NA,NA,NA,NA,NA,NA,"","",0,HACE MAS DE 5 AOS,"",ENTRE 1 Y 5 AOS,"",HACE MAS DE 5 AOS,"",HACE MAS DE 5 AOS,"",HACE MAS DE 5 AOS,"",NO FUE NUNCA,"",NO FUE NUNCA,"",NO FUE NUNCA,"",NO FUE NUNCA,"",NO FUE NUNCA,"",NO FUE NUNCA,"",NO FUE NUNCA,"",NO FUE NUNCA,"",NO FUE NUNCA,"",NO FUE NUNCA,"",NO FUE NUNCA,"",NO FUE NUNCA,"",HACE MAS DE 5 AOS,"",NO FUE NUNCA,"",NO FUE NUNCA,"",1,,,2,PRIMARIA COMPLETA,LA PERSONA QUE FUE ENTREVISTADA,"",ES JUBILADO/PENSIONADO, ,"",CONSTRUCTOR,"OFICIO MENOR, OBRERO NO CALIFICADO/ SERVICIO DOMESTICO",SI,NO,SI,NO,NO,SI,PROPIA,NO,NO,NO,NO,NO,BARRIO CON VIVIENDAS DISTINTAS,BARRIO CON VIVIENDAS DISTINTAS,CASA,40,D1,180,180,3,180,180,3,0,30,0.5,300,300,5,0,0,0,0,0,0,0,0,0
196,196,5855,2017-05-14T00:00:00,NEA,Mujer,15,"HABITOS, COSTUMBRES, COMPORTAMIENTOS", ,SI,"", ,NA,NO,TODOS O CASI TODOS LOS DIAS,AMBAS POR IGUAL,10,0,10,0,TODOS O CASI TODOS LOS DIAS,ALGUNOS DIAS POR SEMANA,NUNCA,NUNCA,NUNCA,INFORMATIVOS / NOTICIEROS,MUSICALES,NA,NA,NA,NA,NA, ,1,SI,"", ,NA,TODOS O CASI TODOS LOS DIAS,1,0,1,0,ALGUNOS DIAS POR SEMANA,ALGUNOS DIAS POR SEMANA,NUNCA,NUNCA,NUNCA,NUNCA,NUNCA,NUNCA,NUNCA,NUNCA,NUNCA,NUNCA,NUNCA,NUNCA,NUNCA,DE VEZ EN CUANDO,NUNCA,NUNCA,NUNCA,NUNCA,HABITUALMENTE,NUNCA,NUNCA,0 canciones,NO,NA,NA,NA,NA,NA,NA,NA,NA,NA, ,"",0,0,0,NO,PORQUE NO LE GUSTA IR A RECITALES, ,NO,NA,"",0,"",0,"",0,NO,0,NO,SI,"", ,NA,1,1,0,15,0,15,TODOS O CASI TODOS LOS DIAS,7,7,105,105,"NO LEYO DIARIOS EN PANTALLA, SOLO EN PAPEL",NA,TODOS O CASI TODOS LOS DIAS,ALGUNAS VECES AL MES,NUNCA,PRINCIPALMENTE LEE EN PAPEL O POR INTERNET SU DIARIO O DIARIOS PREFERIDOS,NO,NO,NA,"",0,"",0,"",0,NA,SI,"", ,NA,2,2,0,0,"SE LO HABIA RECOMENDADO UN PROFESOR, REFERENTE POLITICO, RELIGIOSO O ESPIRITUAL", ,0,0,0,0,ALGUNOS DIAS POR SEMANA,"NO LEYO LIBROS EN PANTALLA, SOLO EN PAPEL","","","","","",NUNCA,NUNCA,NUNCA,NUNCA,DE VEZ EN CUANDO,NUNCA,NUNCA,NUNCA,NUNCA,NUNCA,NUNCA,DE VEZ EN CUANDO,NUNCA,NUNCA,NUNCA,NUNCA,NO,POR FALTA DE TIEMPO,SI,,,0,0,NA,NA,NA,NA,NA,NA,NA,NA,NA,NA,NA,2,1,1,SI,"", ,NA,NUNCA,NUNCA,NUNCA,NUNCA,NUNCA,ALGUNA VEZ CADA 3 MESES,NUNCA,NUNCA,ALGUNA VEZ CADA 3 MESES,ALGUNOS DIAS POR SEMANA,NUNCA,ALGUNOS DIAS POR SEMANA,ALGUNOS DIAS POR SEMANA,0,0,0,SI,"", ,NA,TODOS O CASI TODOS LOS MESES,3,3,0,0,"SE LA RECOMENDO UN AMIGO, FAMILIAR O CONOCIDO", ,DE VEZ EN CUANDO,NUNCA,NUNCA,CASI NUNCA,NUNCA,CASI NUNCA,DE VEZ EN CUANDO,NUNCA,NUNCA,NUNCA,NUNCA,NO,NA,"",0,"",0,"",0,SI,"", ,NA,NA,SI,NA,"",INCLUYE CABLE,700,700,ALGUNAS VECES AL MES,TODOS O CASI TODOS LOS DAS,NUNCA,NUNCA,12,NO USA,12,NO USA,ALGUNOS DIAS POR SEMANA,NUNCA,ALGUNOS DIAS POR SEMANA,NUNCA,NUNCA,NUNCA,NUNCA,NUNCA,NUNCA,NUNCA,SI,SI,NO,NO,NO,TODOS O CASI TODOS LOS DAS,TODOS O CASI TODOS LOS DAS,NA,NA,NA,NO,NA, ,NUNCA,ALGUNA VEZ AL AO O MENOS,ALGUNA VEZ CADA 3 MESES,ALGUNA VEZ AL AO O MENOS,ALGUNA VEZ AL AO O MENOS,ALGUNAS VECES AL MES,ALGUNA VEZ CADA 3 MESES,3,0,3,0,"OBSERVA LOS CONTENIDOS, SIN HACER COMENTARIOS",NA,"","","","","","","","","","","",2,NINGUNA,NO,NINGUNO,NA,NA,"",0,0,NO,NA,,,0,0,NA,NA,NA,NA,"",0,NO,NO,NO,NO,NO,NO,NO,NO,NO,NA,NA,NA,NA,NA,NA,NA,NA,NA,NA,SI,NO,NO,NO,NO,NO,"",0,NO,"",0,NA,NA,NA,NA,NA,NA,"","",0,ENTRE 1 Y 5 AOS,"",1 VEZ EN EL ULTIMO AO,0,HACE MAS DE 5 AOS,"",NO FUE NUNCA,"",NO FUE NUNCA,"",NO FUE NUNCA,"",NO FUE NUNCA,"",HACE MAS DE 5 AOS,"",HACE MAS DE 5 AOS,"",ENTRE 1 Y 5 AOS,"",NO FUE NUNCA,"",NO FUE NUNCA,"",NO FUE NUNCA,"",NO FUE NUNCA,"",NO FUE NUNCA,"",NO FUE NUNCA,"",NO FUE NUNCA,"",NO FUE NUNCA,"",NO FUE NUNCA,"",NO FUE NUNCA,"",5,0,0,3,SECUNDARIA INCOMPLETA,OTRO MIEMBRO DEL HOGAR,TERCIARIO COMPLETO,TRABAJA,TRIBUNAL DE CUENTAS,TRABAJADOR/OBRERO CALIFICADO. EMPLEADO ADMINISTRATIVO MEDIO, ,"",SI,SI,SI,NO,NO,SI,ALQUILADA,NO,NO,NO,NO,NO,BARRIO CON VIVIENDAS DISTINTAS,BARRIO CON VIVIENDAS DISTINTAS,CASA,72,C2,600,600,10,60,60,1,0,15,0.25,0,0,0,720,720,12,180,180,3,0,0,0
197,197,4682,2017-05-14T00:00:00,NEA,Mujer,20,"LA FORMA DE PENSAR, IDEOLOGIA, VALORES", ,NO,PORQUE NO LE GUSTA LA RADIO, ,NO,NA,NA,NA,,,0,0,NA,NA,NA,NA,NA,NA,NA,NA,NA,NA,NA,NA, ,0,SI,"", ,NA,TODOS O CASI TODOS LOS DIAS,1,0,1,0,TODOS O CASI TODOS LOS DIAS,NUNCA,NUNCA,TODOS O CASI TODOS LOS DIAS,NUNCA,NUNCA,NUNCA,NUNCA,ALGUNAS VECES AL MES,NUNCA,NUNCA,HABITUALMENTE,NUNCA,NUNCA,NUNCA,HABITUALMENTE,NUNCA,NUNCA,NUNCA,NUNCA,NUNCA,NUNCA,NUNCA,7 canciones,SI,TODOS O CASI TODOS LOS DIAS,ALGUNA VEZ CADA 3 MESES,SPOTIFY,YOUTUBE,NA,NA,NA,NA,NA, ,0,0,0,0,NO,PORQUE NO LE GUSTA IR A RECITALES, ,NO,NA,"",0,"",0,"",0,NO,0,NO,NO,PORQUE NO LE GUSTA LEER DIARIOS, ,NO,"",0,,,0,0,NA,"",0,"",0,NA,NA,NA,NA,NA,NA,SI,NA,ALGUNOS DIAS POR SEMANA,0,0,0,0,0,0,ALGUNOS DIAS POR SEMANA,SI,"", ,NA,1,1,1,1,"SE LO HABIA RECOMENDADO UN PROFESOR, REFERENTE POLITICO, RELIGIOSO O ESPIRITUAL", ,1,1,120,120,ALGUNOS DIAS POR SEMANA,"NO LEYO LIBROS EN PANTALLA, SOLO EN PAPEL","","","","","",NUNCA,DE VEZ EN CUANDO,NUNCA,NUNCA,DE VEZ EN CUANDO,NUNCA,NUNCA,NUNCA,NUNCA,NUNCA,NUNCA,NUNCA,NUNCA,NUNCA,NUNCA,NUNCA,SI,"",NA,2,0,2,0,TELEVISION POR CABLE,NA,ALGUNAS VECES POR SEMANA,VARIAS HORAS AL DIA,NUNCA,NUNCA,NUNCA,TODOS O CASI TODOS LOS DIAS,CASI NUNCA,HABITUALMENTE,NUNCA,1,NINGUNO,NINGUNO,SI,"", ,NA,ALGUNA VEZ AL AO,ALGUNA VEZ CADA 3 MESES,ALGUNA VEZ AL AO,ALGUNAS VECES AL MES,ALGUNA VEZ CADA 3 MESES,ALGUNOS DIAS POR SEMANA,ALGUNAS VECES AL MES,ALGUNOS DIAS POR SEMANA,TODOS O CASI TODOS LOS DIAS,NUNCA,NUNCA,ALGUNOS DIAS POR SEMANA,ALGUNAS VECES AL MES,0,0,0,SI,"", ,NA,TODOS O CASI TODOS LOS MESES,3,3,0,0,SE ENTERO A TRAVES DE UNA PAGINA O BLOG DE INTERNET, ,CASI NUNCA,DE VEZ EN CUANDO,DE VEZ EN CUANDO,CASI NUNCA,NUNCA,CASI NUNCA,DE VEZ EN CUANDO,NUNCA,CASI NUNCA,NUNCA,NUNCA,NO,NA,"",0,"",0,"",0,SI,"", ,NA,NA,NO,SI,NS/NC,NA,"",0,NUNCA,TODOS O CASI TODOS LOS DAS,NUNCA,NUNCA,10,NO USA,10,NO USA,NUNCA,NUNCA,NUNCA,NUNCA,NUNCA,NUNCA,NUNCA,NUNCA,NUNCA,NUNCA,NO,NO,NO,NO,NO,NA,NA,NA,NA,NA,NO,NA, ,NA,NA,NA,NA,NA,NA,NA,,,0,0,"OBSERVA LOS CONTENIDOS, SIN HACER COMENTARIOS",NA,"","","","","","","","","","","",1,NINGUNA,NO,1,SI,SI,100,100,0,NO,NA,,,0,0,NA,NA,NA,NA,"",0,NO,NO,NO,NO,NO,NO,NO,NO,NO,NA,NA,NA,NA,NA,NA,NA,NA,NA,NA,SI,NO,NO,NO,NO,NO,"",0,NO,"",0,NA,NA,NA,NA,NA,NA,"","",0,HACE MAS DE 5 AOS,"",1 VEZ EN EL ULTIMO AO,0,ENTRE 1 Y 5 AOS,"",HACE MAS DE 5 AOS,"",HACE MAS DE 5 AOS,"",NO FUE NUNCA,"",NO FUE NUNCA,"",NO FUE NUNCA,"",NO FUE NUNCA,"",NO FUE NUNCA,"",NO FUE NUNCA,"",NO FUE NUNCA,"",NO FUE NUNCA,"",NO FUE NUNCA,"",NO FUE NUNCA,"",NO FUE NUNCA,"",NO FUE NUNCA,"",NO FUE NUNCA,"",NO FUE NUNCA,"",NO FUE NUNCA,"",6,2,1,3,SECUNDARIA INCOMPLETA,OTRO MIEMBRO DEL HOGAR,PRIMARIA COMPLETA,TRABAJA,EMPLEADO DOMESTICA,"OFICIO MENOR, OBRERO NO CALIFICADO/ SERVICIO DOMESTICO", ,"",SI,NO,NO,NO,SI,SI,PROPIA,NO,NO,NO,NO,NO,BARRIO CON VIVIENDAS DISTINTAS,BARRIO CON VIVIENDAS DISTINTAS,CASA,40,D1,0,0,0,60,60,1,0,0,0,120,120,2,600,600,10,0,0,0,0,0,0
198,198,2285,2017-05-14T00:00:00,NEA,Mujer,30,"HABITOS, COSTUMBRES, COMPORTAMIENTOS", ,SI,"", ,NA,NO,ALGUNAS VECES AL MES,AMBAS POR IGUAL,1,0,1,0,ALGUNOS DIAS POR SEMANA,ALGUNOS DIAS POR SEMANA,NUNCA,NUNCA,NUNCA,INFORMATIVOS / NOTICIEROS,MUSICALES,NA,NA,NA,NA,NA, ,1,SI,"", ,NA,ALGUNOS DIAS POR SEMANA,1,0,1,0,ALGUNOS DIAS POR SEMANA,ALGUNOS DIAS POR SEMANA,NUNCA,NUNCA,NUNCA,NUNCA,NUNCA,NUNCA,NUNCA,DE VEZ EN CUANDO,NUNCA,NUNCA,NUNCA,NUNCA,DE VEZ EN CUANDO,NUNCA,NUNCA,NUNCA,NUNCA,NUNCA,NUNCA,NUNCA,NUNCA,9 canciones,NO,NA,NA,NA,NA,NA,NA,NA,NA,NA, ,"",0,0,0,NO,PORQUE NO LE INTERESA, ,NO,NA,"",0,"",0,"",0,NO,0,NO,NO,PORQUE NO LE GUSTA LEER DIARIOS, ,NO,"",0,,,0,0,NA,"",0,"",0,NA,NA,NA,NA,NA,NA,SI,NA,ALGUNOS DIAS POR SEMANA,1,1,0,0,0,0,"NO LEYO REVISTAS EN PANTALLA, SOLO EN PAPEL",NO,POR CUESTIONES ECONOMICAS, ,NO,"",0,"",0,"", ,"",0,"",0,NA,NA,"","","","","",NA,NA,NA,NA,NA,NA,NA,NA,NA,NA,NA,NA,NA,NA,NA,NA,SI,"",NA,2,0,2,0,TELEVISION SATELITAL,NA,NO MIRA,VARIAS HORAS AL DIA,NUNCA,NUNCA,NUNCA,TODOS O CASI TODOS LOS DIAS,NUNCA,HABITUALMENTE,NUNCA,1,NINGUNO,NINGUNO,SI,"", ,NA,NUNCA,NUNCA,ALGUNOS DIAS POR SEMANA,ALGUNAS VECES AL MES,ALGUNAS VECES AL MES,ALGUNOS DIAS POR SEMANA,NUNCA,NUNCA,TODOS O CASI TODOS LOS DIAS,NUNCA,NUNCA,NUNCA,ALGUNAS VECES AL MES,0,0,0,NO,PORQUE NO LE GUSTA EL CINE, ,SI,NA,"",0,"",0,NA, ,NA,NA,NA,NA,NA,NA,NA,NA,NA,NA,NA,NO,NA,"",0,"",0,"",0,SI,"", ,NA,NA,NO,SI,700,NA,"",0,NUNCA,TODOS O CASI TODOS LOS DAS,NUNCA,NUNCA,7,NO USA,7,NO USA,ALGUNOS DIAS POR SEMANA,ALGUNAS VECES AL MES,ALGUNOS DIAS POR SEMANA,NUNCA,NUNCA,NUNCA,NUNCA,NUNCA,NUNCA,NUNCA,NO,NO,NO,NO,NO,NA,NA,NA,NA,NA,NO,NA, ,NA,NA,NA,NA,NA,NA,NA,,,0,0,NS/NC,NA,"","","","","","","","","","","",NINGUNA,NINGUNA,NO,1,SI,SI,250,250,0,NO,NA,,,0,0,NA,NA,NA,NA,"",0,NO,NO,SI,NO,NO,NO,NO,NO,NO,NO,SI,NO,NO,NO,NO,NO,NO,NO,NO,NO,NO,NO,NO,NO,NO,"",0,NO,"",0,NA,NA,NA,NA,NA,NA,"","",0,NO FUE NUNCA,"",ENTRE 1 Y 5 AOS,"",NO FUE NUNCA,"",NO FUE NUNCA,"",1 VEZ EN EL ULTIMO AO,0,HACE MAS DE 5 AOS,"",HACE MAS DE 5 AOS,"",HACE MAS DE 5 AOS,"",HACE MAS DE 5 AOS,"",ENTRE 1 Y 5 AOS,"",NO FUE NUNCA,"",NO FUE NUNCA,"",NO FUE NUNCA,"",NO FUE NUNCA,"",NO FUE NUNCA,"",NO FUE NUNCA,"",NO FUE NUNCA,"",ENTRE 1 Y 5 AOS,"",NO FUE NUNCA,"",NO FUE NUNCA,"",3,1,0,2,SECUNDARIA COMPLETA,LA PERSONA QUE FUE ENTREVISTADA,"",TRABAJA,NEGOCIO REPOSITOR,"OFICIO MENOR, OBRERO NO CALIFICADO/ SERVICIO DOMESTICO", ,"",SI,NO,SI,NO,NO,SI,ALQUILADA,NO,NO,NO,NO,NO,BARRIO CON VIVIENDAS DISTINTAS,BARRIO CON VIVIENDAS DISTINTAS,CASA,48,D1,60,60,1,60,60,1,0,0,0,120,120,2,420,420,7,0,0,0,0,0,0
199,199,2467,2017-05-14T00:00:00,NEA,Mujer,53,"LA FORMA DE PENSAR, IDEOLOGIA, VALORES", ,NO,PORQUE NO LE GUSTA LA RADIO, ,SI,NA,NA,NA,,,0,0,NA,NA,NA,NA,NA,NA,NA,NA,NA,NA,NA,NA, ,1,SI,"", ,NA,TODOS O CASI TODOS LOS DIAS,2,0,2,0,TODOS O CASI TODOS LOS DIAS,NUNCA,NUNCA,ALGUNOS DIAS POR SEMANA,NUNCA,NUNCA,NUNCA,NUNCA,ALGUNOS DIAS POR SEMANA,DE VEZ EN CUANDO,NUNCA,NUNCA,NUNCA,NUNCA,HABITUALMENTE,HABITUALMENTE,NUNCA,NUNCA,NUNCA,NUNCA,NUNCA,NUNCA,NUNCA,3 canciones,SI,ALGUNOS DIAS POR SEMANA,NUNCA,YOUTUBE,NA,NA,NA,NA,NA,NA, ,0,0,0,0,NO,PORQUE NO LE INTERESA, ,NO,NA,"",0,"",0,"",0,SI,1,NO,SI,"", ,NA,1,1,0,20,0,20,TODOS O CASI TODOS LOS DIAS,0,0,0,0,ALGUNAS VECES AL MES,CELULAR,NUNCA,MENOS DE UNA VEZ POR MES,ALGUNAS VECES AL MES,PRINCIPALMENTE LEE EN PAPEL O POR INTERNET SU DIARIO O DIARIOS PREFERIDOS,NO,NO,NA,"",0,"",0,"",0,NA,NO,POR CUESTIONES ECONOMICAS, ,SI,"",0,"",0,"", ,"",0,"",0,NA,NA,"","","","","",NA,NA,NA,NA,NA,NA,NA,NA,NA,NA,NA,NA,NA,NA,NA,NA,SI,"",NA,3,0,3,0,TELEVISION POR CABLE,NA,VARIAS HORAS AL DIA,VARIAS HORAS AL DIA,NUNCA,NUNCA,NUNCA,TODOS O CASI TODOS LOS DIAS,NUNCA,HABITUALMENTE,NUNCA,2,1,1,SI,"", ,NA,NUNCA,ALGUNAS VECES AL MES,ALGUNOS DIAS POR SEMANA,ALGUNA VEZ AL AO,ALGUNA VEZ CADA 3 MESES,TODOS O CASI TODOS LOS DIAS,TODOS O CASI TODOS LOS DIAS,TODOS O CASI TODOS LOS DIAS,TODOS O CASI TODOS LOS DIAS,NUNCA,NUNCA,ALGUNA VEZ AL AO,NUNCA,0,0,0,NO,PORQUE NO LE GUSTA EL CINE, ,SI,NA,"",0,"",0,NA, ,NA,NA,NA,NA,NA,NA,NA,NA,NA,NA,NA,NO,NA,"",0,"",0,"",0,SI,"", ,NA,NA,NO,SI,NS/NC,NA,"",0,ALGUNOS DIAS POR SEMANA,TODOS O CASI TODOS LOS DAS,NUNCA,NUNCA,8,NO USA,8,NO USA,NUNCA,NUNCA,NUNCA,ALGUNA VEZ AL AO O MENOS,NUNCA,NUNCA,NUNCA,NUNCA,NUNCA,NUNCA,SI,NO,NO,NO,NO,ALGUNOS DIAS POR SEMANA,NA,NA,NA,NA,NO,NA, ,ALGUNA VEZ CADA 3 MESES,ALGUNA VEZ CADA 3 MESES,NUNCA,NUNCA,NUNCA,ALGUNAS VECES AL MES,NUNCA,1,0,1,0,"OBSERVA LOS CONTENIDOS, SIN HACER COMENTARIOS",NA,"","","","","","","","","","","",1,NINGUNA,NO,1,SI,SI,230,230,0,NO,NA,,,0,0,NA,NA,NA,NA,"",0,NO,NO,NO,NO,NO,NO,NO,NO,NO,NA,NA,NA,NA,NA,NA,NA,NA,NA,NA,SI,NO,NO,NO,NO,NO,"",0,SI,1,1,UNA VEZ AL AO,NUNCA,UNA VEZ AL AO,UNA VEZ AL AO,NUNCA,NUNCA,FUE GRATUITO,0,0,HACE MAS DE 5 AOS,"",VARIAS VECES EN EL ULTIMO AO,700,ENTRE 1 Y 5 AOS,"",HACE MAS DE 5 AOS,"",NO FUE NUNCA,"",NO FUE NUNCA,"",NO FUE NUNCA,"",NO FUE NUNCA,"",NO FUE NUNCA,"",NO FUE NUNCA,"",NO FUE NUNCA,"",1 VEZ EN EL ULTIMO AO,0,NO FUE NUNCA,"",NO FUE NUNCA,"",NO FUE NUNCA,"",NO FUE NUNCA,"",NO FUE NUNCA,"",1 VEZ EN EL ULTIMO AO,0,ENTRE 1 Y 5 AOS,"",HACE MAS DE 5 AOS,"",7,5,0,2,SECUNDARIA INCOMPLETA,OTRO MIEMBRO DEL HOGAR,TERCIARIO INCOMPLETO,TRABAJA,NIERA,"OFICIO MENOR, OBRERO NO CALIFICADO/ SERVICIO DOMESTICO", ,"",NO,NO,NO,NO,NO,SI,ALQUILADA,SI,NO,NO,NO,NO,BARRIO CON VIVIENDAS DISTINTAS,BARRIO CON VIVIENDAS DISTINTAS,CASILLA,46,D1,0,0,0,120,120,2,0,20,0.333333333,180,180,3,480,480,8,60,60,1,0,0,0
200,200,3701,2017-05-14T00:00:00,NEA,Mujer,61,"LA FORMA DE PENSAR, IDEOLOGIA, VALORES", ,SI,"", ,NA,NO,TODOS O CASI TODOS LOS DIAS,FM,4,0,4,0,TODOS O CASI TODOS LOS DIAS,NUNCA,NUNCA,NUNCA,NUNCA,INFORMATIVOS / NOTICIEROS,NA,NA,NA,NA,NA,NA, ,1,SI,"", ,NA,TODOS O CASI TODOS LOS DIAS,3,0,3,0,TODOS O CASI TODOS LOS DIAS,NUNCA,NUNCA,ALGUNOS DIAS POR SEMANA,NUNCA,NUNCA,NUNCA,NUNCA,ALGUNOS DIAS POR SEMANA,NUNCA,NUNCA,NUNCA,HABITUALMENTE,NUNCA,DE VEZ EN CUANDO,CASI NUNCA,NUNCA,DE VEZ EN CUANDO,NUNCA,NUNCA,NUNCA,NUNCA,HABITUALMENTE,8 canciones,SI,ALGUNOS DIAS POR SEMANA,ALGUNA VEZ AL AO O MENOS,YOUTUBE,NA,NA,NA,NA,NA,NA, ,0,0,0,0,NO,PORQUE NO LE INTERESA, ,NO,NA,"",0,"",0,"",0,NO,0,NO,SI,"", ,NA,1,1,0,30,0,30,ALGUNOS DIAS POR SEMANA,1,1,30,30,"NO LEYO DIARIOS EN PANTALLA, SOLO EN PAPEL",NA,ALGUNOS DIAS POR SEMANA,MENOS DE UNA VEZ POR MES,NUNCA,PRINCIPALMENTE LEE EN PAPEL O POR INTERNET SU DIARIO O DIARIOS PREFERIDOS,SI,NA,ALGUNOS DIAS POR SEMANA,2,2,0,0,70,70,"NO LEYO REVISTAS EN PANTALLA, SOLO EN PAPEL",NO,POR CUESTIONES ECONOMICAS, ,NO,"",0,"",0,"", ,"",0,"",0,NA,NA,"","","","","",NA,NA,NA,NA,NA,NA,NA,NA,NA,NA,NA,NA,NA,NA,NA,NA,SI,"",NA,2,0,2,0,TELEVISION POR CABLE,NA,ALGUNAS VECES POR SEMANA,VARIAS HORAS AL DIA,NUNCA,NUNCA,NUNCA,TODOS O CASI TODOS LOS DIAS,NUNCA,HABITUALMENTE,NUNCA,2,NINGUNO,NINGUNO,NO,PORQUE NO LE INTERESA, ,SI,NA,NA,NA,NA,NA,NA,NA,NA,NA,NA,NA,NA,NA,0,0,0,NO,PORQUE NO LE GUSTA EL CINE, ,SI,NA,"",0,"",0,NA, ,NA,NA,NA,NA,NA,NA,NA,NA,NA,NA,NA,NO,NA,"",0,"",0,"",0,NO,PORQUE NO LE GUSTA, ,NO,SI,NO,SI,530,NA,"",0,NUNCA,TODOS O CASI TODOS LOS DAS,NUNCA,NUNCA,4,NO USA,4,NO USA,ALGUNAS VECES AL MES,NUNCA,NUNCA,NUNCA,NUNCA,NUNCA,NUNCA,NUNCA,NUNCA,NUNCA,NO,NO,NO,NO,NO,NA,NA,NA,NA,NA,NO,NA, ,NA,NA,NA,NA,NA,NA,NA,,,0,0,NS/NC,NA,"","","","","","","","","","","",NINGUNA,NINGUNA,NO,1,SI,SI,200,200,NS/NC,NO,NA,,,0,0,NA,NA,NA,NA,"",0,NO,NO,NO,NO,NO,NO,NO,NO,NO,NA,NA,NA,NA,NA,NA,NA,NA,NA,NA,SI,NO,NO,NO,NO,NO,"",0,NO,"",0,NA,NA,NA,NA,NA,NA,"","",0,NO FUE NUNCA,"",1 VEZ EN EL ULTIMO AO,0,HACE MAS DE 5 AOS,"",ENTRE 1 Y 5 AOS,"",NO FUE NUNCA,"",NO FUE NUNCA,"",HACE MAS DE 5 AOS,"",ENTRE 1 Y 5 AOS,"",ENTRE 1 Y 5 AOS,"",NO FUE NUNCA,"",NO FUE NUNCA,"",NO FUE NUNCA,"",HACE MAS DE 5 AOS,"",NO FUE NUNCA,"",NO FUE NUNCA,"",NO FUE NUNCA,"",NO FUE NUNCA,"",NO FUE NUNCA,"",NO FUE NUNCA,"",NO FUE NUNCA,"",5,2,1,3,SECUNDARIA INCOMPLETA,LA PERSONA QUE FUE ENTREVISTADA,"",TRABAJA,EMPLEADA DOMESTICA,"OFICIO MENOR, OBRERO NO CALIFICADO/ SERVICIO DOMESTICO", ,"",NO,NO,NO,NO,NO,SI,PROPIA,NO,NO,NO,NO,NO,BARRIO CON VIVIENDAS DISTINTAS,BARRIO CON VIVIENDAS DISTINTAS,CASA,38,D2,240,240,4,180,180,3,0,30,0.5,120,120,2,240,240,4,0,0,0,0,0,0
201,201,6893,2017-12-05T00:00:00,NEA,Varn,15,"HABITOS, COSTUMBRES, COMPORTAMIENTOS", ,NO,PORQUE NO LE INTERESA, ,NO,NA,NA,NA,,,0,0,NA,NA,NA,NA,NA,NA,NA,NA,NA,NA,NA,NA, ,0,SI,"", ,NA,TODOS O CASI TODOS LOS DIAS,6,0,6,0,NUNCA,ALGUNAS VECES AL MES,ALGUNAS VECES AL MES,TODOS O CASI TODOS LOS DIAS,NUNCA,NUNCA,NUNCA,NUNCA,ALGUNOS DIAS POR SEMANA,NUNCA,NUNCA,HABITUALMENTE,NUNCA,NUNCA,HABITUALMENTE,HABITUALMENTE,NUNCA,NUNCA,NUNCA,NUNCA,DE VEZ EN CUANDO,NUNCA,NUNCA,3 canciones,SI,TODOS O CASI TODOS LOS DIAS,ALGUNOS DIAS POR SEMANA,SPOTIFY,YOUTUBE,NA,NA,NA,NA,NA, ,150,0,0,0,NO,NS/NC, ,NO,NA,"",0,"",0,"",0,SI,1,NO,NO,PORQUE NO LE GUSTA LEER DIARIOS, ,NO,"",0,,,0,0,NA,"",0,"",0,NA,NA,NA,NA,NA,NA,NO,NO,NA,"",0,"",0,"",0,NA,SI,"", ,NA,4,4,4,4,"SE LO HABIA RECOMENDADO UN PROFESOR, REFERENTE POLITICO, RELIGIOSO O ESPIRITUAL", ,2,2,100,100,TODOS O CASI TODOS LOS DIAS,"NO LEYO LIBROS EN PANTALLA, SOLO EN PAPEL","","","","","",NUNCA,NUNCA,NUNCA,NUNCA,HABITUALMENTE,NUNCA,NUNCA,NUNCA,NUNCA,NUNCA,NUNCA,HABITUALMENTE,NUNCA,NUNCA,NUNCA,DE VEZ EN CUANDO,SI,"",NA,2,0,2,0,TELEVISION POR CABLE,NA,NO MIRA,VARIAS HORAS AL DIA,ALGUNAS VECES AL MES,ALGUNAS VECES AL MES,NUNCA,TODOS O CASI TODOS LOS DIAS,CASI NUNCA,HABITUALMENTE,NUNCA,2,NINGUNO,NINGUNO,SI,"", ,NA,NUNCA,NUNCA,ALGUNAS VECES AL MES,ALGUNOS DIAS POR SEMANA,ALGUNOS DIAS POR SEMANA,ALGUNOS DIAS POR SEMANA,NUNCA,NUNCA,TODOS O CASI TODOS LOS DIAS,ALGUNOS DIAS POR SEMANA,NUNCA,ALGUNOS DIAS POR SEMANA,ALGUNOS DIAS POR SEMANA,600,0,0,SI,"", ,NA,ALGUNA VEZ CADA 3 MESES,2,2,0,0,POR COMENTARIOS EN REDES SOCIALES, ,HABITUALMENTE,NUNCA,DE VEZ EN CUANDO,NUNCA,NUNCA,NUNCA,NUNCA,NUNCA,NUNCA,NUNCA,NUNCA,NO,NA,"",0,"",0,"",0,SI,"", ,NA,NA,SI,NA,"",INCLUYE CABLE,700,700,ALGUNOS DIAS POR SEMANA,TODOS O CASI TODOS LOS DAS,NUNCA,ALGUNOS DIAS POR SEMANA,15,NO USA,15,NO USA,ALGUNA VEZ CADA 3 MESES,NUNCA,ALGUNOS DIAS POR SEMANA,NUNCA,TODOS O CASI TODOS LOS DAS,NUNCA,NUNCA,NUNCA,NUNCA,NUNCA,SI,SI,SI,SI,NO,TODOS O CASI TODOS LOS DAS,TODOS O CASI TODOS LOS DAS,ALGUNOS DIAS POR SEMANA,TODOS O CASI TODOS LOS DAS,NA,NO,NA, ,NUNCA,ALGUNOS DIAS POR SEMANA,ALGUNOS DIAS POR SEMANA,NUNCA,NUNCA,ALGUNAS VECES AL MES,NUNCA,10,0,10,0,"OBSERVA LOS CONTENIDOS, SIN HACER COMENTARIOS",NA,"","","","","","","","","","","",3,NINGUNA,SI,1,SI,SI,400,400,0,SI,TODOS O CASI TODOS LOS DIAS,5,0,5,0,ALGUNOS DIAS POR SEMANA,ALGUNOS DIAS POR SEMANA,NUNCA,TODOS O CASI TODOS LOS DIAS,1000,1000,NO,NO,NO,NO,NO,NO,NO,NO,NO,NA,NA,NA,NA,NA,NA,NA,NA,NA,NA,SI,NO,NO,NO,NO,NO,"",0,NO,"",0,NA,NA,NA,NA,NA,NA,"","",0,HACE MAS DE 5 AOS,"",1 VEZ EN EL ULTIMO AO,100,NO FUE NUNCA,"",NO FUE NUNCA,"",NO FUE NUNCA,"",NO FUE NUNCA,"",NO FUE NUNCA,"",NO FUE NUNCA,"",NO FUE NUNCA,"",1 VEZ EN EL ULTIMO AO,0,NO FUE NUNCA,"",NO FUE NUNCA,"",NO FUE NUNCA,"",NO FUE NUNCA,"",NO FUE NUNCA,"",NO FUE NUNCA,"",NO FUE NUNCA,"",NO FUE NUNCA,"",NO FUE NUNCA,"",NO FUE NUNCA,"",7,1,0,3,SECUNDARIA INCOMPLETA,OTRO MIEMBRO DEL HOGAR,UNIVERSITARIO COMPLETO,TRABAJA,DOCENTE,TRABAJADOR/OBRERO CALIFICADO. EMPLEADO ADMINISTRATIVO MEDIO, ,"",SI,SI,SI,NO,SI,SI,PROPIA,NO,NO,NO,NO,NO,BARRIO CON VIVIENDAS DISTINTAS,BARRIO CON VIVIENDAS DISTINTAS,CASA,80,C2,0,0,0,360,360,6,0,0,0,120,120,2,900,900,15,600,600,10,300,300,5
202,202,2242,2017-11-05T00:00:00,NEA,Varn,29,"HABITOS, COSTUMBRES, COMPORTAMIENTOS", ,SI,"", ,NA,SI,ALGUNOS DIAS POR SEMANA,FM,1,0,1,0,TODOS O CASI TODOS LOS DIAS,NUNCA,ALGUNOS DIAS POR SEMANA,ALGUNOS DIAS POR SEMANA,NUNCA,INFORMATIVOS / NOTICIEROS,NA,NA,NA,NA,NA,NA, ,2,SI,"", ,NA,TODOS O CASI TODOS LOS DIAS,3,0,3,0,ALGUNOS DIAS POR SEMANA,NUNCA,TODOS O CASI TODOS LOS DIAS,ALGUNOS DIAS POR SEMANA,NUNCA,NUNCA,NUNCA,NUNCA,NUNCA,HABITUALMENTE,NUNCA,NUNCA,NUNCA,NUNCA,HABITUALMENTE,NUNCA,NUNCA,NUNCA,NUNCA,NUNCA,NUNCA,NUNCA,NUNCA,10 canciones,SI,ALGUNOS DIAS POR SEMANA,NUNCA,YOUTUBE,NA,NA,NA,NA,NA,NA, ,0,0,0,0,NO,PORQUE NO LE INTERESA, ,NO,NA,"",0,"",0,"",0,NO,0,NO,NO,PORQUE NO LE GUSTA LEER DIARIOS, ,NO,"",0,,,0,0,NA,"",0,"",0,NA,NA,NA,NA,NA,NA,SI,NA,ALGUNA VEZ AL AO,0,0,0,0,0,0,"NO LEYO REVISTAS EN PANTALLA, SOLO EN PAPEL",NO,PORQUE NO TIENE TIEMPO, ,SI,"",0,"",0,"", ,"",0,"",0,NA,NA,"","","","","",NA,NA,NA,NA,NA,NA,NA,NA,NA,NA,NA,NA,NA,NA,NA,NA,SI,"",NA,4,0,4,0,TELEVISION POR CABLE,NA,ALGUNAS VECES AL MES,VARIAS HORAS AL DIA,NUNCA,NUNCA,NUNCA,TODOS O CASI TODOS LOS DIAS,NUNCA,HABITUALMENTE,CASI NUNCA,2,1,1,SI,"", ,NA,NUNCA,ALGUNA VEZ AL AO,ALGUNOS DIAS POR SEMANA,ALGUNOS DIAS POR SEMANA,ALGUNA VEZ CADA 3 MESES,ALGUNOS DIAS POR SEMANA,ALGUNA VEZ AL AO,ALGUNAS VECES AL MES,TODOS O CASI TODOS LOS DIAS,NUNCA,NUNCA,ALGUNAS VECES AL MES,ALGUNA VEZ AL AO,0,0,0,SI,"", ,NA,ALGUNA VEZ AL AO O MENOS,4,4,0,0,VIO O ESCUCHO EN UNA PUBLICIDAD, ,HABITUALMENTE,NUNCA,DE VEZ EN CUANDO,NUNCA,NUNCA,NUNCA,CASI NUNCA,NUNCA,NUNCA,NUNCA,NUNCA,NO,NA,"",0,"",0,"",0,SI,"", ,NA,NA,SI,NA,"",INCLUYE TELFONO,600,600,ALGUNAS VECES AL MES,TODOS O CASI TODOS LOS DAS,NUNCA,NUNCA,12,NO USA,12,NO USA,ALGUNOS DIAS POR SEMANA,ALGUNAS VECES AL MES,NUNCA,NUNCA,NUNCA,NUNCA,NUNCA,NUNCA,NUNCA,NUNCA,SI,NO,NO,NO,NO,ALGUNOS DIAS POR SEMANA,NA,NA,NA,NA,NO,NA, ,NUNCA,NUNCA,ALGUNAS VECES AL MES,NUNCA,NUNCA,ALGUNAS VECES AL MES,NUNCA,2,0,2,0,"OBSERVA LOS CONTENIDOS, SIN HACER COMENTARIOS",NA,"","","","","","","","","","","",1,NINGUNA,NO,1,SI,NO,300,300,0,NO,NA,,,0,0,NA,NA,NA,NA,"",0,NO,NO,NO,NO,NO,NO,NO,NO,NO,NA,NA,NA,NA,NA,NA,NA,NA,NA,NA,SI,NO,NO,NO,NO,NO,"",0,NO,"",0,NA,NA,NA,NA,NA,NA,"","",0,HACE MAS DE 5 AOS,"",1 VEZ EN EL ULTIMO AO,0,ENTRE 1 Y 5 AOS,"",ENTRE 1 Y 5 AOS,"",NO FUE NUNCA,"",NO FUE NUNCA,"",ENTRE 1 Y 5 AOS,"",NO FUE NUNCA,"",NO FUE NUNCA,"",HACE MAS DE 5 AOS,"",NO FUE NUNCA,"",NO FUE NUNCA,"",NO FUE NUNCA,"",NO FUE NUNCA,"",HACE MAS DE 5 AOS,"",NO FUE NUNCA,"",NO FUE NUNCA,"",NO FUE NUNCA,"",NO FUE NUNCA,"",NO FUE NUNCA,"",4,2,0,2,SECUNDARIA INCOMPLETA,LA PERSONA QUE FUE ENTREVISTADA,"",TRABAJA,EMPLEADO PUBLICO,TRABAJADOR/OBRERO CALIFICADO. EMPLEADO ADMINISTRATIVO MEDIO, ,"",NO,SI,NO,NO,SI,SI,PROPIA,NO,NO,NO,NO,NO,BARRIO DE VIVIENDA SOCIAL,BARRIO DE VIVIENDA SOCIAL,CASILLA,52,D1,60,60,1,180,180,3,0,0,0,240,240,4,720,720,12,120,120,2,0,0,0
203,203,4484,2017-11-05T00:00:00,NEA,Varn,30,"HABITOS, COSTUMBRES, COMPORTAMIENTOS", ,SI,"", ,NA,SI,TODOS O CASI TODOS LOS DIAS,FM,4,0,4,0,TODOS O CASI TODOS LOS DIAS,TODOS O CASI TODOS LOS DIAS,NUNCA,ALGUNOS DIAS POR SEMANA,NUNCA,INFORMATIVOS / NOTICIEROS,MUSICALES,NA,NA,NA,NA,NA, ,1,SI,"", ,NA,TODOS O CASI TODOS LOS DIAS,2,0,2,0,NUNCA,ALGUNOS DIAS POR SEMANA,NUNCA,ALGUNOS DIAS POR SEMANA,NUNCA,NUNCA,NUNCA,NUNCA,ALGUNAS VECES AL MES,NUNCA,NUNCA,NUNCA,NUNCA,NUNCA,HABITUALMENTE,HABITUALMENTE,NUNCA,NUNCA,NUNCA,NUNCA,NUNCA,NUNCA,NUNCA,8 canciones,SI,ALGUNAS VECES AL MES,NUNCA,SPOTIFY,YOUTUBE,NA,NA,NA,NA,NA, ,0,0,0,0,SI,"", ,NA,ALGUNA VEZ AL AO O MENOS,2,2,2,2,1000,1000,NO,0,SI,NO,PORQUE NO LE GUSTA LEER DIARIOS, ,NO,"",0,,,0,0,NA,"",0,"",0,NA,NA,NA,NA,NA,NA,NO,NO,NA,"",0,"",0,"",0,NA,SI,"", ,NA,2,2,0,0,SE LO REGALARON, ,0,0,0,0,ALGUNA VEZ CADA 3 MESES,"NO LEYO LIBROS EN PANTALLA, SOLO EN PAPEL","","","","","",NUNCA,NUNCA,NUNCA,NUNCA,NUNCA,NUNCA,NUNCA,DE VEZ EN CUANDO,NUNCA,NUNCA,CASI NUNCA,NUNCA,NUNCA,NUNCA,DE VEZ EN CUANDO,NUNCA,SI,"",NA,3,0,3,0,TELEVISION POR CABLE,NA,ALGUNAS VECES POR SEMANA,VARIAS HORAS AL DIA,NUNCA,NUNCA,NUNCA,TODOS O CASI TODOS LOS DIAS,NUNCA,DE VEZ EN CUANDO,NUNCA,2,NINGUNO,NINGUNO,SI,"", ,NA,NUNCA,ALGUNAS VECES AL MES,ALGUNOS DIAS POR SEMANA,ALGUNOS DIAS POR SEMANA,ALGUNAS VECES AL MES,ALGUNOS DIAS POR SEMANA,ALGUNA VEZ AL AO,ALGUNOS DIAS POR SEMANA,TODOS O CASI TODOS LOS DIAS,ALGUNA VEZ AL AO,NUNCA,ALGUNA VEZ CADA 3 MESES,ALGUNAS VECES AL MES,0,0,0,SI,"", ,NA,ALGUNA VEZ CADA 3 MESES,1,1,1,1,"SE LA RECOMENDO UN AMIGO, FAMILIAR O CONOCIDO", ,HABITUALMENTE,NUNCA,NUNCA,DE VEZ EN CUANDO,DE VEZ EN CUANDO,CASI NUNCA,DE VEZ EN CUANDO,NUNCA,NUNCA,NUNCA,NUNCA,NO,NA,"",0,"",0,"",0,SI,"", ,NA,NA,SI,NA,"",INCLUYE CABLE,750,750,ALGUNOS DIAS POR SEMANA,TODOS O CASI TODOS LOS DAS,NUNCA,NUNCA,14,NO USA,14,NO USA,ALGUNOS DIAS POR SEMANA,ALGUNOS DIAS POR SEMANA,NUNCA,NUNCA,NUNCA,NUNCA,NUNCA,NUNCA,NUNCA,NUNCA,SI,NO,NO,NO,NO,ALGUNOS DIAS POR SEMANA,NA,NA,NA,NA,NO,NA, ,NUNCA,ALGUNAS VECES AL MES,ALGUNAS VECES AL MES,ALGUNA VEZ CADA 3 MESES,NUNCA,ALGUNAS VECES AL MES,NUNCA,4,0,4,0,"OBSERVA LOS CONTENIDOS, SIN HACER COMENTARIOS",NA,"","","","","","","","","","","",1,NINGUNA,NO,1,SI,SI,240,240,0,SI,ALGUNOS DIAS POR SEMANA,0,30,0,30,ALGUNA VEZ AL AO O MENOS,ALGUNAS VECES AL MES,NUNCA,TODOS O CASI TODOS LOS DIAS,0,0,NO,NO,NO,NO,NO,NO,NO,NO,NO,NA,NA,NA,NA,NA,NA,NA,NA,NA,NA,SI,NO,NO,NO,NO,NO,"",0,NO,"",0,NA,NA,NA,NA,NA,NA,"","",0,NO FUE NUNCA,"",1 VEZ EN EL ULTIMO AO,0,ENTRE 1 Y 5 AOS,"",1 VEZ EN EL ULTIMO AO,250,NO FUE NUNCA,"",NO FUE NUNCA,"",NO FUE NUNCA,"",NO FUE NUNCA,"",HACE MAS DE 5 AOS,"",HACE MAS DE 5 AOS,"",NO FUE NUNCA,"",NO FUE NUNCA,"",NO FUE NUNCA,"",NO FUE NUNCA,"",HACE MAS DE 5 AOS,"",NO FUE NUNCA,"",NO FUE NUNCA,"",NO FUE NUNCA,"",NO FUE NUNCA,"",NO FUE NUNCA,"",4,0,0,2,SECUNDARIA COMPLETA,OTRO MIEMBRO DEL HOGAR,SECUNDARIA COMPLETA,TRABAJA,PANADERA,TRABAJADOR/OBRERO CALIFICADO. EMPLEADO ADMINISTRATIVO MEDIO, ,"",SI,SI,NO,SI,NO,SI,PROPIA,NO,NO,NO,NO,NO,BARRIO CON VIVIENDAS DISTINTAS,BARRIO CON VIVIENDAS DISTINTAS,CASA,62,C3,240,240,4,120,120,2,0,0,0,180,180,3,840,840,14,240,240,4,0,30,0.5
204,204,2702,2017-11-05T00:00:00,NEA,Varn,46,"HABITOS, COSTUMBRES, COMPORTAMIENTOS", ,SI,"", ,NA,NO,TODOS O CASI TODOS LOS DIAS,FM,3,0,3,0,TODOS O CASI TODOS LOS DIAS,ALGUNA VEZ AL AO O MENOS,ALGUNA VEZ AL AO O MENOS,ALGUNA VEZ AL AO O MENOS,ALGUNA VEZ AL AO O MENOS,INFORMATIVOS / NOTICIEROS,MUSICALES,NA,NA,NA,NA,NA, ,1,SI,"", ,NA,ALGUNOS DIAS POR SEMANA,2,0,2,0,ALGUNOS DIAS POR SEMANA,NUNCA,NUNCA,NUNCA,NUNCA,NUNCA,NUNCA,NUNCA,ALGUNOS DIAS POR SEMANA,DE VEZ EN CUANDO,NUNCA,NUNCA,NUNCA,DE VEZ EN CUANDO,NUNCA,NUNCA,NUNCA,NUNCA,NUNCA,NUNCA,NUNCA,NUNCA,NUNCA,8 canciones,NO,NA,NA,NA,NA,NA,NA,NA,NA,NA, ,"",0,0,0,NO,PORQUE NO LE GUSTA IR A RECITALES, ,NO,NA,"",0,"",0,"",0,SI,2,NO,SI,"", ,NA,1,1,1,0,1,0,TODOS O CASI TODOS LOS DIAS,2,2,105,105,"NO LEYO DIARIOS EN PANTALLA, SOLO EN PAPEL",NA,TODOS O CASI TODOS LOS DIAS,ALGUNOS DIAS POR SEMANA,NUNCA,PRINCIPALMENTE LEE EN PAPEL O POR INTERNET SU DIARIO O DIARIOS PREFERIDOS,NO,NO,NA,"",0,"",0,"",0,NA,NO,POR CUESTIONES ECONOMICAS, ,SI,"",0,"",0,"", ,"",0,"",0,NA,NA,"","","","","",NA,NA,NA,NA,NA,NA,NA,NA,NA,NA,NA,NA,NA,NA,NA,NA,SI,"",NA,2,0,2,0,TELEVISION POR CABLE,NA,ALGUNAS VECES POR SEMANA,VARIAS HORAS AL DIA,NUNCA,NUNCA,NUNCA,TODOS O CASI TODOS LOS DIAS,NUNCA,HABITUALMENTE,CASI NUNCA,2,NINGUNO,NINGUNO,SI,"", ,NA,NUNCA,NUNCA,ALGUNOS DIAS POR SEMANA,NUNCA,ALGUNA VEZ CADA 3 MESES,ALGUNAS VECES AL MES,ALGUNA VEZ CADA 3 MESES,ALGUNOS DIAS POR SEMANA,TODOS O CASI TODOS LOS DIAS,NUNCA,NUNCA,NUNCA,NUNCA,0,0,0,NO,PORQUE NO LE INTERESA, ,SI,NA,"",0,"",0,NA, ,NA,NA,NA,NA,NA,NA,NA,NA,NA,NA,NA,NO,NA,"",0,"",0,"",0,NO,PORQUE NO LE INTERESA, ,NO,SI,SI,NA,"",INCLUYE CABLE,700,700,NUNCA,TODOS O CASI TODOS LOS DAS,NUNCA,NUNCA,5,NO USA,5,NO USA,NUNCA,NUNCA,NUNCA,NUNCA,NUNCA,NUNCA,NUNCA,NUNCA,NUNCA,NUNCA,NO,NO,NO,NO,NO,NA,NA,NA,NA,NA,NO,NA, ,NA,NA,NA,NA,NA,NA,NA,,,0,0,NS/NC,NA,"","","","","","","","","","","",1,NINGUNA,NO,1,NO,NA,200,200,0,NO,NA,,,0,0,NA,NA,NA,NA,"",0,NO,NO,NO,NO,NO,NO,NO,NO,NO,NA,NA,NA,NA,NA,NA,NA,NA,NA,NA,SI,NO,NO,NO,NO,NO,"",0,NO,"",0,NA,NA,NA,NA,NA,NA,"","",0,HACE MAS DE 5 AOS,"",1 VEZ EN EL ULTIMO AO,350,NO FUE NUNCA,"",NO FUE NUNCA,"",NO FUE NUNCA,"",NO FUE NUNCA,"",NO FUE NUNCA,"",NO FUE NUNCA,"",NO FUE NUNCA,"",HACE MAS DE 5 AOS,"",NO FUE NUNCA,"",HACE MAS DE 5 AOS,"",NO FUE NUNCA,"",NO FUE NUNCA,"",HACE MAS DE 5 AOS,"",NO FUE NUNCA,"",NO FUE NUNCA,"",NO FUE NUNCA,"",NO FUE NUNCA,"",NO FUE NUNCA,"",2,0,0,1,PRIMARIA COMPLETA,LA PERSONA QUE FUE ENTREVISTADA,"",TRABAJA,CONSTRUCCION,"OFICIO MENOR, OBRERO NO CALIFICADO/ SERVICIO DOMESTICO", ,"",SI,SI,NO,NO,NO,SI,PROPIA,NO,NO,NO,NO,NO,BARRIO CON VIVIENDAS DISTINTAS,BARRIO CON VIVIENDAS DISTINTAS,CASA,40,D1,180,180,3,120,120,2,60,60,1,120,120,2,300,300,5,0,0,0,0,0,0
205,205,4957,2017-11-05T00:00:00,NEA,Varn,69,"HABITOS, COSTUMBRES, COMPORTAMIENTOS", ,SI,"", ,NA,NO,TODOS O CASI TODOS LOS DIAS,FM,3,0,3,0,TODOS O CASI TODOS LOS DIAS,TODOS O CASI TODOS LOS DIAS,NUNCA,NUNCA,NUNCA,INFORMATIVOS / NOTICIEROS,MUSICALES,NA,NA,NA,NA,NA, ,1,SI,"", ,NA,TODOS O CASI TODOS LOS DIAS,7,0,7,0,ALGUNOS DIAS POR SEMANA,TODOS O CASI TODOS LOS DIAS,NUNCA,NUNCA,NUNCA,NUNCA,NUNCA,NUNCA,ALGUNOS DIAS POR SEMANA,DE VEZ EN CUANDO,NUNCA,NUNCA,NUNCA,NUNCA,HABITUALMENTE,NUNCA,NUNCA,NUNCA,NUNCA,NUNCA,NUNCA,NUNCA,NUNCA,10 canciones,NO,NA,NA,NA,NA,NA,NA,NA,NA,NA, ,"",0,0,0,NO,PORQUE NO LE INTERESA, ,NO,NA,"",0,"",0,"",0,NO,0,NO,NO,PORQUE NO LE GUSTA LEER DIARIOS, ,SI,"",0,,,0,0,NA,"",0,"",0,NA,NA,NA,NA,NA,NA,NO,NO,NA,"",0,"",0,"",0,NA,SI,"", ,NA,4,4,4,4,"SE LO HABIA RECOMENDADO UN PROFESOR, REFERENTE POLITICO, RELIGIOSO O ESPIRITUAL", ,0,0,0,0,TODOS O CASI TODOS LOS DIAS,"NO LEYO LIBROS EN PANTALLA, SOLO EN PAPEL","","","","","",NUNCA,NUNCA,NUNCA,NUNCA,NUNCA,NUNCA,NUNCA,NUNCA,NUNCA,NUNCA,NUNCA,NUNCA,NUNCA,NUNCA,NUNCA,HABITUALMENTE,SI,"",NA,2,0,2,0,TELEVISION POR CABLE,NA,ALGUNAS VECES POR SEMANA,VARIAS HORAS AL DIA,NUNCA,NUNCA,NUNCA,TODOS O CASI TODOS LOS DIAS,NUNCA,HABITUALMENTE,NUNCA,1,NINGUNO,NINGUNO,SI,"", ,NA,NUNCA,NUNCA,ALGUNAS VECES AL MES,NUNCA,NUNCA,ALGUNOS DIAS POR SEMANA,NUNCA,ALGUNAS VECES AL MES,NUNCA,NUNCA,NUNCA,NUNCA,NUNCA,0,0,0,NO,PORQUE NO LE INTERESA, ,SI,NA,"",0,"",0,NA, ,NA,NA,NA,NA,NA,NA,NA,NA,NA,NA,NA,NO,NA,"",0,"",0,"",0,NO,PORQUE NO LE GUSTA, ,NO,SI,SI,NA,"",INCLUYE TELFONO Y CABLE,560,560,NUNCA,TODOS O CASI TODOS LOS DAS,NUNCA,NUNCA,8,NO USA,8,NO USA,ALGUNOS DIAS POR SEMANA,ALGUNOS DIAS POR SEMANA,NUNCA,NUNCA,NUNCA,NUNCA,NUNCA,NUNCA,NUNCA,NUNCA,NO,NO,NO,NO,NO,NA,NA,NA,NA,NA,NO,NA, ,NA,NA,NA,NA,NA,NA,NA,,,0,0,"OBSERVA LOS CONTENIDOS, SIN HACER COMENTARIOS",NA,"","","","","","","","","","","",1,NINGUNA,SI,1,NO,NA,200,200,0,NO,NA,,,0,0,NA,NA,NA,NA,"",0,NO,NO,SI,NO,NO,NO,NO,NO,NO,NO,SI,NO,NO,NO,NO,NO,NO,NO,NO,NO,NO,NO,NO,NO,NO,"",0,NO,"",0,NA,NA,NA,NA,NA,NA,"","",0,NO FUE NUNCA,"",1 VEZ EN EL ULTIMO AO,300,NO FUE NUNCA,"",NO FUE NUNCA,"",VARIAS VECES EN EL ULTIMO AO,200,VARIAS VECES EN EL ULTIMO AO,0,NO FUE NUNCA,"",NO FUE NUNCA,"",NO FUE NUNCA,"",NO FUE NUNCA,"",NO FUE NUNCA,"",NO FUE NUNCA,"",NO FUE NUNCA,"",NO FUE NUNCA,"",NO FUE NUNCA,"",NO FUE NUNCA,"",NO FUE NUNCA,"",HACE MAS DE 5 AOS,"",NO FUE NUNCA,"",NO FUE NUNCA,"",3,0,1,2,PRIMARIA COMPLETA,LA PERSONA QUE FUE ENTREVISTADA,"",ES JUBILADO/PENSIONADO, ,"",CAMIONERO,TRABAJADOR/OBRERO CALIFICADO. EMPLEADO ADMINISTRATIVO MEDIO,SI,SI,SI,NO,SI,SI,PROPIA,SI,NO,SI,SI,SI,BARRIO DE VIVIENDA SOCIAL,BARRIO DE VIVIENDA SOCIAL,CASILLA,48,D1,180,180,3,420,420,7,0,0,0,120,120,2,480,480,8,0,0,0,0,0,0
206,206,4871,2017-12-05T00:00:00,NEA,Mujer,19,"HABITOS, COSTUMBRES, COMPORTAMIENTOS", ,SI,"", ,NA,NO,ALGUNOS DIAS POR SEMANA,AM,1,0,1,0,TODOS O CASI TODOS LOS DIAS,NUNCA,NUNCA,NUNCA,NUNCA,MUSICALES,NA,NA,NA,NA,NA,NA, ,1,SI,"", ,NA,TODOS O CASI TODOS LOS DIAS,3,0,3,0,NUNCA,NUNCA,NUNCA,ALGUNOS DIAS POR SEMANA,NUNCA,NUNCA,NUNCA,NUNCA,NUNCA,NUNCA,NUNCA,NUNCA,NUNCA,NUNCA,HABITUALMENTE,HABITUALMENTE,NUNCA,NUNCA,NUNCA,HABITUALMENTE,NUNCA,NUNCA,DE VEZ EN CUANDO,3 canciones,SI,TODOS O CASI TODOS LOS DIAS,ALGUNAS VECES AL MES,YOUTUBE,NA,NA,NA,NA,NA,NA, ,0,0,0,0,NO,PORQUE NO LE INTERESA, ,NO,NA,"",0,"",0,"",0,NO,0,NO,SI,"", ,NA,1,1,0,15,0,15,TODOS O CASI TODOS LOS DIAS,1,1,45,45,ALGUNAS VECES AL MES,CELULAR,TODOS O CASI TODOS LOS DIAS,MENOS DE UNA VEZ POR MES,ALGUNAS VECES AL MES,PRINCIPALMENTE LEE EN PAPEL O POR INTERNET SU DIARIO O DIARIOS PREFERIDOS,NO,NO,NA,"",0,"",0,"",0,NA,SI,"", ,NA,5,5,5,5,"SE LO HABIA RECOMENDADO UN PROFESOR, REFERENTE POLITICO, RELIGIOSO O ESPIRITUAL", ,4,4,500,500,TODOS O CASI TODOS LOS DIAS,"NO LEYO LIBROS EN PANTALLA, SOLO EN PAPEL","","","","","",NUNCA,NUNCA,NUNCA,NUNCA,HABITUALMENTE,NUNCA,NUNCA,NUNCA,NUNCA,NUNCA,NUNCA,HABITUALMENTE,DE VEZ EN CUANDO,NUNCA,NUNCA,NUNCA,SI,"",NA,5,0,5,0,TELEVISION POR CABLE,NA,ALGUNAS VECES AL MES,VARIAS HORAS AL DIA,NUNCA,NUNCA,NUNCA,TODOS O CASI TODOS LOS DIAS,NUNCA,DE VEZ EN CUANDO,DE VEZ EN CUANDO,3,NINGUNO,NINGUNO,SI,"", ,NA,NUNCA,ALGUNA VEZ CADA 3 MESES,ALGUNA VEZ CADA 3 MESES,NUNCA,ALGUNA VEZ AL AO,ALGUNOS DIAS POR SEMANA,ALGUNAS VECES AL MES,ALGUNAS VECES AL MES,TODOS O CASI TODOS LOS DIAS,NUNCA,NUNCA,ALGUNAS VECES AL MES,ALGUNA VEZ CADA 3 MESES,0,0,0,SI,"", ,NA,TODOS O CASI TODOS LOS MESES,3,3,0,0,"SE LA RECOMENDO UN AMIGO, FAMILIAR O CONOCIDO", ,HABITUALMENTE,NUNCA,CASI NUNCA,NUNCA,CASI NUNCA,NUNCA,DE VEZ EN CUANDO,CASI NUNCA,NUNCA,NUNCA,NUNCA,NO,NA,"",0,"",0,"",0,SI,"", ,NA,NA,SI,NA,"",INCLUYE CABLE,600,600,ALGUNOS DIAS POR SEMANA,TODOS O CASI TODOS LOS DAS,NUNCA,NUNCA,15,NO USA,15,NO USA,ALGUNOS DIAS POR SEMANA,ALGUNA VEZ CADA 3 MESES,TODOS O CASI TODOS LOS DAS,NUNCA,NUNCA,NUNCA,NUNCA,NUNCA,NUNCA,NUNCA,SI,SI,SI,SI,NO,TODOS O CASI TODOS LOS DAS,TODOS O CASI TODOS LOS DAS,ALGUNOS DIAS POR SEMANA,ALGUNAS VECES AL MES,NA,NO,NA, ,ALGUNA VEZ AL AO O MENOS,ALGUNA VEZ CADA 3 MESES,ALGUNA VEZ CADA 3 MESES,ALGUNOS DIAS POR SEMANA,ALGUNOS DIAS POR SEMANA,ALGUNOS DIAS POR SEMANA,NUNCA,5,0,5,0,"COMENTA, COMPARTE, PARTICIPA Y/U OPINA FRENTE A CONTENIDOS",NA,"","","","","","","","","","","",1,NINGUNA,NO,1,SI,SI,250,250,600,NO,NA,,,0,0,NA,NA,NA,NA,"",0,NO,NO,NO,NO,NO,NO,NO,NO,NO,NA,NA,NA,NA,NA,NA,NA,NA,NA,NA,SI,NO,NO,NO,NO,NO,"",0,NO,"",0,NA,NA,NA,NA,NA,NA,"","",0,ENTRE 1 Y 5 AOS,"",1 VEZ EN EL ULTIMO AO,0,ENTRE 1 Y 5 AOS,"",NO FUE NUNCA,"",NO FUE NUNCA,"",NO FUE NUNCA,"",NO FUE NUNCA,"",NO FUE NUNCA,"",NO FUE NUNCA,"",NO FUE NUNCA,"",NO FUE NUNCA,"",NO FUE NUNCA,"",NO FUE NUNCA,"",NO FUE NUNCA,"",ENTRE 1 Y 5 AOS,"",NO FUE NUNCA,"",NO FUE NUNCA,"",NO FUE NUNCA,"",ENTRE 1 Y 5 AOS,"",HACE MAS DE 5 AOS,"",4,0,0,3,TERCIARIO COMPLETO,OTRO MIEMBRO DEL HOGAR,PRIMARIA COMPLETA,TRABAJA,AMA DE CASA,"OFICIO MENOR, OBRERO NO CALIFICADO/ SERVICIO DOMESTICO", ,"",NO,SI,NO,NO,NO,SI,PROPIA,NO,NO,NO,NO,NO,BARRIO CON VIVIENDAS DISTINTAS,BARRIO CON VIVIENDAS DISTINTAS,CASILLA,36,D2,60,60,1,180,180,3,0,15,0.25,300,300,5,900,900,15,300,300,5,0,0,0
207,207,2377,2017-12-05T00:00:00,NEA,Mujer,28,"HABITOS, COSTUMBRES, COMPORTAMIENTOS", ,SI,"", ,NA,NO,ALGUNAS VECES AL MES,AMBAS POR IGUAL,0,30,0,30,ALGUNAS VECES AL MES,NUNCA,NUNCA,NUNCA,NUNCA,INFORMATIVOS / NOTICIEROS,NA,NA,NA,NA,NA,NA, ,1,NO,PORQUE NO LE GUSTA LA MUSICA, ,SI,NA,,,0,0,NA,NA,NA,NA,NA,NA,NA,NA,NA,NA,NA,NA,NA,NA,NA,NA,NA,NA,NA,NA,NA,NA,NA,"",NA,NA,NA,NA,NA,NA,NA,NA,NA,NA, ,"",0,0,0,NO,PORQUE NO LE GUSTA IR A RECITALES, ,NO,NA,"",0,"",0,"",0,NO,0,NO,SI,"", ,NA,1,1,2,0,2,0,ALGUNOS DIAS POR SEMANA,0,0,0,0,TODOS O CASI TODOS LOS DIAS,COMPUTADORA,NUNCA,ALGUNAS VECES AL MES,TODOS O CASI TODOS LOS DIAS,AMBAS POR IGUAL,NO,NO,NA,"",0,"",0,"",0,NA,NO,PORQUE LOS LIBROS ESTAN CAROS, ,SI,"",0,"",0,"", ,"",0,"",0,NA,NA,"","","","","",NA,NA,NA,NA,NA,NA,NA,NA,NA,NA,NA,NA,NA,NA,NA,NA,SI,"",NA,2,0,2,0,TELEVISION POR CABLE,NA,NO MIRA,VARIAS HORAS AL DIA,NUNCA,NUNCA,NUNCA,TODOS O CASI TODOS LOS DIAS,NUNCA,HABITUALMENTE,CASI NUNCA,1,NINGUNO,NINGUNO,NO,POR FALTA DE TIEMPO, ,SI,NA,NA,NA,NA,NA,NA,NA,NA,NA,NA,NA,NA,NA,0,0,0,NO,PORQUE NO LE INTERESA, ,SI,NA,"",0,"",0,NA, ,NA,NA,NA,NA,NA,NA,NA,NA,NA,NA,NA,NO,NA,"",0,"",0,"",0,SI,"", ,NA,NA,SI,NA,"",INCLUYE CABLE,580,580,ALGUNA VEZ AL AO O MENOS,TODOS O CASI TODOS LOS DAS,NUNCA,NUNCA,20,NO USA,20,NO USA,ALGUNOS DIAS POR SEMANA,ALGUNA VEZ CADA 3 MESES,ALGUNAS VECES AL MES,NUNCA,NUNCA,NUNCA,NUNCA,NUNCA,NUNCA,NUNCA,SI,NO,NO,NO,NO,ALGUNOS DIAS POR SEMANA,NA,NA,NA,NA,NO,NA, ,NUNCA,NUNCA,ALGUNA VEZ AL AO O MENOS,ALGUNA VEZ AL AO O MENOS,NUNCA,ALGUNA VEZ CADA 3 MESES,ALGUNA VEZ AL AO O MENOS,2,0,2,0,"OBSERVA LOS CONTENIDOS, SIN HACER COMENTARIOS",NA,"","","","","","","","","","","",1,NINGUNA,SI,1,SI,SI,260,260,0,NO,NA,,,0,0,NA,NA,NA,NA,"",0,NO,NO,NO,NO,NO,NO,NO,NO,NO,NA,NA,NA,NA,NA,NA,NA,NA,NA,NA,SI,SI,NO,NO,NO,NO,300,300,NO,"",0,NA,NA,NA,NA,NA,NA,"","",0,HACE MAS DE 5 AOS,"",VARIAS VECES EN EL ULTIMO AO,0,ENTRE 1 Y 5 AOS,"",NO FUE NUNCA,"",NO FUE NUNCA,"",NO FUE NUNCA,"",NO FUE NUNCA,"",NO FUE NUNCA,"",HACE MAS DE 5 AOS,"",HACE MAS DE 5 AOS,"",NO FUE NUNCA,"",NO FUE NUNCA,"",HACE MAS DE 5 AOS,"",NO FUE NUNCA,"",NO FUE NUNCA,"",NO FUE NUNCA,"",NO FUE NUNCA,"",ENTRE 1 Y 5 AOS,"",NO FUE NUNCA,"",NO FUE NUNCA,"",5,3,0,1,SECUNDARIA COMPLETA,LA PERSONA QUE FUE ENTREVISTADA,"",TRABAJA,MUNICIPALIDAD,TRABAJADOR/OBRERO CALIFICADO. EMPLEADO ADMINISTRATIVO MEDIO, ,"",NO,SI,NO,NO,NO,SI,PROPIA,NO,NO,NO,NO,NO,BARRIO CON VIVIENDAS DISTINTAS,BARRIO CON VIVIENDAS DISTINTAS,CASILLA,54,C3,0,30,0.5,0,0,0,120,120,2,120,120,2,1200,1200,20,120,120,2,0,0,0
208,208,5675,2017-11-05T00:00:00,NEA,Mujer,38,"LA TRADICION, LA HISTORIA", ,SI,"", ,NA,NO,TODOS O CASI TODOS LOS DIAS,AMBAS POR IGUAL,8,0,8,0,TODOS O CASI TODOS LOS DIAS,ALGUNOS DIAS POR SEMANA,NUNCA,NUNCA,NUNCA,INFORMATIVOS / NOTICIEROS,MUSICALES,NA,NA,NA,NA,NA, ,2,SI,"", ,NA,TODOS O CASI TODOS LOS DIAS,2,0,2,0,TODOS O CASI TODOS LOS DIAS,ALGUNOS DIAS POR SEMANA,ALGUNAS VECES AL MES,ALGUNOS DIAS POR SEMANA,NUNCA,NUNCA,NUNCA,NUNCA,ALGUNOS DIAS POR SEMANA,DE VEZ EN CUANDO,NUNCA,NUNCA,NUNCA,NUNCA,DE VEZ EN CUANDO,NUNCA,NUNCA,NUNCA,NUNCA,NUNCA,NUNCA,NUNCA,HABITUALMENTE,8 canciones,NO,NA,NA,NA,NA,NA,NA,NA,NA,NA, ,"",0,0,0,NO,POR FALTA DE TIEMPO, ,NO,NA,"",0,"",0,"",0,NO,0,NO,SI,"", ,NA,1,1,1,0,1,0,ALGUNAS VECES AL MES,1,1,25,25,TODOS O CASI TODOS LOS DIAS,CELULAR,ALGUNOS DIAS POR SEMANA,ALGUNAS VECES AL MES,TODOS O CASI TODOS LOS DIAS,AMBAS POR IGUAL,NO,SI,NA,"",0,"",0,"",0,NA,NO,PORQUE NO TIENE TIEMPO, ,SI,"",0,"",0,"", ,"",0,"",0,NA,NA,"","","","","",NA,NA,NA,NA,NA,NA,NA,NA,NA,NA,NA,NA,NA,NA,NA,NA,SI,"",NA,2,0,2,0,TELEVISION SATELITAL,NA,ALGUNAS VECES POR SEMANA,VARIAS HORAS AL DIA,NUNCA,NUNCA,NUNCA,TODOS O CASI TODOS LOS DIAS,NUNCA,HABITUALMENTE,CASI NUNCA,2,NINGUNO,NINGUNO,SI,"", ,NA,NUNCA,ALGUNA VEZ CADA 3 MESES,ALGUNOS DIAS POR SEMANA,ALGUNAS VECES AL MES,ALGUNAS VECES AL MES,TODOS O CASI TODOS LOS DIAS,TODOS O CASI TODOS LOS DIAS,ALGUNOS DIAS POR SEMANA,TODOS O CASI TODOS LOS DIAS,NUNCA,NUNCA,ALGUNAS VECES AL MES,ALGUNAS VECES AL MES,0,0,0,NO,POR FALTA DE TIEMPO, ,SI,NA,"",0,"",0,NA, ,NA,NA,NA,NA,NA,NA,NA,NA,NA,NA,NA,NO,NA,"",0,"",0,"",0,SI,"", ,NA,NA,NO,SI,600,NA,"",0,NUNCA,TODOS O CASI TODOS LOS DAS,NUNCA,NUNCA,16,NO USA,16,NO USA,TODOS O CASI TODOS LOS DAS,TODOS O CASI TODOS LOS DAS,ALGUNAS VECES AL MES,NUNCA,NUNCA,ALGUNA VEZ CADA 3 MESES,ALGUNA VEZ AL AO O MENOS,ALGUNAS VECES AL MES,NUNCA,NUNCA,SI,NO,NO,NO,NO,ALGUNOS DIAS POR SEMANA,NA,NA,NA,NA,NO,NA, ,NUNCA,ALGUNAS VECES AL MES,ALGUNAS VECES AL MES,NUNCA,NUNCA,ALGUNOS DIAS POR SEMANA,ALGUNOS DIAS POR SEMANA,4,0,4,0,"OBSERVA LOS CONTENIDOS, SIN HACER COMENTARIOS",NA,"","","","","","","","","","","",2,1,SI,1,SI,SI,400,400,0,NO,NA,,,0,0,NA,NA,NA,NA,"",0,NO,NO,NO,NO,NO,NO,NO,NO,NO,NA,NA,NA,NA,NA,NA,NA,NA,NA,NA,SI,NO,NO,NO,NO,NO,"",0,NO,"",0,NA,NA,NA,NA,NA,NA,"","",0,NO FUE NUNCA,"",1 VEZ EN EL ULTIMO AO,0,1 VEZ EN EL ULTIMO AO,200,ENTRE 1 Y 5 AOS,"",NO FUE NUNCA,"",NO FUE NUNCA,"",NO FUE NUNCA,"",NO FUE NUNCA,"",NO FUE NUNCA,"",ENTRE 1 Y 5 AOS,"",NO FUE NUNCA,"",NO FUE NUNCA,"",NO FUE NUNCA,"",NO FUE NUNCA,"",NO FUE NUNCA,"",NO FUE NUNCA,"",NO FUE NUNCA,"",1 VEZ EN EL ULTIMO AO,0,NO FUE NUNCA,"",NO FUE NUNCA,"",5,1,0,2,SECUNDARIA COMPLETA,LA PERSONA QUE FUE ENTREVISTADA,"",TRABAJA,MODISTA,"OFICIO MENOR, OBRERO NO CALIFICADO/ SERVICIO DOMESTICO", ,"",SI,NO,SI,NO,SI,SI,PROPIA,NO,NO,NO,NO,NO,BARRIO DE VIVIENDA SOCIAL,BARRIO DE VIVIENDA SOCIAL,CASA,56,C3,480,480,8,120,120,2,60,60,1,120,120,2,960,960,16,240,240,4,0,0,0
209,209,3849,2017-12-05T00:00:00,NEA,Mujer,52,"LA FORMA DE PENSAR, IDEOLOGIA, VALORES", ,SI,"", ,NA,NO,TODOS O CASI TODOS LOS DIAS,AMBAS POR IGUAL,6,0,6,0,TODOS O CASI TODOS LOS DIAS,NUNCA,NUNCA,NUNCA,NUNCA,INFORMATIVOS / NOTICIEROS,MUSICALES,NA,NA,NA,NA,NA, ,2,SI,"", ,NA,ALGUNOS DIAS POR SEMANA,2,0,2,0,ALGUNOS DIAS POR SEMANA,NUNCA,NUNCA,NUNCA,NUNCA,NUNCA,NUNCA,NUNCA,ALGUNAS VECES AL MES,NUNCA,NUNCA,CASI NUNCA,NUNCA,NUNCA,DE VEZ EN CUANDO,NUNCA,HABITUALMENTE,CASI NUNCA,NUNCA,NUNCA,NUNCA,NUNCA,NUNCA,7 canciones,NO,NA,NA,NA,NA,NA,NA,NA,NA,NA, ,"",0,0,0,NO,PORQUE NO LE INTERESA, ,SI,NA,"",0,"",0,"",0,NO,0,NO,NO,PORQUE NO LE GUSTA LEER DIARIOS, ,NO,"",0,,,0,0,NA,"",0,"",0,NA,NA,NA,NA,NA,NA,NO,NO,NA,"",0,"",0,"",0,NA,NO,PORQUE LOS LIBROS ESTAN CAROS, ,SI,"",0,"",0,"", ,"",0,"",0,NA,NA,"","","","","",NA,NA,NA,NA,NA,NA,NA,NA,NA,NA,NA,NA,NA,NA,NA,NA,SI,"",NA,3,0,3,0,TELEVISION POR CABLE,NA,UNA HORA O MENOS AL DIA,VARIAS HORAS AL DIA,NUNCA,NUNCA,NUNCA,TODOS O CASI TODOS LOS DIAS,NUNCA,HABITUALMENTE,NUNCA,1,NINGUNO,NINGUNO,NO,PORQUE NO LE INTERESA, ,SI,NA,NA,NA,NA,NA,NA,NA,NA,NA,NA,NA,NA,NA,0,0,0,NO,PORQUE NO LE GUSTA EL CINE, ,SI,NA,"",0,"",0,NA, ,NA,NA,NA,NA,NA,NA,NA,NA,NA,NA,NA,NO,NA,"",0,"",0,"",0,SI,"", ,NA,NA,SI,NA,"",INCLUYE CABLE,250,250,ALGUNAS VECES AL MES,TODOS O CASI TODOS LOS DAS,NUNCA,NUNCA,6,NO USA,6,NO USA,ALGUNAS VECES AL MES,NUNCA,NUNCA,NUNCA,NUNCA,NUNCA,NUNCA,NUNCA,NUNCA,NUNCA,NO,NO,NO,NO,NO,NA,NA,NA,NA,NA,NO,NA, ,NA,NA,NA,NA,NA,NA,NA,,,0,0,"OBSERVA LOS CONTENIDOS, SIN HACER COMENTARIOS",NA,"","","","","","","","","","","",1,NINGUNA,NO,1,SI,NO,200,200,0,NO,NA,,,0,0,NA,NA,NA,NA,"",0,NO,NO,NO,NO,NO,NO,NO,NO,NO,NA,NA,NA,NA,NA,NA,NA,NA,NA,NA,SI,SI,NO,NO,NO,NO,0,0,NO,"",0,NA,NA,NA,NA,NA,NA,"","",0,HACE MAS DE 5 AOS,"",1 VEZ EN EL ULTIMO AO,0,ENTRE 1 Y 5 AOS,"",ENTRE 1 Y 5 AOS,"",HACE MAS DE 5 AOS,"",NO FUE NUNCA,"",NO FUE NUNCA,"",NO FUE NUNCA,"",NO FUE NUNCA,"",NO FUE NUNCA,"",NO FUE NUNCA,"",NO FUE NUNCA,"",HACE MAS DE 5 AOS,"",NO FUE NUNCA,"",NO FUE NUNCA,"",NO FUE NUNCA,"",NO FUE NUNCA,"",ENTRE 1 Y 5 AOS,"",HACE MAS DE 5 AOS,"",NO FUE NUNCA,"",3,0,1,2,PRIMARIA INCOMPLETA,LA PERSONA QUE FUE ENTREVISTADA,"",ES JUBILADO/PENSIONADO, ,"",TRABAJABA EN UN KIOSCO,"OFICIO MENOR, OBRERO NO CALIFICADO/ SERVICIO DOMESTICO",NO,SI,NO,NO,NO,SI,PROPIA,NO,NO,NO,NO,NO,BARRIO CON VIVIENDAS DISTINTAS,BARRIO CON VIVIENDAS DISTINTAS,CASILLA,32,D2,360,360,6,120,120,2,0,0,0,180,180,3,360,360,6,0,0,0,0,0,0
210,210,6416,2017-11-05T00:00:00,NEA,Mujer,64,"LA TRADICION, LA HISTORIA", ,SI,"", ,NA,NO,TODOS O CASI TODOS LOS DIAS,AMBAS POR IGUAL,2,0,2,0,TODOS O CASI TODOS LOS DIAS,NUNCA,NUNCA,NUNCA,NUNCA,NS/NC,NA,NA,NA,NA,NA,NA, ,1,SI,"", ,NA,ALGUNOS DIAS POR SEMANA,3,0,3,0,ALGUNOS DIAS POR SEMANA,NUNCA,NUNCA,NUNCA,NUNCA,NUNCA,NUNCA,NUNCA,ALGUNAS VECES AL MES,HABITUALMENTE,NUNCA,NUNCA,NUNCA,NUNCA,NUNCA,NUNCA,DE VEZ EN CUANDO,DE VEZ EN CUANDO,NUNCA,NUNCA,NUNCA,NUNCA,NUNCA,10 canciones,NO,NA,NA,NA,NA,NA,NA,NA,NA,NA, ,"",0,0,0,NO,PORQUE NO LE GUSTA IR A RECITALES, ,NO,NA,"",0,"",0,"",0,NO,0,NO,SI,"", ,NA,1,1,0,20,0,20,ALGUNOS DIAS POR SEMANA,1,1,15,15,"NO LEYO DIARIOS EN PANTALLA, SOLO EN PAPEL",NA,ALGUNOS DIAS POR SEMANA,ALGUNOS DIAS POR SEMANA,NUNCA,PRINCIPALMENTE LEE EN PAPEL O POR INTERNET SU DIARIO O DIARIOS PREFERIDOS,NO,NO,NA,"",0,"",0,"",0,NA,NO,PORQUE NO TIENE TIEMPO, ,SI,"",0,"",0,"", ,"",0,"",0,NA,NA,"","","","","",NA,NA,NA,NA,NA,NA,NA,NA,NA,NA,NA,NA,NA,NA,NA,NA,SI,"",NA,2,0,2,0,TELEVISION POR CABLE,NA,VARIAS HORAS AL DIA,VARIAS HORAS AL DIA,NUNCA,NUNCA,NUNCA,TODOS O CASI TODOS LOS DIAS,NUNCA,HABITUALMENTE,NUNCA,1,NINGUNO,NINGUNO,NO,PORQUE NO LE INTERESA, ,NO,NA,NA,NA,NA,NA,NA,NA,NA,NA,NA,NA,NA,NA,0,0,0,NO,PORQUE NO LE GUSTA EL CINE, ,SI,NA,"",0,"",0,NA, ,NA,NA,NA,NA,NA,NA,NA,NA,NA,NA,NA,NO,NA,"",0,"",0,"",0,NO,PORQUE NO LO PUEDE PAGAR, ,NO,NO,NA,NA,"",NA,"",0,NA,NA,NA,NA,,"",0,NO USA,NA,NA,NA,NA,NA,NA,NA,NA,NA,NA,NA,NA,NA,NA,NA,NA,NA,NA,NA,NA,NA,NA, ,NA,NA,NA,NA,NA,NA,NA,,,0,0,NA,NA,"","","","","","","","","","","",NINGUNA,NINGUNA,NO,NINGUNO,NA,NA,"",0,0,NO,NA,,,0,0,NA,NA,NA,NA,"",0,NO,NO,NO,NO,NO,NO,NO,NO,NO,NA,NA,NA,NA,NA,NA,NA,NA,NA,NA,NO,NO,NO,NO,NO,NO,"",0,SI,1,1,NUNCA,NUNCA,NUNCA,UNA VEZ AL AO,NUNCA,NUNCA,FUE GRATUITO,0,0,HACE MAS DE 5 AOS,"",NO FUE NUNCA,"",NO FUE NUNCA,"",NO FUE NUNCA,"",1 VEZ EN EL ULTIMO AO,0,NO FUE NUNCA,"",NO FUE NUNCA,"",NO FUE NUNCA,"",NO FUE NUNCA,"",NO FUE NUNCA,"",NO FUE NUNCA,"",NO FUE NUNCA,"",NO FUE NUNCA,"",NO FUE NUNCA,"",NO FUE NUNCA,"",NO FUE NUNCA,"",NO FUE NUNCA,"",NO FUE NUNCA,"",NO FUE NUNCA,"",NO FUE NUNCA,"",6,1,0,3,PRIMARIA COMPLETA,LA PERSONA QUE FUE ENTREVISTADA,"",ES JUBILADO/PENSIONADO, ,"",CASA DE FAMILIA,"OFICIO MENOR, OBRERO NO CALIFICADO/ SERVICIO DOMESTICO",NO,NO,NO,NO,NO,NO,PRESTADA,SI,NO,NO,NO,NO,BARRIO CON VIVIENDAS DISTINTAS,BARRIO CON VIVIENDAS DISTINTAS,CASILLA,24,D2,120,120,2,180,180,3,0,20,0.333333333,120,120,2,0,0,0,0,0,0,0,0,0
211,211,8568,2017-05-22T00:00:00,PATAGONIA,Mujer,55,"EL ARTE, LO CULTO", ,NO,PORQUE NO LE CREE A LOS MEDIOS/ LO DEPRIMEN LAS NOTICIAS, ,SI,NA,NA,NA,,,0,0,NA,NA,NA,NA,NA,NA,NA,NA,NA,NA,NA,NA, ,0,SI,"", ,NA,TODOS O CASI TODOS LOS DIAS,3,0,3,0,NUNCA,NUNCA,TODOS O CASI TODOS LOS DIAS,NUNCA,NUNCA,NUNCA,NUNCA,NUNCA,NUNCA,NUNCA,DE VEZ EN CUANDO,HABITUALMENTE,DE VEZ EN CUANDO,DE VEZ EN CUANDO,NUNCA,DE VEZ EN CUANDO,NUNCA,NUNCA,DE VEZ EN CUANDO,HABITUALMENTE,NUNCA,NUNCA,NUNCA,8 canciones,SI,TODOS O CASI TODOS LOS DIAS,NUNCA,YOUTUBE,NA,NA,NA,NA,NA,NA, ,0,2,0,0,NO,PORQUE LAS ENTRADAS ESTAN CARAS, ,SI,NA,"",0,"",0,"",0,SI,1,NO,SI,"", ,NA,4,4,1,0,1,0,ALGUNA VEZ AL AO,0,0,0,0,TODOS O CASI TODOS LOS DIAS,COMPUTADORA,NUNCA,ALGUNOS DIAS POR SEMANA,TODOS O CASI TODOS LOS DIAS,PRINCIPALMENTE LEE EN PAPEL O POR INTERNET SU DIARIO O DIARIOS PREFERIDOS,NO,NO,NA,"",0,"",0,"",0,NA,SI,"", ,NA,5,5,2,2,"SE LO HABIA RECOMENDADO UN AMIGO, FAMILIAR O CONOCIDO", ,10,10,2500,2500,TODOS O CASI TODOS LOS DIAS,ALGUNAS VECES AL MES,COMPUTADORA,"","","",SI,DE VEZ EN CUANDO,DE VEZ EN CUANDO,DE VEZ EN CUANDO,NUNCA,DE VEZ EN CUANDO,DE VEZ EN CUANDO,NUNCA,DE VEZ EN CUANDO,NUNCA,NUNCA,HABITUALMENTE,DE VEZ EN CUANDO,NUNCA,DE VEZ EN CUANDO,DE VEZ EN CUANDO,NUNCA,SI,"",NA,3,0,3,0,TELEVISION POR CABLE,NA,UNA HORA O MENOS AL DIA,VARIAS HORAS AL DIA,NUNCA,NUNCA,NUNCA,TODOS O CASI TODOS LOS DIAS,NUNCA,HABITUALMENTE,NUNCA,1,1,1,SI,"", ,NA,NUNCA,ALGUNA VEZ AL AO,ALGUNA VEZ AL AO,ALGUNA VEZ AL AO,ALGUNA VEZ AL AO,ALGUNA VEZ AL AO,ALGUNA VEZ AL AO,ALGUNA VEZ AL AO,ALGUNA VEZ AL AO,ALGUNAS VECES AL MES,NUNCA,ALGUNAS VECES AL MES,NUNCA,500,0,0,NO,POR PROBLEMAS DE SALUD EN LA VISTA, ,SI,NA,"",0,"",0,NA, ,NA,NA,NA,NA,NA,NA,NA,NA,NA,NA,NA,NO,NA,"",0,"",0,"",0,SI,"", ,NA,NA,SI,NA,"",INCLUYE TELFONO Y CABLE,600,600,TODOS O CASI TODOS LOS DAS,TODOS O CASI TODOS LOS DAS,NUNCA,ALGUNAS VECES AL MES,10,NO USA,10,NO USA,TODOS O CASI TODOS LOS DAS,TODOS O CASI TODOS LOS DAS,TODOS O CASI TODOS LOS DAS,ALGUNOS DIAS POR SEMANA,TODOS O CASI TODOS LOS DAS,NUNCA,NUNCA,ALGUNA VEZ AL AO O MENOS,ALGUNOS DIAS POR SEMANA,TODOS O CASI TODOS LOS DAS,SI,NO,NO,NO,NO,ALGUNAS VECES AL MES,NA,NA,NA,NA,NO,NA, ,NUNCA,NUNCA,NUNCA,NUNCA,NUNCA,ALGUNA VEZ AL AO O MENOS,NUNCA,0,10,0,10,"OBSERVA LOS CONTENIDOS, SIN HACER COMENTARIOS",NA,"","","","","","","","","","","",1,NINGUNA,SI,1,SI,SI,400,400,1800,SI,TODOS O CASI TODOS LOS DIAS,0,50,0,50,NUNCA,TODOS O CASI TODOS LOS DIAS,NUNCA,NUNCA,0,0,NO,NO,NO,NO,NO,NO,NO,NO,NO,NA,NA,NA,NA,NA,NA,NA,NA,NA,NA,NO,SI,SI,SI,SI,NO,10000,10000,SI,15,15,UNA VEZ AL AO,NUNCA,UNA VEZ AL AO,UNA VEZ AL AO,NUNCA,UNA VEZ AL AO,TUVO QUE PAGAR ENTRADA,1000,1000,HACE MAS DE 5 AOS,"",1 VEZ EN EL ULTIMO AO,400,NO FUE NUNCA,"",NO FUE NUNCA,"",NO FUE NUNCA,"",NO FUE NUNCA,"",NO FUE NUNCA,"",NO FUE NUNCA,"",1 VEZ EN EL ULTIMO AO,400,1 VEZ EN EL ULTIMO AO,0,VARIAS VECES EN EL ULTIMO AO,0,NO FUE NUNCA,"",NO FUE NUNCA,"",NO FUE NUNCA,"",VARIAS VECES EN EL ULTIMO AO,200,NO FUE NUNCA,"",NO FUE NUNCA,"",VARIAS VECES EN EL ULTIMO AO,300,VARIAS VECES EN EL ULTIMO AO,500,HACE MAS DE 5 AOS,"",2,0,0,2,TERCIARIO COMPLETO,OTRO MIEMBRO DEL HOGAR,UNIVERSITARIO COMPLETO,TRABAJA,TRABAJO INDEPENDIENTE ARTISTA ESCULTURAS,EJECUTIVO MEDIO DE EMPRESA/ PROFESIONAL INDEPENDIENTE/ FUNCI, ,"",SI,SI,SI,NO,SI,SI,PROPIA,SI,NO,NO,NO,NO,BARRIO DE VIVIENDA SOCIAL,BARRIO DE VIVIENDA SOCIAL,CASA,89,C1,0,0,0,180,180,3,60,60,1,180,180,3,600,600,10,0,10,0.166666667,0,50,0.833333333
212,212,7450,2017-05-25T00:00:00,PATAGONIA,Mujer,18,"EL ARTE, LO CULTO", ,SI,"", ,NA,SI,ALGUNOS DIAS POR SEMANA,FM,1,30,1,30,NUNCA,NUNCA,ALGUNOS DIAS POR SEMANA,NUNCA,NUNCA,INFORMATIVOS / NOTICIEROS,MUSICALES,CHIMENTOS,NA,NA,NA,NA, ,1,SI,"", ,NA,TODOS O CASI TODOS LOS DIAS,3,0,3,0,ALGUNA VEZ AL AO O MENOS,NUNCA,TODOS O CASI TODOS LOS DIAS,ALGUNOS DIAS POR SEMANA,NUNCA,NUNCA,NUNCA,NUNCA,NUNCA,NUNCA,HABITUALMENTE,DE VEZ EN CUANDO,NUNCA,NUNCA,HABITUALMENTE,HABITUALMENTE,NUNCA,DE VEZ EN CUANDO,DE VEZ EN CUANDO,NUNCA,CASI NUNCA,NUNCA,DE VEZ EN CUANDO,1 cancin,SI,TODOS O CASI TODOS LOS DIAS,NUNCA,YOUTUBE,SNAPTUBE,NA,NA,NA,NA,NA, ,400,0,0,0,NO,POR FALTA DE TIEMPO, ,NO,NA,"",0,"",0,"",0,NO,0,NO,NO,PORQUE NO LE GUSTA LEER DIARIOS, ,NO,"",0,,,0,0,NA,"",0,"",0,NA,NA,NA,NA,NA,NA,SI,NA,ALGUNA VEZ AL AO,0,0,0,0,0,0,ALGUNAS VECES AL MES,SI,"", ,NA,12,12,3,3,"SE LO HABIA RECOMENDADO UN PROFESOR, REFERENTE POLITICO, RELIGIOSO O ESPIRITUAL", ,0,0,0,0,ALGUNOS DIAS POR SEMANA,ALGUNOS DIAS POR SEMANA,COMPUTADORA,"","","",NO,DE VEZ EN CUANDO,DE VEZ EN CUANDO,DE VEZ EN CUANDO,NUNCA,HABITUALMENTE,DE VEZ EN CUANDO,NUNCA,DE VEZ EN CUANDO,NUNCA,NUNCA,NUNCA,DE VEZ EN CUANDO,NUNCA,NUNCA,NUNCA,NUNCA,SI,"",NA,1,0,1,0,TELEVISION POR CABLE,NA,NO MIRA,UNA HORA O MENOS AL DIA,NUNCA,NUNCA,NUNCA,TODOS O CASI TODOS LOS DIAS,DE VEZ EN CUANDO,HABITUALMENTE,NUNCA,1,1,1,SI,"", ,NA,TODOS O CASI TODOS LOS DIAS,ALGUNOS DIAS POR SEMANA,NUNCA,NUNCA,NUNCA,TODOS O CASI TODOS LOS DIAS,TODOS O CASI TODOS LOS DIAS,NUNCA,TODOS O CASI TODOS LOS DIAS,ALGUNOS DIAS POR SEMANA,NUNCA,ALGUNOS DIAS POR SEMANA,NUNCA,0,0,0,SI,"", ,NA,ALGUNA VEZ CADA 3 MESES,4,4,1,1,"SE LA RECOMENDO UN AMIGO, FAMILIAR O CONOCIDO", ,DE VEZ EN CUANDO,DE VEZ EN CUANDO,DE VEZ EN CUANDO,HABITUALMENTE,HABITUALMENTE,HABITUALMENTE,DE VEZ EN CUANDO,DE VEZ EN CUANDO,NUNCA,HABITUALMENTE,HABITUALMENTE,NO,NA,"",0,"",0,"",0,SI,"", ,NA,NA,NO,SI,1200,NA,"",0,ALGUNOS DIAS POR SEMANA,TODOS O CASI TODOS LOS DAS,NUNCA,ALGUNOS DIAS POR SEMANA,6,NO USA,6,NO USA,ALGUNOS DIAS POR SEMANA,ALGUNAS VECES AL MES,ALGUNOS DIAS POR SEMANA,NUNCA,ALGUNOS DIAS POR SEMANA,NUNCA,NUNCA,NUNCA,NUNCA,ALGUNOS DIAS POR SEMANA,SI,SI,SI,SI,NO,TODOS O CASI TODOS LOS DAS,TODOS O CASI TODOS LOS DAS,TODOS O CASI TODOS LOS DAS,TODOS O CASI TODOS LOS DAS,NA,NO,NA, ,NUNCA,ALGUNOS DIAS POR SEMANA,NUNCA,NUNCA,ALGUNOS DIAS POR SEMANA,ALGUNOS DIAS POR SEMANA,NUNCA,3,0,3,0,"COMENTA, COMPARTE, PARTICIPA Y/U OPINA FRENTE A CONTENIDOS",NA,"","","","","","","","","","","",1,NINGUNA,NO,1,SI,SI,480,480,0,NO,NA,,,0,0,NA,NA,NA,NA,"",0,NO,NO,NO,SI,NO,NO,NO,NO,NO,NO,NO,NO,NO,NO,NO,NO,NO,NO,NO,SI,NO,NO,NO,NO,NO,"",0,NO,"",0,NA,NA,NA,NA,NA,NA,"","",0,HACE MAS DE 5 AOS,"",NO FUE NUNCA,"",1 VEZ EN EL ULTIMO AO,0,1 VEZ EN EL ULTIMO AO,300,NO FUE NUNCA,"",NO FUE NUNCA,"",NO FUE NUNCA,"",NO FUE NUNCA,"",NO FUE NUNCA,"",NO FUE NUNCA,"",NO FUE NUNCA,"",NO FUE NUNCA,"",NO FUE NUNCA,"",NO FUE NUNCA,"",1 VEZ EN EL ULTIMO AO,0,NO FUE NUNCA,"",NO FUE NUNCA,"",1 VEZ EN EL ULTIMO AO,150,NO FUE NUNCA,"",NO FUE NUNCA,"",5,2,1,3,SECUNDARIA INCOMPLETA,OTRO MIEMBRO DEL HOGAR,SECUNDARIA COMPLETA,TRABAJA,EMPLEADA COMERCIO PRIVADO VENTA AL PUBLICO DE ROPA Y LENCERIA,"OFICIO MENOR, OBRERO NO CALIFICADO/ SERVICIO DOMESTICO", ,"",SI,NO,NO,NO,NO,SI,ALQUILADA,SI,NO,NO,NO,NO,BARRIO CON VIVIENDAS DISTINTAS,BARRIO CON VIVIENDAS DISTINTAS,CASA,44,D1,60,90,1.5,180,180,3,0,0,0,60,60,1,360,360,6,180,180,3,0,0,0
213,213,9737,2017-05-23T00:00:00,PATAGONIA,Varn,21,"LA TRADICION, LA HISTORIA", ,NO,PORQUE NO LE GUSTA LA RADIO, ,NO,NA,NA,NA,,,0,0,NA,NA,NA,NA,NA,NA,NA,NA,NA,NA,NA,NA, ,0,SI,"", ,NA,TODOS O CASI TODOS LOS DIAS,4,0,4,0,NUNCA,TODOS O CASI TODOS LOS DIAS,TODOS O CASI TODOS LOS DIAS,TODOS O CASI TODOS LOS DIAS,NUNCA,NUNCA,NUNCA,NUNCA,NUNCA,NUNCA,HABITUALMENTE,HABITUALMENTE,NUNCA,NUNCA,DE VEZ EN CUANDO,DE VEZ EN CUANDO,NUNCA,NUNCA,DE VEZ EN CUANDO,NUNCA,DE VEZ EN CUANDO,NUNCA,DE VEZ EN CUANDO,2 canciones,SI,TODOS O CASI TODOS LOS DIAS,NUNCA,GOOGLE PLAY,YOUTUBE,NA,NA,NA,NA,NA, ,520,0,0,1,SI,"", ,NA,ALGUNA VEZ AL AO O MENOS,2,2,2,2,2000,2000,NO,0,NO,NO,PORQUE NO LE INTERESAN LOS DIARIOS, ,NO,"",0,,,0,0,NA,"",0,"",0,NA,NA,NA,NA,NA,NA,NO,NO,NA,"",0,"",0,"",0,NA,SI,"", ,NA,2,2,0,0,SE LO REGALARON, ,0,0,0,0,ALGUNA VEZ AL AO,"NO LEYO LIBROS EN PANTALLA, SOLO EN PAPEL","","","","","",NUNCA,NUNCA,NUNCA,NUNCA,NUNCA,NUNCA,NUNCA,DE VEZ EN CUANDO,DE VEZ EN CUANDO,NUNCA,NUNCA,NUNCA,DE VEZ EN CUANDO,NUNCA,NUNCA,NUNCA,SI,"",NA,2,30,2,30,TELEVISION POR CABLE,NA,ALGUNAS VECES POR SEMANA,VARIAS HORAS AL DIA,NUNCA,NUNCA,NUNCA,TODOS O CASI TODOS LOS DIAS,HABITUALMENTE,HABITUALMENTE,NUNCA,3,3,3,SI,"", ,NA,NUNCA,ALGUNOS DIAS POR SEMANA,ALGUNA VEZ AL AO,ALGUNA VEZ AL AO,NUNCA,ALGUNOS DIAS POR SEMANA,ALGUNOS DIAS POR SEMANA,ALGUNOS DIAS POR SEMANA,TODOS O CASI TODOS LOS DIAS,ALGUNOS DIAS POR SEMANA,NUNCA,ALGUNOS DIAS POR SEMANA,NUNCA,1500,0,0,SI,"", ,NA,TODOS O CASI TODOS LOS MESES,10,10,3,3,"SE LA RECOMENDO UN AMIGO, FAMILIAR O CONOCIDO", ,HABITUALMENTE,HABITUALMENTE,HABITUALMENTE,HABITUALMENTE,HABITUALMENTE,DE VEZ EN CUANDO,DE VEZ EN CUANDO,NUNCA,DE VEZ EN CUANDO,NUNCA,NUNCA,NO,NA,"",0,"",0,"",0,SI,"", ,NA,NA,SI,NA,"",INCLUYE TELFONO Y CABLE,1600,1600,ALGUNOS DIAS POR SEMANA,TODOS O CASI TODOS LOS DAS,NUNCA,ALGUNOS DIAS POR SEMANA,24,NO USA,24,NO USA,TODOS O CASI TODOS LOS DAS,ALGUNOS DIAS POR SEMANA,ALGUNOS DIAS POR SEMANA,NUNCA,TODOS O CASI TODOS LOS DAS,NUNCA,NUNCA,NUNCA,NUNCA,TODOS O CASI TODOS LOS DAS,SI,SI,SI,NO,NO,TODOS O CASI TODOS LOS DAS,TODOS O CASI TODOS LOS DAS,TODOS O CASI TODOS LOS DAS,NA,NA,NO,NA, ,ALGUNOS DIAS POR SEMANA,TODOS O CASI TODOS LOS DAS,NUNCA,NUNCA,NUNCA,TODOS O CASI TODOS LOS DAS,NUNCA,10,0,10,0,"COMENTA, COMPARTE, PARTICIPA Y/U OPINA FRENTE A CONTENIDOS",NA,"","","","","","","","","","","",2,NINGUNA,SI,1,SI,SI,1000,1000,4000,SI,ALGUNOS DIAS POR SEMANA,2,0,2,0,NUNCA,NUNCA,NUNCA,ALGUNOS DIAS POR SEMANA,1000,1000,NO,NO,NO,NO,NO,NO,NO,NO,NO,NA,NA,NA,NA,NA,NA,NA,NA,NA,NA,SI,SI,NO,NO,NO,NO,500,500,NO,"",0,NA,NA,NA,NA,NA,NA,"","",0,HACE MAS DE 5 AOS,"",1 VEZ EN EL ULTIMO AO,0,1 VEZ EN EL ULTIMO AO,0,1 VEZ EN EL ULTIMO AO,500,NO FUE NUNCA,"",NO FUE NUNCA,"",NO FUE NUNCA,"",NO FUE NUNCA,"",NO FUE NUNCA,"",VARIAS VECES EN EL ULTIMO AO,200,NO FUE NUNCA,"",NO FUE NUNCA,"",NO FUE NUNCA,"",NO FUE NUNCA,"",1 VEZ EN EL ULTIMO AO,0,NO FUE NUNCA,"",NO FUE NUNCA,"",NO FUE NUNCA,"",1 VEZ EN EL ULTIMO AO,0,NO FUE NUNCA,"",4,1,0,3,UNIVERSITARIO INCOMPLETO,OTRO MIEMBRO DEL HOGAR,UNIVERSITARIO COMPLETO,TRABAJA,MEDICO GENERALISTA ATIENDE PACIENTES CONSULTORIO CONSULTAS EN HOSPITAL,EJECUTIVO MEDIO DE EMPRESA/ PROFESIONAL INDEPENDIENTE/ FUNCI, ,"",SI,SI,NO,SI,SI,SI,PROPIA,NO,NO,NO,NO,NO,BARRIO CON VIVIENDAS DISTINTAS,BARRIO CON VIVIENDAS DISTINTAS,CASA,89,C1,0,0,0,240,240,4,0,0,0,120,150,2.5,1440,1440,24,600,600,10,120,120,2
214,214,4245,2017-05-23T00:00:00,PATAGONIA,Varn,63,"INFORMACION, ESTUDIAR, CONOCER", ,SI,"", ,NA,SI,TODOS O CASI TODOS LOS DIAS,FM,1,0,1,0,NUNCA,TODOS O CASI TODOS LOS DIAS,NUNCA,NUNCA,NUNCA,INFORMATIVOS / NOTICIEROS,NA,NA,NA,NA,NA,NA, ,1,SI,"", ,NA,TODOS O CASI TODOS LOS DIAS,2,0,2,0,NUNCA,TODOS O CASI TODOS LOS DIAS,ALGUNOS DIAS POR SEMANA,NUNCA,NUNCA,NUNCA,NUNCA,NUNCA,NUNCA,DE VEZ EN CUANDO,NUNCA,DE VEZ EN CUANDO,NUNCA,NUNCA,NUNCA,NUNCA,NUNCA,DE VEZ EN CUANDO,DE VEZ EN CUANDO,NUNCA,NUNCA,DE VEZ EN CUANDO,DE VEZ EN CUANDO,3 canciones,SI,TODOS O CASI TODOS LOS DIAS,NUNCA,YOUTUBE,CIENRADIOS,NA,NA,NA,NA,NA, ,600,0,0,0,SI,"", ,NA,ALGUNA VEZ AL AO O MENOS,1,1,1,1,0,0,NO,0,NO,SI,"", ,NA,2,2,1,0,1,0,TODOS O CASI TODOS LOS DIAS,0,0,0,0,ALGUNOS DIAS POR SEMANA,COMPUTADORA,TODOS O CASI TODOS LOS DIAS,TODOS O CASI TODOS LOS DIAS,ALGUNOS DIAS POR SEMANA,AMBAS POR IGUAL,NO,NO,NA,"",0,"",0,"",0,NA,NO,PORQUE NO LE INTERESA, ,NO,"",0,"",0,"", ,"",0,"",0,NA,NA,"","","","","",NA,NA,NA,NA,NA,NA,NA,NA,NA,NA,NA,NA,NA,NA,NA,NA,SI,"",NA,2,30,2,30,TELEVISION SATELITAL,NA,UNA HORA O MENOS AL DIA,VARIAS HORAS AL DIA,NUNCA,NUNCA,NUNCA,TODOS O CASI TODOS LOS DIAS,DE VEZ EN CUANDO,HABITUALMENTE,NUNCA,2,1,1,SI,"", ,NA,NUNCA,NUNCA,NUNCA,ALGUNAS VECES AL MES,NUNCA,ALGUNOS DIAS POR SEMANA,NUNCA,ALGUNOS DIAS POR SEMANA,TODOS O CASI TODOS LOS DIAS,ALGUNOS DIAS POR SEMANA,NUNCA,ALGUNOS DIAS POR SEMANA,NUNCA,1500,0,0,SI,"", ,NA,ALGUNA VEZ AL AO O MENOS,1,1,0,0,"SE LA RECOMENDO UN AMIGO, FAMILIAR O CONOCIDO", ,CASI NUNCA,CASI NUNCA,NUNCA,NUNCA,NUNCA,NUNCA,NUNCA,NUNCA,NUNCA,NUNCA,NUNCA,SI,ALGUNA VEZ CADA 3 MESES,3,3,3,3,0,0,SI,"", ,NA,NA,SI,NA,"",INCLUYE CABLE,1600,1600,TODOS O CASI TODOS LOS DAS,TODOS O CASI TODOS LOS DAS,NUNCA,ALGUNOS DIAS POR SEMANA,24,NO USA,24,NO USA,TODOS O CASI TODOS LOS DAS,TODOS O CASI TODOS LOS DAS,NUNCA,NUNCA,NUNCA,NUNCA,NUNCA,NUNCA,NUNCA,TODOS O CASI TODOS LOS DAS,SI,NO,NO,NO,NO,TODOS O CASI TODOS LOS DAS,NA,NA,NA,NA,NO,NA, ,NUNCA,TODOS O CASI TODOS LOS DAS,NUNCA,NUNCA,NUNCA,ALGUNOS DIAS POR SEMANA,NUNCA,10,0,10,0,"COMENTA, COMPARTE, PARTICIPA Y/U OPINA FRENTE A CONTENIDOS",NA,"","","","","","","","","","","",1,NINGUNA,NO,1,SI,SI,600,600,0,NO,NA,,,0,0,NA,NA,NA,NA,"",0,NO,NO,NO,NO,NO,NO,NO,NO,NO,NA,NA,NA,NA,NA,NA,NA,NA,NA,NA,SI,NO,NO,NO,NO,NO,"",0,NO,"",0,NA,NA,NA,NA,NA,NA,"","",0,NO FUE NUNCA,"",1 VEZ EN EL ULTIMO AO,0,1 VEZ EN EL ULTIMO AO,0,1 VEZ EN EL ULTIMO AO,800,NO FUE NUNCA,"",1 VEZ EN EL ULTIMO AO,0,NO FUE NUNCA,"",NO FUE NUNCA,"",NO FUE NUNCA,"",1 VEZ EN EL ULTIMO AO,200,NO FUE NUNCA,"",NO FUE NUNCA,"",NO FUE NUNCA,"",NO FUE NUNCA,"",ENTRE 1 Y 5 AOS,"",NO FUE NUNCA,"",NO FUE NUNCA,"",1 VEZ EN EL ULTIMO AO,300,1 VEZ EN EL ULTIMO AO,0,NO FUE NUNCA,"",1,,,2,TERCIARIO COMPLETO,LA PERSONA QUE FUE ENTREVISTADA,"",TRABAJA,DIRECTOR AREA MUNICIPAL SUPERVISION Y CONTROL DE PERSONAL,EJECUTIVO MEDIO DE EMPRESA/ PROFESIONAL INDEPENDIENTE/ FUNCI, ,"",SI,SI,SI,NO,SI,SI,PROPIA,NO,NO,NO,NO,NO,BARRIO CON VIVIENDAS DISTINTAS,BARRIO CON VIVIENDAS DISTINTAS,CASA,89,C1,60,60,1,120,120,2,60,60,1,120,150,2.5,1440,1440,24,600,600,10,0,0,0
215,215,4284,2017-05-23T00:00:00,PATAGONIA,Mujer,62,"EL ARTE, LO CULTO", ,SI,"", ,NA,SI,TODOS O CASI TODOS LOS DIAS,FM,4,0,4,0,TODOS O CASI TODOS LOS DIAS,TODOS O CASI TODOS LOS DIAS,NUNCA,NUNCA,NUNCA,INFORMATIVOS / NOTICIEROS,MUSICALES,CHIMENTOS,PROGRAMAS RELIGIOSOS,NA,NA,NA, ,1,SI,"", ,NA,TODOS O CASI TODOS LOS DIAS,2,0,2,0,TODOS O CASI TODOS LOS DIAS,TODOS O CASI TODOS LOS DIAS,NUNCA,NUNCA,NUNCA,NUNCA,NUNCA,NUNCA,NUNCA,DE VEZ EN CUANDO,NUNCA,CASI NUNCA,NUNCA,CASI NUNCA,NUNCA,NUNCA,NUNCA,DE VEZ EN CUANDO,NUNCA,NUNCA,NUNCA,DE VEZ EN CUANDO,DE VEZ EN CUANDO,NS/NC,NO,NA,NA,NA,NA,NA,NA,NA,NA,NA, ,"",0,0,0,NO,POR PROBLEMAS DE SALUD, ,SI,NA,"",0,"",0,"",0,NO,0,NO,SI,"", ,NA,1,1,2,0,2,0,TODOS O CASI TODOS LOS DIAS,0,0,0,0,ALGUNOS DIAS POR SEMANA,COMPUTADORA,NUNCA,TODOS O CASI TODOS LOS DIAS,TODOS O CASI TODOS LOS DIAS,PRINCIPALMENTE LEE ARTICULOS Y NOTICIAS DE DISTINTOS MEDIOS,SI,NA,ALGUNA VEZ AL AO,0,0,0,0,0,0,ALGUNOS DIAS POR SEMANA,SI,"", ,NA,1,1,0,0,LO HABIAN MENCIONADO EN TELEVISION, ,1,1,520,520,ALGUNA VEZ AL AO,"NO LEYO LIBROS EN PANTALLA, SOLO EN PAPEL","","","","","",NUNCA,DE VEZ EN CUANDO,NUNCA,NUNCA,NUNCA,NUNCA,NUNCA,NUNCA,NUNCA,NUNCA,NUNCA,NUNCA,NUNCA,DE VEZ EN CUANDO,NUNCA,NUNCA,SI,"",NA,4,0,4,0,TELEVISION POR CABLE,NA,UNA HORA O MENOS AL DIA,VARIAS HORAS AL DIA,NUNCA,NUNCA,NUNCA,TODOS O CASI TODOS LOS DIAS,NUNCA,HABITUALMENTE,NUNCA,1,1,1,SI,"", ,NA,NUNCA,NUNCA,ALGUNOS DIAS POR SEMANA,ALGUNOS DIAS POR SEMANA,ALGUNOS DIAS POR SEMANA,TODOS O CASI TODOS LOS DIAS,TODOS O CASI TODOS LOS DIAS,ALGUNOS DIAS POR SEMANA,TODOS O CASI TODOS LOS DIAS,ALGUNOS DIAS POR SEMANA,NUNCA,NUNCA,NUNCA,0,0,0,SI,"", ,NA,ALGUNA VEZ AL AO O MENOS,1,1,0,0,VIO O ESCUCHO EN UNA PUBLICIDAD, ,NUNCA,CASI NUNCA,CASI NUNCA,CASI NUNCA,CASI NUNCA,DE VEZ EN CUANDO,DE VEZ EN CUANDO,HABITUALMENTE,DE VEZ EN CUANDO,NUNCA,NUNCA,NO,NA,"",0,"",0,"",0,SI,"", ,NA,NA,SI,NA,"",INCLUYE CABLE,1100,1100,ALGUNOS DIAS POR SEMANA,TODOS O CASI TODOS LOS DAS,NUNCA,ALGUNOS DIAS POR SEMANA,3,NO USA,3,NO USA,ALGUNOS DIAS POR SEMANA,ALGUNOS DIAS POR SEMANA,NUNCA,ALGUNOS DIAS POR SEMANA,NUNCA,NUNCA,NUNCA,NUNCA,NUNCA,TODOS O CASI TODOS LOS DAS,SI,NO,NO,NO,NO,TODOS O CASI TODOS LOS DAS,NA,NA,NA,NA,NO,NA, ,NUNCA,NUNCA,NUNCA,NUNCA,NUNCA,TODOS O CASI TODOS LOS DAS,NUNCA,3,0,3,0,"COMENTA, COMPARTE, PARTICIPA Y/U OPINA FRENTE A CONTENIDOS",NA,"","","","","","","","","","","",1,NINGUNA,SI,1,SI,SI,560,560,0,NO,NA,,,0,0,NA,NA,NA,NA,"",0,NO,NO,SI,SI,NO,NO,NO,NO,NO,NO,SI,NO,NO,SI,NO,NO,NO,NO,NO,NO,SI,NO,SI,NO,NO,1500,1500,NO,"",0,NA,NA,NA,NA,NA,NA,"","",0,NO FUE NUNCA,"",1 VEZ EN EL ULTIMO AO,0,NO FUE NUNCA,"",1 VEZ EN EL ULTIMO AO,500,VARIAS VECES EN EL ULTIMO AO,0,1 VEZ EN EL ULTIMO AO,300,NO FUE NUNCA,"",NO FUE NUNCA,"",NO FUE NUNCA,"",1 VEZ EN EL ULTIMO AO,40,NO FUE NUNCA,"",HACE MAS DE 5 AOS,"",HACE MAS DE 5 AOS,"",NO FUE NUNCA,"",1 VEZ EN EL ULTIMO AO,0,NO FUE NUNCA,"",1 VEZ EN EL ULTIMO AO,1300,1 VEZ EN EL ULTIMO AO,0,VARIAS VECES EN EL ULTIMO AO,0,ENTRE 1 Y 5 AOS,"",1,,,2,SECUNDARIA COMPLETA,LA PERSONA QUE FUE ENTREVISTADA,"",TRABAJA,ADMINISTRATIVA DE EMPRESA PRIVADA ENCARGADA DE PAGO A PROVEEDORES Y CONTROL CUENTA CORRIENTE,TRABAJADOR/OBRERO CALIFICADO. EMPLEADO ADMINISTRATIVO MEDIO, ,"",SI,SI,SI,NO,SI,SI,PROPIA,NO,NO,NO,NO,NO,BARRIO CON VIVIENDAS DISTINTAS,BARRIO CON VIVIENDAS DISTINTAS,CASA,66,C3,240,240,4,120,120,2,120,120,2,240,240,4,180,180,3,180,180,3,0,0,0
216,216,9836,2017-05-23T00:00:00,PATAGONIA,Mujer,21,"EL ARTE, LO CULTO", ,SI,"", ,NA,SI,TODOS O CASI TODOS LOS DIAS,FM,1,0,1,0,NUNCA,TODOS O CASI TODOS LOS DIAS,NUNCA,NUNCA,NUNCA,INFORMATIVOS / NOTICIEROS,MUSICALES,NA,NA,NA,NA,NA, ,1,SI,"", ,NA,TODOS O CASI TODOS LOS DIAS,2,30,2,30,NUNCA,TODOS O CASI TODOS LOS DIAS,TODOS O CASI TODOS LOS DIAS,ALGUNOS DIAS POR SEMANA,NUNCA,ALGUNOS DIAS POR SEMANA,NUNCA,NUNCA,NUNCA,NUNCA,DE VEZ EN CUANDO,DE VEZ EN CUANDO,NUNCA,NUNCA,DE VEZ EN CUANDO,NUNCA,DE VEZ EN CUANDO,HABITUALMENTE,DE VEZ EN CUANDO,NUNCA,NUNCA,DE VEZ EN CUANDO,HABITUALMENTE,3 canciones,SI,TODOS O CASI TODOS LOS DIAS,ALGUNOS DIAS POR SEMANA,SPOTIFY,GOOGLE PLAY,YOUTUBE,CIENRADIOS,ARES,NA,NA, ,100,0,0,2,SI,"", ,NA,ALGUNA VEZ AL AO O MENOS,2,2,2,2,1600,1600,SI,2,SI,SI,"", ,NA,1,1,0,30,0,30,ALGUNOS DIAS POR SEMANA,0,0,0,0,TODOS O CASI TODOS LOS DIAS,COMPUTADORA,NUNCA,ALGUNOS DIAS POR SEMANA,TODOS O CASI TODOS LOS DIAS,AMBAS POR IGUAL,NO,SI,NA,"",0,"",0,"",0,NA,SI,"", ,NA,2,2,1,1,"SE LO HABIA RECOMENDADO UN PROFESOR, REFERENTE POLITICO, RELIGIOSO O ESPIRITUAL", ,2,2,650,650,ALGUNOS DIAS POR SEMANA,"NO LEYO LIBROS EN PANTALLA, SOLO EN PAPEL","","","","","",CASI NUNCA,DE VEZ EN CUANDO,NS/NC,DE VEZ EN CUANDO,HABITUALMENTE,DE VEZ EN CUANDO,NUNCA,NUNCA,NUNCA,NUNCA,CASI NUNCA,DE VEZ EN CUANDO,HABITUALMENTE,CASI NUNCA,CASI NUNCA,NUNCA,SI,"",NA,2,0,2,0,TELEVISION POR CABLE,NA,ALGUNAS VECES POR SEMANA,VARIAS HORAS AL DIA,NUNCA,NUNCA,NUNCA,TODOS O CASI TODOS LOS DIAS,DE VEZ EN CUANDO,HABITUALMENTE,NUNCA,3,3,3,SI,"", ,NA,TODOS O CASI TODOS LOS DIAS,ALGUNAS VECES AL MES,ALGUNA VEZ CADA 3 MESES,ALGUNA VEZ CADA 3 MESES,ALGUNA VEZ AL AO,ALGUNOS DIAS POR SEMANA,ALGUNOS DIAS POR SEMANA,ALGUNOS DIAS POR SEMANA,TODOS O CASI TODOS LOS DIAS,ALGUNOS DIAS POR SEMANA,NUNCA,ALGUNOS DIAS POR SEMANA,NUNCA,500,0,0,SI,"", ,NA,ALGUNA VEZ CADA 3 MESES,5,5,2,2,"SE LA RECOMENDO UN AMIGO, FAMILIAR O CONOCIDO", ,DE VEZ EN CUANDO,DE VEZ EN CUANDO,DE VEZ EN CUANDO,HABITUALMENTE,HABITUALMENTE,HABITUALMENTE,DE VEZ EN CUANDO,HABITUALMENTE,DE VEZ EN CUANDO,HABITUALMENTE,HABITUALMENTE,NO,NA,"",0,"",0,"",0,SI,"", ,NA,NA,SI,NA,"",INCLUYE TELFONO Y CABLE,1600,1600,TODOS O CASI TODOS LOS DAS,TODOS O CASI TODOS LOS DAS,NUNCA,ALGUNOS DIAS POR SEMANA,2,NO USA,2,NO USA,TODOS O CASI TODOS LOS DAS,TODOS O CASI TODOS LOS DAS,TODOS O CASI TODOS LOS DAS,TODOS O CASI TODOS LOS DAS,TODOS O CASI TODOS LOS DAS,ALGUNOS DIAS POR SEMANA,NUNCA,NUNCA,NUNCA,TODOS O CASI TODOS LOS DAS,SI,SI,SI,NO,NO,TODOS O CASI TODOS LOS DAS,TODOS O CASI TODOS LOS DAS,TODOS O CASI TODOS LOS DAS,NA,NA,SI,BADOO, ,ALGUNOS DIAS POR SEMANA,ALGUNOS DIAS POR SEMANA,NUNCA,NUNCA,NUNCA,TODOS O CASI TODOS LOS DAS,ALGUNA VEZ CADA 3 MESES,2,0,2,0,"COMENTA, COMPARTE, PARTICIPA Y/U OPINA FRENTE A CONTENIDOS",NA,"","","","","","","","","","","",3,NINGUNA,SI,1,SI,SI,545,545,1200,NO,NA,,,0,0,NA,NA,NA,NA,"",0,NO,NO,NO,NO,NO,NO,NO,NO,NO,NA,NA,NA,NA,NA,NA,NA,NA,NA,NA,SI,SI,NO,NO,NO,NO,500,500,NO,"",0,NA,NA,NA,NA,NA,NA,"","",0,NO FUE NUNCA,"",1 VEZ EN EL ULTIMO AO,0,1 VEZ EN EL ULTIMO AO,0,1 VEZ EN EL ULTIMO AO,500,NO FUE NUNCA,"",1 VEZ EN EL ULTIMO AO,300,NO FUE NUNCA,"",NO FUE NUNCA,"",NO FUE NUNCA,"",VARIAS VECES EN EL ULTIMO AO,200,NO FUE NUNCA,"",NO FUE NUNCA,"",NO FUE NUNCA,"",NO FUE NUNCA,"",1 VEZ EN EL ULTIMO AO,0,NO FUE NUNCA,"",1 VEZ EN EL ULTIMO AO,1500,1 VEZ EN EL ULTIMO AO,600,1 VEZ EN EL ULTIMO AO,0,1 VEZ EN EL ULTIMO AO,1000,4,1,2,5,TERCIARIO INCOMPLETO,OTRO MIEMBRO DEL HOGAR,TERCIARIO COMPLETO,TRABAJA,DOCENTE DICTADO DE CLASES NIVEL INICIAL COLEGIO,TRABAJADOR/OBRERO CALIFICADO. EMPLEADO ADMINISTRATIVO MEDIO, ,"",SI,SI,NO,SI,SI,SI,PROPIA,NO,NO,NO,NO,NO,BARRIO CON VIVIENDAS DISTINTAS,BARRIO CON VIVIENDAS DISTINTAS,DEPARTAMENTO,80,C2,60,60,1,120,150,2.5,0,30,0.5,120,120,2,120,120,2,120,120,2,0,0,0
217,217,9801,2017-05-24T00:00:00,PATAGONIA,Varn,17,"EL ARTE, LO CULTO", ,NO,PORQUE NO LE GUSTA LA RADIO, ,NO,NA,NA,NA,,,0,0,NA,NA,NA,NA,NA,NA,NA,NA,NA,NA,NA,NA, ,1,SI,"", ,NA,TODOS O CASI TODOS LOS DIAS,3,0,3,0,NUNCA,NUNCA,TODOS O CASI TODOS LOS DIAS,TODOS O CASI TODOS LOS DIAS,NUNCA,TODOS O CASI TODOS LOS DIAS,NUNCA,NUNCA,NUNCA,NUNCA,HABITUALMENTE,HABITUALMENTE,NUNCA,NUNCA,HABITUALMENTE,HABITUALMENTE,NUNCA,NUNCA,NUNCA,DE VEZ EN CUANDO,HABITUALMENTE,NUNCA,NUNCA,6 canciones,SI,TODOS O CASI TODOS LOS DIAS,ALGUNOS DIAS POR SEMANA,GOOGLE PLAY,YOUTUBE,MOVISTAR MSICA,I-TUNES,NA,NA,NA, ,0,0,0,1,SI,"", ,NA,ALGUNA VEZ AL AO O MENOS,10,10,10,10,1000,1000,NO,0,NO,NO,PORQUE NO LE GUSTA LEER DIARIOS, ,NO,"",0,,,0,0,NA,"",0,"",0,NA,NA,NA,NA,NA,NA,NO,NO,NA,"",0,"",0,"",0,NA,SI,"", ,NA,6,6,2,2,"SE LO HABIA RECOMENDADO UN PROFESOR, REFERENTE POLITICO, RELIGIOSO O ESPIRITUAL", ,6,6,1800,1800,ALGUNOS DIAS POR SEMANA,"NO LEYO LIBROS EN PANTALLA, SOLO EN PAPEL","","","","","",DE VEZ EN CUANDO,NUNCA,NUNCA,NUNCA,HABITUALMENTE,NUNCA,NUNCA,NUNCA,NUNCA,NUNCA,NUNCA,NUNCA,NUNCA,NUNCA,NUNCA,NUNCA,SI,"",NA,4,0,4,0,TELEVISION POR CABLE,NA,UNA HORA O MENOS AL DIA,VARIAS HORAS AL DIA,NUNCA,NUNCA,NUNCA,TODOS O CASI TODOS LOS DIAS,HABITUALMENTE,HABITUALMENTE,NUNCA,3,3,3,SI,"", ,NA,ALGUNOS DIAS POR SEMANA,TODOS O CASI TODOS LOS DIAS,NUNCA,NUNCA,NUNCA,ALGUNOS DIAS POR SEMANA,NUNCA,ALGUNAS VECES AL MES,TODOS O CASI TODOS LOS DIAS,ALGUNOS DIAS POR SEMANA,NUNCA,TODOS O CASI TODOS LOS DIAS,NUNCA,1200,0,0,SI,"", ,NA,ALGUNA VEZ CADA 3 MESES,6,6,0,0,"SE LA RECOMENDO UN AMIGO, FAMILIAR O CONOCIDO", ,HABITUALMENTE,DE VEZ EN CUANDO,HABITUALMENTE,HABITUALMENTE,HABITUALMENTE,DE VEZ EN CUANDO,DE VEZ EN CUANDO,NUNCA,NUNCA,NUNCA,HABITUALMENTE,NO,NA,"",0,"",0,"",0,SI,"", ,NA,NA,SI,NA,"",INCLUYE TELFONO Y CABLE,1500,1500,TODOS O CASI TODOS LOS DAS,TODOS O CASI TODOS LOS DAS,NUNCA,ALGUNOS DIAS POR SEMANA,24,NO USA,24,NO USA,ALGUNOS DIAS POR SEMANA,NUNCA,ALGUNOS DIAS POR SEMANA,NUNCA,TODOS O CASI TODOS LOS DAS,NUNCA,NUNCA,NUNCA,NUNCA,TODOS O CASI TODOS LOS DAS,SI,SI,SI,SI,NO,TODOS O CASI TODOS LOS DAS,TODOS O CASI TODOS LOS DAS,TODOS O CASI TODOS LOS DAS,TODOS O CASI TODOS LOS DAS,NA,NO,NA, ,NUNCA,TODOS O CASI TODOS LOS DAS,NUNCA,ALGUNOS DIAS POR SEMANA,NUNCA,TODOS O CASI TODOS LOS DAS,NUNCA,10,0,10,0,"COMENTA, COMPARTE, PARTICIPA Y/U OPINA FRENTE A CONTENIDOS",NA,"","","","","","","","","","","",3,NINGUNA,SI,1,SI,SI,NS/NC,NS/NC,NS/NC,SI,ALGUNOS DIAS POR SEMANA,2,0,2,0,ALGUNOS DIAS POR SEMANA,ALGUNOS DIAS POR SEMANA,NUNCA,ALGUNOS DIAS POR SEMANA,NS/NC,NS/NC,NO,NO,NO,NO,NO,NO,NO,NO,NO,NA,NA,NA,NA,NA,NA,NA,NA,NA,NA,SI,NO,NO,NO,NO,NO,"",0,NO,"",0,NA,NA,NA,NA,NA,NA,"","",0,NO FUE NUNCA,"",NO FUE NUNCA,"",1 VEZ EN EL ULTIMO AO,0,1 VEZ EN EL ULTIMO AO,200,NO FUE NUNCA,"",NO FUE NUNCA,"",NO FUE NUNCA,"",NO FUE NUNCA,"",NO FUE NUNCA,"",VARIAS VECES EN EL ULTIMO AO,200,NO FUE NUNCA,"",NO FUE NUNCA,"",NO FUE NUNCA,"",NO FUE NUNCA,"",NO FUE NUNCA,"",NO FUE NUNCA,"",NO FUE NUNCA,"",NO FUE NUNCA,"",NO FUE NUNCA,"",NO FUE NUNCA,"",5,1,0,4,SECUNDARIA INCOMPLETA,OTRO MIEMBRO DEL HOGAR,UNIVERSITARIO COMPLETO,TRABAJA,GERENTE DE BANCO CONTROL Y GESTION DEL PERSONAL,ALTO EJECUTIVO DE EMPRESA/ DUEO/ SOCIO DE EMPRESAS, ,"",SI,SI,NO,SI,SI,SI,PROPIA,NO,NO,NO,NO,NO,BARRIO CON VIVIENDAS DISTINTAS,BARRIO CON VIVIENDAS DISTINTAS,CASA,92,C1,0,0,0,180,180,3,0,0,0,240,240,4,1440,1440,24,600,600,10,120,120,2
218,218,4856,2017-05-26T00:00:00,PATAGONIA,Varn,45,"INFORMACION, ESTUDIAR, CONOCER", ,SI,"", ,NA,SI,TODOS O CASI TODOS LOS DIAS,FM,8,0,8,0,TODOS O CASI TODOS LOS DIAS,NUNCA,ALGUNOS DIAS POR SEMANA,ALGUNOS DIAS POR SEMANA,NUNCA,MUSICALES,DEPORTIVOS,NA,NA,NA,NA,NA, ,1,SI,"", ,NA,TODOS O CASI TODOS LOS DIAS,8,0,8,0,ALGUNA VEZ AL AO O MENOS,NUNCA,TODOS O CASI TODOS LOS DIAS,NUNCA,NUNCA,NUNCA,NUNCA,NUNCA,NUNCA,DE VEZ EN CUANDO,DE VEZ EN CUANDO,DE VEZ EN CUANDO,CASI NUNCA,NUNCA,DE VEZ EN CUANDO,DE VEZ EN CUANDO,CASI NUNCA,HABITUALMENTE,HABITUALMENTE,CASI NUNCA,CASI NUNCA,CASI NUNCA,NS/NC,8 canciones,SI,ALGUNOS DIAS POR SEMANA,NUNCA,YOUTUBE,NA,NA,NA,NA,NA,NA, ,0,0,0,0,SI,"", ,NA,TODAS O CASI TODAS LAS SEMANAS,8,8,8,8,0,0,NO,0,NO,SI,"", ,NA,5,5,1,0,1,0,"NO LEYO DIARIOS EN PAPEL, SOLO EN PANTALLA","",0,"",0,ALGUNOS DIAS POR SEMANA,COMPUTADORA,NUNCA,NUNCA,TODOS O CASI TODOS LOS DIAS,PRINCIPALMENTE LEE ARTICULOS Y NOTICIAS DE DISTINTOS MEDIOS,NO,NO,NA,"",0,"",0,"",0,NA,NO,PORQUE NO TIENE TIEMPO, ,SI,"",0,"",0,"", ,"",0,"",0,NA,NA,"","","","","",NA,NA,NA,NA,NA,NA,NA,NA,NA,NA,NA,NA,NA,NA,NA,NA,SI,"",NA,12,0,12,0,TELEVISION POR CABLE,NA,UNA HORA O MENOS AL DIA,VARIAS HORAS AL DIA,NUNCA,NUNCA,NUNCA,TODOS O CASI TODOS LOS DIAS,NUNCA,HABITUALMENTE,NUNCA,2,1,1,SI,"", ,NA,ALGUNA VEZ AL AO,NUNCA,ALGUNAS VECES AL MES,NUNCA,TODOS O CASI TODOS LOS DIAS,TODOS O CASI TODOS LOS DIAS,ALGUNOS DIAS POR SEMANA,TODOS O CASI TODOS LOS DIAS,TODOS O CASI TODOS LOS DIAS,ALGUNOS DIAS POR SEMANA,NUNCA,ALGUNOS DIAS POR SEMANA,NUNCA,500,0,0,SI,"", ,NA,TODOS O CASI TODOS LOS MESES,12,12,1,1,VIO LOS AVANCES EN EL CINE, ,HABITUALMENTE,HABITUALMENTE,DE VEZ EN CUANDO,DE VEZ EN CUANDO,CASI NUNCA,DE VEZ EN CUANDO,DE VEZ EN CUANDO,DE VEZ EN CUANDO,HABITUALMENTE,DE VEZ EN CUANDO,NUNCA,NO,NA,"",0,"",0,"",0,SI,"", ,NA,NA,SI,NA,"",INCLUYE CABLE,1200,1200,TODOS O CASI TODOS LOS DAS,TODOS O CASI TODOS LOS DAS,NUNCA,ALGUNOS DIAS POR SEMANA,24,NO USA,24,NO USA,TODOS O CASI TODOS LOS DAS,TODOS O CASI TODOS LOS DAS,NUNCA,NUNCA,TODOS O CASI TODOS LOS DAS,NUNCA,NUNCA,NUNCA,NUNCA,TODOS O CASI TODOS LOS DAS,SI,NO,NO,NO,NO,TODOS O CASI TODOS LOS DAS,NA,NA,NA,NA,NO,NA, ,NUNCA,TODOS O CASI TODOS LOS DAS,ALGUNAS VECES AL MES,NUNCA,NUNCA,TODOS O CASI TODOS LOS DAS,TODOS O CASI TODOS LOS DAS,24,0,24,0,"OBSERVA LOS CONTENIDOS, SIN HACER COMENTARIOS",NA,"","","","","","","","","","","",1,NINGUNA,NO,1,SI,SI,550,550,0,SI,ALGUNA VEZ AL AO O MENOS,1,0,1,0,ALGUNA VEZ AL AO O MENOS,NUNCA,NUNCA,NUNCA,0,0,NO,NO,NO,NO,NO,NO,NO,NO,NO,NA,NA,NA,NA,NA,NA,NA,NA,NA,NA,SI,NO,NO,NO,NO,NO,"",0,SI,1,1,UNA VEZ AL AO,UNA VEZ AL AO,NUNCA,UNA VEZ AL AO,UNA VEZ AL AO,UNA VEZ AL AO,FUE GRATUITO,0,0,NO FUE NUNCA,"",VARIAS VECES EN EL ULTIMO AO,250,NO FUE NUNCA,"",NO FUE NUNCA,"",NO FUE NUNCA,"",NO FUE NUNCA,"",NO FUE NUNCA,"",NO FUE NUNCA,"",NO FUE NUNCA,"",VARIAS VECES EN EL ULTIMO AO,1200,NO FUE NUNCA,"",NO FUE NUNCA,"",NO FUE NUNCA,"",NO FUE NUNCA,"",NO FUE NUNCA,"",NO FUE NUNCA,"",NO FUE NUNCA,"",NO FUE NUNCA,"",NO FUE NUNCA,"",NO FUE NUNCA,"",1,,,2,SECUNDARIA COMPLETA,LA PERSONA QUE FUE ENTREVISTADA,"",TRABAJA,ARMADA PERSONAL CIVIL TRABAJA EN TALLER DE BARCOS REPARACION BARCOS,TECNICO ESPECIALIZADO. COMERCIANTE. SUPERVISOR / JEFE / CAP, ,"",SI,SI,NO,NO,SI,SI,ALQUILADA,NO,NO,NO,NO,NO,BARRIO CON VIVIENDAS DISTINTAS,BARRIO CON VIVIENDAS DISTINTAS,DEPARTAMENTO,64,C3,480,480,8,480,480,8,60,60,1,720,720,12,1440,1440,24,1440,1440,24,60,60,1
219,219,9712,2017-05-26T00:00:00,PATAGONIA,Varn,35,"LA TRADICION, LA HISTORIA", ,SI,"", ,NA,SI,TODOS O CASI TODOS LOS DIAS,FM,8,0,8,0,TODOS O CASI TODOS LOS DIAS,TODOS O CASI TODOS LOS DIAS,NUNCA,NUNCA,NUNCA,INFORMATIVOS / NOTICIEROS,MUSICALES,DEPORTIVOS,NA,NA,NA,NA, ,1,SI,"", ,NA,TODOS O CASI TODOS LOS DIAS,8,0,8,0,NUNCA,TODOS O CASI TODOS LOS DIAS,ALGUNOS DIAS POR SEMANA,NUNCA,NUNCA,TODOS O CASI TODOS LOS DIAS,NUNCA,NUNCA,ALGUNOS DIAS POR SEMANA,CASI NUNCA,DE VEZ EN CUANDO,DE VEZ EN CUANDO,NUNCA,NUNCA,DE VEZ EN CUANDO,DE VEZ EN CUANDO,NUNCA,CASI NUNCA,CASI NUNCA,CASI NUNCA,NUNCA,CASI NUNCA,NUNCA,4 canciones,SI,TODOS O CASI TODOS LOS DIAS,NUNCA,YOUTUBE,CLARO MSICA,NA,NA,NA,NA,NA, ,0,0,0,1,NO,POR FALTA DE TIEMPO, ,SI,NA,"",0,"",0,"",0,NO,0,NO,SI,"", ,NA,2,2,1,0,1,0,ALGUNOS DIAS POR SEMANA,0,0,0,0,TODOS O CASI TODOS LOS DIAS,CELULAR,NUNCA,ALGUNOS DIAS POR SEMANA,TODOS O CASI TODOS LOS DIAS,PRINCIPALMENTE LEE ARTICULOS Y NOTICIAS DE DISTINTOS MEDIOS,NO,NO,NA,"",0,"",0,"",0,NA,NO,PORQUE NO LE INTERESA, ,NO,"",0,"",0,"", ,"",0,"",0,NA,NA,"","","","","",NA,NA,NA,NA,NA,NA,NA,NA,NA,NA,NA,NA,NA,NA,NA,NA,SI,"",NA,3,0,3,0,TELEVISION POR CABLE,NA,UNA HORA O MENOS AL DIA,VARIAS HORAS AL DIA,NUNCA,NUNCA,NUNCA,TODOS O CASI TODOS LOS DIAS,CASI NUNCA,HABITUALMENTE,NUNCA,2,1,1,SI,"", ,NA,ALGUNAS VECES AL MES,ALGUNOS DIAS POR SEMANA,NUNCA,NUNCA,NUNCA,TODOS O CASI TODOS LOS DIAS,NUNCA,ALGUNOS DIAS POR SEMANA,TODOS O CASI TODOS LOS DIAS,ALGUNOS DIAS POR SEMANA,NUNCA,ALGUNOS DIAS POR SEMANA,NUNCA,1500,0,0,SI,"", ,NA,ALGUNA VEZ AL AO O MENOS,2,2,0,0,"NO TENIA DECIDIDO IR A VERLA, LA ELIGIO EN EL MOMENTO", ,HABITUALMENTE,HABITUALMENTE,HABITUALMENTE,DE VEZ EN CUANDO,HABITUALMENTE,DE VEZ EN CUANDO,DE VEZ EN CUANDO,NUNCA,DE VEZ EN CUANDO,NUNCA,NUNCA,NO,NA,"",0,"",0,"",0,SI,"", ,NA,NA,SI,NA,"",INCLUYE TELFONO Y CABLE,1800,1800,TODOS O CASI TODOS LOS DAS,TODOS O CASI TODOS LOS DAS,NUNCA,ALGUNOS DIAS POR SEMANA,24,NO USA,24,NO USA,ALGUNOS DIAS POR SEMANA,TODOS O CASI TODOS LOS DAS,NUNCA,TODOS O CASI TODOS LOS DAS,TODOS O CASI TODOS LOS DAS,NUNCA,NUNCA,NUNCA,NUNCA,TODOS O CASI TODOS LOS DAS,SI,NO,NO,NO,NO,TODOS O CASI TODOS LOS DAS,NA,NA,NA,NA,NO,NA, ,NUNCA,ALGUNA VEZ CADA 3 MESES,NUNCA,NUNCA,NUNCA,ALGUNAS VECES AL MES,NUNCA,6,0,6,0,"OBSERVA LOS CONTENIDOS, SIN HACER COMENTARIOS",NA,"","","","","","","","","","","",2,NINGUNA,SI,2,SI,SI,1200,1200,0,NO,NA,,,0,0,NA,NA,NA,NA,"",0,NO,NO,NO,NO,NO,NO,NO,NO,NO,NA,NA,NA,NA,NA,NA,NA,NA,NA,NA,SI,NO,NO,NO,NO,NO,"",0,NO,"",0,NA,NA,NA,NA,NA,NA,"","",0,NO FUE NUNCA,"",NO FUE NUNCA,"",NO FUE NUNCA,"",NO FUE NUNCA,"",NO FUE NUNCA,"",NO FUE NUNCA,"",NO FUE NUNCA,"",NO FUE NUNCA,"",NO FUE NUNCA,"",VARIAS VECES EN EL ULTIMO AO,100,NO FUE NUNCA,"",NO FUE NUNCA,"",NO FUE NUNCA,"",NO FUE NUNCA,"",NO FUE NUNCA,"",NO FUE NUNCA,"",NO FUE NUNCA,"",NO FUE NUNCA,"",NO FUE NUNCA,"",NO FUE NUNCA,"",3,1,0,2,SECUNDARIA COMPLETA,LA PERSONA QUE FUE ENTREVISTADA,"",TRABAJA,VENDEDOR COMERCIO VENTA AL PUBLICO DE ARTICULOS RUBRO ELECTRICOS,"OFICIO MENOR, OBRERO NO CALIFICADO/ SERVICIO DOMESTICO", ,"",SI,SI,SI,NO,SI,SI,ALQUILADA,NO,NO,NO,NO,NO,BARRIO CON VIVIENDAS DISTINTAS,BARRIO CON VIVIENDAS DISTINTAS,CASA,56,C3,480,480,8,480,480,8,60,60,1,180,180,3,1440,1440,24,360,360,6,0,0,0
220,220,9780,2017-05-26T00:00:00,PATAGONIA,Mujer,41,"LA TRADICION, LA HISTORIA", ,SI,"", ,NA,SI,TODOS O CASI TODOS LOS DIAS,FM,2,0,2,0,ALGUNOS DIAS POR SEMANA,TODOS O CASI TODOS LOS DIAS,NUNCA,NUNCA,NUNCA,INFORMATIVOS / NOTICIEROS,MUSICALES,NA,NA,NA,NA,NA, ,1,SI,"", ,NA,TODOS O CASI TODOS LOS DIAS,2,0,2,0,ALGUNA VEZ AL AO O MENOS,TODOS O CASI TODOS LOS DIAS,TODOS O CASI TODOS LOS DIAS,ALGUNOS DIAS POR SEMANA,NUNCA,NUNCA,NUNCA,NUNCA,NUNCA,NUNCA,DE VEZ EN CUANDO,DE VEZ EN CUANDO,NUNCA,NUNCA,CASI NUNCA,CASI NUNCA,DE VEZ EN CUANDO,CASI NUNCA,DE VEZ EN CUANDO,DE VEZ EN CUANDO,DE VEZ EN CUANDO,DE VEZ EN CUANDO,HABITUALMENTE,NS/NC,SI,ALGUNOS DIAS POR SEMANA,NUNCA,YOUTUBE,CLARO MSICA,NA,NA,NA,NA,NA, ,0,0,0,0,NO,POR FALTA DE TIEMPO, ,SI,NA,"",0,"",0,"",0,NO,0,NO,SI,"", ,NA,0,0,1,0,1,0,ALGUNOS DIAS POR SEMANA,0,0,0,0,ALGUNOS DIAS POR SEMANA,COMPUTADORA,NUNCA,ALGUNOS DIAS POR SEMANA,ALGUNOS DIAS POR SEMANA,AMBAS POR IGUAL,NO,NO,NA,"",0,"",0,"",0,NA,SI,"", ,NA,3,3,0,0,"SE LO HABIA RECOMENDADO UN AMIGO, FAMILIAR O CONOCIDO", ,3,3,1400,1400,ALGUNAS VECES AL MES,"NO LEYO LIBROS EN PANTALLA, SOLO EN PAPEL","","","","","",CASI NUNCA,DE VEZ EN CUANDO,NUNCA,NUNCA,NUNCA,NUNCA,NUNCA,NUNCA,NUNCA,NUNCA,DE VEZ EN CUANDO,NUNCA,NUNCA,DE VEZ EN CUANDO,NUNCA,NUNCA,SI,"",NA,3,0,3,0,TELEVISION POR CABLE,NA,VARIAS HORAS AL DIA,VARIAS HORAS AL DIA,NUNCA,NUNCA,NUNCA,TODOS O CASI TODOS LOS DIAS,NUNCA,HABITUALMENTE,NUNCA,2,2,2,SI,"", ,NA,NUNCA,ALGUNOS DIAS POR SEMANA,NUNCA,NUNCA,NUNCA,TODOS O CASI TODOS LOS DIAS,ALGUNOS DIAS POR SEMANA,ALGUNOS DIAS POR SEMANA,TODOS O CASI TODOS LOS DIAS,ALGUNOS DIAS POR SEMANA,NUNCA,TODOS O CASI TODOS LOS DIAS,NUNCA,500,0,0,SI,"", ,NA,ALGUNA VEZ CADA 3 MESES,7,7,2,2,"SE LA RECOMENDO UN AMIGO, FAMILIAR O CONOCIDO", ,DE VEZ EN CUANDO,NUNCA,NUNCA,DE VEZ EN CUANDO,DE VEZ EN CUANDO,DE VEZ EN CUANDO,DE VEZ EN CUANDO,DE VEZ EN CUANDO,NUNCA,NUNCA,NUNCA,NO,NA,"",0,"",0,"",0,SI,"", ,NA,NA,SI,NA,"",INCLUYE CABLE,1200,1200,TODOS O CASI TODOS LOS DAS,TODOS O CASI TODOS LOS DAS,NUNCA,ALGUNOS DIAS POR SEMANA,2,NO USA,2,NO USA,ALGUNAS VECES AL MES,TODOS O CASI TODOS LOS DAS,NUNCA,ALGUNOS DIAS POR SEMANA,TODOS O CASI TODOS LOS DAS,NUNCA,NUNCA,NUNCA,NUNCA,TODOS O CASI TODOS LOS DAS,SI,SI,SI,NO,NO,TODOS O CASI TODOS LOS DAS,TODOS O CASI TODOS LOS DAS,TODOS O CASI TODOS LOS DAS,NA,NA,NO,NA, ,ALGUNOS DIAS POR SEMANA,ALGUNOS DIAS POR SEMANA,NUNCA,NUNCA,NUNCA,TODOS O CASI TODOS LOS DAS,NUNCA,2,0,2,0,"COMENTA, COMPARTE, PARTICIPA Y/U OPINA FRENTE A CONTENIDOS",NA,"","","","","","","","","","","",2,NINGUNA,NO,1,SI,SI,1100,1100,0,NO,NA,,,0,0,NA,NA,NA,NA,"",0,NO,NO,NO,NO,NO,NO,NO,NO,NO,NA,NA,NA,NA,NA,NA,NA,NA,NA,NA,SI,SI,NO,NO,NO,NO,5000,5000,NO,"",0,NA,NA,NA,NA,NA,NA,"","",0,NO FUE NUNCA,"",1 VEZ EN EL ULTIMO AO,0,1 VEZ EN EL ULTIMO AO,0,1 VEZ EN EL ULTIMO AO,500,NO FUE NUNCA,"",1 VEZ EN EL ULTIMO AO,0,NO FUE NUNCA,"",NO FUE NUNCA,"",NO FUE NUNCA,"",1 VEZ EN EL ULTIMO AO,40,NO FUE NUNCA,"",NO FUE NUNCA,"",NO FUE NUNCA,"",NO FUE NUNCA,"",NO FUE NUNCA,"",NO FUE NUNCA,"",1 VEZ EN EL ULTIMO AO,0,NO FUE NUNCA,"",NO FUE NUNCA,"",NO FUE NUNCA,"",2,0,0,2,SECUNDARIA COMPLETA,OTRO MIEMBRO DEL HOGAR,UNIVERSITARIO INCOMPLETO,TRABAJA,EMPLEADO DE COMERCIO VENTAS Y ATENCION MOSTRADOR ALMACEN MERCADO BARRIO,TRABAJADOR/OBRERO CALIFICADO. EMPLEADO ADMINISTRATIVO MEDIO, ,"",SI,SI,SI,NO,SI,SI,PROPIA,NO,NO,NO,NO,NO,BARRIO CON VIVIENDAS DISTINTAS,BARRIO CON VIVIENDAS DISTINTAS,CASA,72,C2,120,120,2,120,120,2,60,60,1,180,180,3,120,120,2,120,120,2,0,0,0
221,221,8389,2017-05-30T00:00:00,PATAGONIA,Mujer,54,"HABITOS, COSTUMBRES, COMPORTAMIENTOS", ,SI,"", ,NA,NO,ALGUNAS VECES AL MES,AM,1,0,1,0,ALGUNAS VECES AL MES,NUNCA,NUNCA,NUNCA,NUNCA,INFORMATIVOS / NOTICIEROS,MUSICALES,NA,NA,NA,NA,NA, ,1,SI,"", ,NA,TODOS O CASI TODOS LOS DIAS,2,0,2,0,ALGUNOS DIAS POR SEMANA,NUNCA,NUNCA,TODOS O CASI TODOS LOS DIAS,NUNCA,NUNCA,NUNCA,NUNCA,TODOS O CASI TODOS LOS DIAS,CASI NUNCA,DE VEZ EN CUANDO,HABITUALMENTE,DE VEZ EN CUANDO,DE VEZ EN CUANDO,NUNCA,NUNCA,NUNCA,DE VEZ EN CUANDO,NUNCA,DE VEZ EN CUANDO,DE VEZ EN CUANDO,DE VEZ EN CUANDO,DE VEZ EN CUANDO,9 canciones,SI,TODOS O CASI TODOS LOS DIAS,NUNCA,SPOTIFY,YOUTUBE,NA,NA,NA,NA,NA, ,NS/NC,0,0,0,NO,PORQUE NO LE INTERESA, ,SI,NA,"",0,"",0,"",0,NO,0,NO,SI,"", ,NA,2,2,1,0,1,0,TODOS O CASI TODOS LOS DIAS,0,0,0,0,TODOS O CASI TODOS LOS DIAS,CELULAR,NUNCA,NUNCA,ALGUNOS DIAS POR SEMANA,AMBAS POR IGUAL,NO,SI,NA,"",0,"",0,"",0,NA,NO,POR PROBLEMAS DE SALUD PARA LEER, ,SI,"",0,"",0,"", ,"",0,"",0,NA,NA,"","","","","",NA,NA,NA,NA,NA,NA,NA,NA,NA,NA,NA,NA,NA,NA,NA,NA,SI,"",NA,4,0,4,0,TELEVISION POR CABLE,NA,UNA HORA O MENOS AL DIA,VARIAS HORAS AL DIA,NUNCA,NUNCA,NUNCA,TODOS O CASI TODOS LOS DIAS,HABITUALMENTE,DE VEZ EN CUANDO,NUNCA,4,1,1,SI,"", ,NA,ALGUNOS DIAS POR SEMANA,TODOS O CASI TODOS LOS DIAS,ALGUNOS DIAS POR SEMANA,ALGUNOS DIAS POR SEMANA,ALGUNOS DIAS POR SEMANA,TODOS O CASI TODOS LOS DIAS,TODOS O CASI TODOS LOS DIAS,ALGUNOS DIAS POR SEMANA,TODOS O CASI TODOS LOS DIAS,TODOS O CASI TODOS LOS DIAS,ALGUNOS DIAS POR SEMANA,NUNCA,NUNCA,NS/NC,NS/NC,NS/NC,NO,POR FALTA DE DINERO, ,NO,NA,"",0,"",0,NA, ,NA,NA,NA,NA,NA,NA,NA,NA,NA,NA,NA,NO,NA,"",0,"",0,"",0,SI,"", ,NA,NA,SI,NA,"",INCLUYE CABLE,1300,1300,NUNCA,TODOS O CASI TODOS LOS DAS,NUNCA,NUNCA,24,NO USA,24,NO USA,NUNCA,TODOS O CASI TODOS LOS DAS,NUNCA,NUNCA,ALGUNOS DIAS POR SEMANA,NUNCA,NUNCA,NUNCA,NUNCA,NUNCA,SI,NO,NO,NO,NO,TODOS O CASI TODOS LOS DAS,NA,NA,NA,NA,NO,NA, ,NUNCA,ALGUNOS DIAS POR SEMANA,NUNCA,NUNCA,NUNCA,TODOS O CASI TODOS LOS DAS,ALGUNOS DIAS POR SEMANA,12,0,12,0,"COMENTA, COMPARTE, PARTICIPA Y/U OPINA FRENTE A CONTENIDOS",NA,"","","","","","","","","","","",NINGUNA,NINGUNA,NO,1,SI,SI,500,500,0,NO,NA,,,0,0,NA,NA,NA,NA,"",0,NO,NO,NO,NO,NO,NO,NO,NO,NO,NA,NA,NA,NA,NA,NA,NA,NA,NA,NA,SI,NO,NO,SI,NO,NO,0,0,NO,"",0,NA,NA,NA,NA,NA,NA,"","",0,HACE MAS DE 5 AOS,"",NO FUE NUNCA,"",NO FUE NUNCA,"",NO FUE NUNCA,"",NO FUE NUNCA,"",NO FUE NUNCA,"",NO FUE NUNCA,"",NO FUE NUNCA,"",NO FUE NUNCA,"",1 VEZ EN EL ULTIMO AO,10,1 VEZ EN EL ULTIMO AO,0,NO FUE NUNCA,"",NO FUE NUNCA,"",NO FUE NUNCA,"",NO FUE NUNCA,"",NO FUE NUNCA,"",NO FUE NUNCA,"",NO FUE NUNCA,"",NO FUE NUNCA,"",NO FUE NUNCA,"",3,1,0,4,SECUNDARIA COMPLETA,LA PERSONA QUE FUE ENTREVISTADA,"",NO TRABAJA PERO TIENE OTROS INGRESOS COMO RENTAS O BECAS, ,"", ,"",NO,SI,NO,NO,SI,SI,PROPIA,SI,NO,NO,NO,NO,BARRIO DE VIVIENDA SOCIAL,BARRIO DE VIVIENDA SOCIAL,DEPARTAMENTO,58,C3,60,60,1,120,120,2,60,60,1,240,240,4,1440,1440,24,720,720,12,0,0,0
222,222,9926,2017-05-30T00:00:00,PATAGONIA,Varn,27,"HABITOS, COSTUMBRES, COMPORTAMIENTOS", ,SI,"", ,NA,NO,ALGUNOS DIAS POR SEMANA,FM,2,0,2,0,ALGUNAS VECES AL MES,TODOS O CASI TODOS LOS DIAS,NUNCA,NUNCA,NUNCA,INFORMATIVOS / NOTICIEROS,DEPORTIVOS,NA,NA,NA,NA,NA, ,2,SI,"", ,NA,TODOS O CASI TODOS LOS DIAS,2,0,2,0,ALGUNA VEZ AL AO O MENOS,TODOS O CASI TODOS LOS DIAS,ALGUNOS DIAS POR SEMANA,ALGUNOS DIAS POR SEMANA,NUNCA,NUNCA,NUNCA,NUNCA,ALGUNAS VECES AL MES,CASI NUNCA,DE VEZ EN CUANDO,HABITUALMENTE,DE VEZ EN CUANDO,DE VEZ EN CUANDO,DE VEZ EN CUANDO,DE VEZ EN CUANDO,DE VEZ EN CUANDO,NUNCA,DE VEZ EN CUANDO,DE VEZ EN CUANDO,HABITUALMENTE,HABITUALMENTE,NUNCA,8 canciones,SI,TODOS O CASI TODOS LOS DIAS,TODOS O CASI TODOS LOS DIAS,SPOTIFY,YOUTUBE,NA,NA,NA,NA,NA, ,150,5,1500,3,SI,"", ,NA,TODOS O CASI TODOS LOS MESES,10,10,10,10,800,800,NO,0,NO,SI,"", ,NA,2,2,0,20,0,20,TODOS O CASI TODOS LOS DIAS,1,1,80,80,TODOS O CASI TODOS LOS DIAS,CELULAR,ALGUNOS DIAS POR SEMANA,ALGUNOS DIAS POR SEMANA,TODOS O CASI TODOS LOS DIAS,AMBAS POR IGUAL,SI,NA,ALGUNAS VECES AL MES,0,0,0,0,0,0,ALGUNAS VECES AL MES,NO,PORQUE NO TIENE TIEMPO, ,SI,"",0,"",0,"", ,"",0,"",0,NA,NA,"","","","","",NA,NA,NA,NA,NA,NA,NA,NA,NA,NA,NA,NA,NA,NA,NA,NA,SI,"",NA,2,0,2,0,TELEVISION POR CABLE,NA,VARIAS HORAS AL DIA,VARIAS HORAS AL DIA,NUNCA,ALGUNAS VECES AL MES,NUNCA,TODOS O CASI TODOS LOS DIAS,NUNCA,DE VEZ EN CUANDO,NUNCA,7,1,1,SI,"", ,NA,NUNCA,NUNCA,ALGUNA VEZ AL AO,TODOS O CASI TODOS LOS DIAS,ALGUNOS DIAS POR SEMANA,TODOS O CASI TODOS LOS DIAS,ALGUNA VEZ CADA 3 MESES,ALGUNOS DIAS POR SEMANA,TODOS O CASI TODOS LOS DIAS,TODOS O CASI TODOS LOS DIAS,NUNCA,ALGUNAS VECES AL MES,NUNCA,450,12,300,SI,"", ,NA,TODOS O CASI TODOS LOS MESES,10,10,2,2,LEYO O VIO UNA AVANCE O COMENTARIO EN LOS MEDIOS, ,HABITUALMENTE,HABITUALMENTE,HABITUALMENTE,DE VEZ EN CUANDO,NUNCA,NUNCA,HABITUALMENTE,NUNCA,DE VEZ EN CUANDO,DE VEZ EN CUANDO,DE VEZ EN CUANDO,SI,ALGUNA VEZ AL AO O MENOS,1,1,1,1,0,0,SI,"", ,NA,NA,SI,NA,"",INCLUYE CABLE,1300,1300,ALGUNOS DIAS POR SEMANA,TODOS O CASI TODOS LOS DAS,ALGUNOS DIAS POR SEMANA,TODOS O CASI TODOS LOS DAS,5,NO USA,5,NO USA,ALGUNOS DIAS POR SEMANA,TODOS O CASI TODOS LOS DAS,NUNCA,NUNCA,NUNCA,ALGUNAS VECES AL MES,NUNCA,NUNCA,NUNCA,NUNCA,SI,NO,NO,NO,NO,TODOS O CASI TODOS LOS DAS,NA,NA,NA,NA,NO,NA, ,NUNCA,ALGUNOS DIAS POR SEMANA,NUNCA,NUNCA,NUNCA,TODOS O CASI TODOS LOS DAS,TODOS O CASI TODOS LOS DAS,5,0,5,0,"OBSERVA LOS CONTENIDOS, SIN HACER COMENTARIOS",NA,"","","","","","","","","","","",NINGUNA,1,NO,2,SI,SI,500,500,0,SI,TODOS O CASI TODOS LOS DIAS,2,0,2,0,NUNCA,ALGUNAS VECES AL MES,NUNCA,TODOS O CASI TODOS LOS DIAS,0,0,NO,NO,NO,NO,NO,NO,NO,NO,NO,NA,NA,NA,NA,NA,NA,NA,NA,NA,NA,SI,NO,NO,NO,NO,NO,"",0,SI,1,1,UNA VEZ AL AO,UNA VEZ AL AO,UNA VEZ AL AO,UNA VEZ AL AO,NUNCA,NUNCA,FUE GRATUITO,0,0,HACE MAS DE 5 AOS,"",NO FUE NUNCA,"",1 VEZ EN EL ULTIMO AO,200,HACE MAS DE 5 AOS,"",NO FUE NUNCA,"",NO FUE NUNCA,"",NO FUE NUNCA,"",NO FUE NUNCA,"",NO FUE NUNCA,"",1 VEZ EN EL ULTIMO AO,40,NO FUE NUNCA,"",NO FUE NUNCA,"",NO FUE NUNCA,"",NO FUE NUNCA,"",VARIAS VECES EN EL ULTIMO AO,200,NO FUE NUNCA,"",NO FUE NUNCA,"",NO FUE NUNCA,"",NO FUE NUNCA,"",NO FUE NUNCA,"",4,1,0,4,SECUNDARIA COMPLETA,OTRO MIEMBRO DEL HOGAR,SECUNDARIA COMPLETA,NO TRABAJA PERO TIENE OTROS INGRESOS COMO RENTAS O BECAS, ,"", ,"",NO,SI,SI,NO,SI,SI,PROPIA,SI,NO,NO,NO,NO,BARRIO DE VIVIENDA SOCIAL,BARRIO DE VIVIENDA SOCIAL,DEPARTAMENTO,62,C3,120,120,2,120,120,2,0,20,0.333333333,120,120,2,300,300,5,300,300,5,120,120,2
223,223,4754,2017-02-06T00:00:00,PATAGONIA,Varn,32,"LA TRADICION, LA HISTORIA", ,NO,PORQUE NO TIENE EQUIPOS DE RADIO, ,SI,NA,NA,NA,,,0,0,NA,NA,NA,NA,NA,NA,NA,NA,NA,NA,NA,NA, ,0,SI,"", ,NA,TODOS O CASI TODOS LOS DIAS,2,0,2,0,NUNCA,NUNCA,NUNCA,TODOS O CASI TODOS LOS DIAS,NUNCA,NUNCA,NUNCA,NUNCA,NUNCA,CASI NUNCA,DE VEZ EN CUANDO,HABITUALMENTE,NUNCA,NUNCA,CASI NUNCA,NUNCA,NUNCA,DE VEZ EN CUANDO,DE VEZ EN CUANDO,DE VEZ EN CUANDO,DE VEZ EN CUANDO,NUNCA,NUNCA,3 canciones,SI,TODOS O CASI TODOS LOS DIAS,NUNCA,SPOTIFY,YOUTUBE,NA,NA,NA,NA,NA, ,300,0,0,0,NO,POR FALTA DE TIEMPO, ,SI,NA,"",0,"",0,"",0,NO,0,NO,SI,"", ,NA,2,2,1,0,1,0,"NO LEYO DIARIOS EN PAPEL, SOLO EN PANTALLA","",0,"",0,ALGUNOS DIAS POR SEMANA,CELULAR,ALGUNAS VECES AL MES,ALGUNOS DIAS POR SEMANA,ALGUNAS VECES AL MES,AMBAS POR IGUAL,NO,NO,NA,"",0,"",0,"",0,NA,NO,PORQUE YA NO ESTUDIA, ,SI,"",0,"",0,"", ,"",0,"",0,NA,NA,"","","","","",NA,NA,NA,NA,NA,NA,NA,NA,NA,NA,NA,NA,NA,NA,NA,NA,SI,"",NA,2,0,2,0,TELEVISION POR CABLE,NA,ALGUNAS VECES AL MES,VARIAS HORAS AL DIA,NUNCA,NUNCA,NUNCA,TODOS O CASI TODOS LOS DIAS,NUNCA,DE VEZ EN CUANDO,NUNCA,1,1,1,SI,"", ,NA,NUNCA,TODOS O CASI TODOS LOS DIAS,NUNCA,ALGUNOS DIAS POR SEMANA,ALGUNOS DIAS POR SEMANA,ALGUNOS DIAS POR SEMANA,NUNCA,NUNCA,TODOS O CASI TODOS LOS DIAS,ALGUNOS DIAS POR SEMANA,NUNCA,NUNCA,NUNCA,0,0,0,NO,POR FALTA DE TIEMPO, ,SI,NA,"",0,"",0,NA, ,NA,NA,NA,NA,NA,NA,NA,NA,NA,NA,NA,NO,NA,"",0,"",0,"",0,SI,"", ,NA,NA,SI,NA,"",INCLUYE CABLE,1300,1300,NUNCA,TODOS O CASI TODOS LOS DAS,NUNCA,ALGUNOS DIAS POR SEMANA,6,NO USA,6,NO USA,ALGUNOS DIAS POR SEMANA,ALGUNOS DIAS POR SEMANA,NUNCA,NUNCA,NUNCA,NUNCA,NUNCA,NUNCA,NUNCA,TODOS O CASI TODOS LOS DAS,SI,SI,NO,NO,NO,TODOS O CASI TODOS LOS DAS,TODOS O CASI TODOS LOS DAS,NA,NA,NA,NO,NA, ,NUNCA,ALGUNAS VECES AL MES,NUNCA,NUNCA,NUNCA,TODOS O CASI TODOS LOS DAS,NUNCA,3,0,3,0,"COMENTA, COMPARTE, PARTICIPA Y/U OPINA FRENTE A CONTENIDOS",NA,"","","","","","","","","","","",NINGUNA,NINGUNA,NO,1,SI,SI,500,500,0,NO,NA,,,0,0,NA,NA,NA,NA,"",0,NO,NO,NO,NO,NO,NO,NO,NO,NO,NA,NA,NA,NA,NA,NA,NA,NA,NA,NA,SI,NO,NO,NO,NO,NO,"",0,NO,"",0,NA,NA,NA,NA,NA,NA,"","",0,NO FUE NUNCA,"",NO FUE NUNCA,"",NO FUE NUNCA,"",NO FUE NUNCA,"",NO FUE NUNCA,"",NO FUE NUNCA,"",NO FUE NUNCA,"",NO FUE NUNCA,"",NO FUE NUNCA,"",VARIAS VECES EN EL ULTIMO AO,120,NO FUE NUNCA,"",NO FUE NUNCA,"",NO FUE NUNCA,"",NO FUE NUNCA,"",NO FUE NUNCA,"",NO FUE NUNCA,"",NO FUE NUNCA,"",1 VEZ EN EL ULTIMO AO,100,NO FUE NUNCA,"",NO FUE NUNCA,"",1,,,2,SECUNDARIA COMPLETA,LA PERSONA QUE FUE ENTREVISTADA,"",TRABAJA,EMPLEADO HOTEL CONCERJE ATENCION AL PUBLICO MOSTRADOR,TRABAJADOR/OBRERO CALIFICADO. EMPLEADO ADMINISTRATIVO MEDIO, ,"",SI,SI,NO,NO,SI,SI,ALQUILADA,NO,NO,NO,NO,NO,BARRIO DE VIVIENDA SOCIAL,BARRIO DE VIVIENDA SOCIAL,DEPARTAMENTO,58,C3,0,0,0,120,120,2,60,60,1,120,120,2,360,360,6,180,180,3,0,0,0
224,224,14364,2017-02-06T00:00:00,PATAGONIA,Mujer,44,"LA TRADICION, LA HISTORIA", ,SI,"", ,NA,SI,TODOS O CASI TODOS LOS DIAS,FM,8,0,8,0,TODOS O CASI TODOS LOS DIAS,TODOS O CASI TODOS LOS DIAS,TODOS O CASI TODOS LOS DIAS,NUNCA,NUNCA,INFORMATIVOS / NOTICIEROS,MUSICALES,NA,NA,NA,NA,NA, ,2,SI,"", ,NA,TODOS O CASI TODOS LOS DIAS,5,0,5,0,NUNCA,TODOS O CASI TODOS LOS DIAS,TODOS O CASI TODOS LOS DIAS,ALGUNOS DIAS POR SEMANA,NUNCA,ALGUNOS DIAS POR SEMANA,NUNCA,NUNCA,NUNCA,NUNCA,DE VEZ EN CUANDO,DE VEZ EN CUANDO,NUNCA,DE VEZ EN CUANDO,HABITUALMENTE,DE VEZ EN CUANDO,NUNCA,HABITUALMENTE,HABITUALMENTE,NUNCA,NUNCA,NUNCA,NUNCA,2 canciones,SI,TODOS O CASI TODOS LOS DIAS,NUNCA,YOUTUBE,CLARO MSICA,MOVISTAR MSICA,NA,NA,NA,NA, ,0,0,0,2,NO,POR FALTA DE TIEMPO, ,SI,NA,"",0,"",0,"",0,SI,1,SI,SI,"", ,NA,1,1,1,0,1,0,TODOS O CASI TODOS LOS DIAS,0,0,0,0,ALGUNOS DIAS POR SEMANA,COMPUTADORA,NUNCA,TODOS O CASI TODOS LOS DIAS,ALGUNOS DIAS POR SEMANA,AMBAS POR IGUAL,SI,NA,ALGUNOS DIAS POR SEMANA,9,9,0,0,500,500,ALGUNOS DIAS POR SEMANA,NO,PORQUE NO TIENE TIEMPO, ,SI,"",0,"",0,"", ,"",0,"",0,NA,NA,"","","","","",NA,NA,NA,NA,NA,NA,NA,NA,NA,NA,NA,NA,NA,NA,NA,NA,SI,"",NA,3,0,3,0,TELEVISION SATELITAL,NA,NO MIRA,VARIAS HORAS AL DIA,NUNCA,NUNCA,NUNCA,TODOS O CASI TODOS LOS DIAS,DE VEZ EN CUANDO,HABITUALMENTE,NUNCA,3,2,2,SI,"", ,NA,ALGUNOS DIAS POR SEMANA,TODOS O CASI TODOS LOS DIAS,NUNCA,NUNCA,NUNCA,TODOS O CASI TODOS LOS DIAS,TODOS O CASI TODOS LOS DIAS,ALGUNOS DIAS POR SEMANA,TODOS O CASI TODOS LOS DIAS,TODOS O CASI TODOS LOS DIAS,NUNCA,NUNCA,NUNCA,150,0,0,SI,"", ,NA,TODOS O CASI TODOS LOS MESES,7,7,2,2,"SE LA RECOMENDO UN AMIGO, FAMILIAR O CONOCIDO", ,DE VEZ EN CUANDO,DE VEZ EN CUANDO,HABITUALMENTE,HABITUALMENTE,HABITUALMENTE,HABITUALMENTE,DE VEZ EN CUANDO,HABITUALMENTE,NUNCA,CASI NUNCA,CASI NUNCA,NO,NA,"",0,"",0,"",0,SI,"", ,NA,NA,SI,NA,"","NO, ES SOLO LO QUE PAGO DE INTERNET",1300,1300,TODOS O CASI TODOS LOS DAS,TODOS O CASI TODOS LOS DAS,NUNCA,TODOS O CASI TODOS LOS DAS,24,NO USA,24,NO USA,TODOS O CASI TODOS LOS DAS,TODOS O CASI TODOS LOS DAS,ALGUNAS VECES AL MES,ALGUNOS DIAS POR SEMANA,NUNCA,NUNCA,NUNCA,NUNCA,NUNCA,TODOS O CASI TODOS LOS DAS,SI,SI,SI,NO,NO,TODOS O CASI TODOS LOS DAS,TODOS O CASI TODOS LOS DAS,TODOS O CASI TODOS LOS DAS,NA,NA,NO,NA, ,NUNCA,ALGUNOS DIAS POR SEMANA,NUNCA,NUNCA,NUNCA,TODOS O CASI TODOS LOS DAS,NUNCA,4,0,4,0,"COMENTA, COMPARTE, PARTICIPA Y/U OPINA FRENTE A CONTENIDOS",NA,"","","","","","","","","","","",2,NINGUNA,SI,3,SI,SI,1900,1900,0,NO,NA,,,0,0,NA,NA,NA,NA,"",0,NO,NO,NO,NO,NO,NO,NO,NO,NO,NA,NA,NA,NA,NA,NA,NA,NA,NA,NA,SI,SI,NO,NO,NO,NO,500,500,NO,"",0,NA,NA,NA,NA,NA,NA,"","",0,NO FUE NUNCA,"",1 VEZ EN EL ULTIMO AO,0,1 VEZ EN EL ULTIMO AO,100,1 VEZ EN EL ULTIMO AO,300,NO FUE NUNCA,"",NO FUE NUNCA,"",NO FUE NUNCA,"",NO FUE NUNCA,"",NO FUE NUNCA,"",VARIAS VECES EN EL ULTIMO AO,200,NO FUE NUNCA,"",NO FUE NUNCA,"",NO FUE NUNCA,"",NO FUE NUNCA,"",1 VEZ EN EL ULTIMO AO,0,NO FUE NUNCA,"",NO FUE NUNCA,"",NO FUE NUNCA,"",NO FUE NUNCA,"",NO FUE NUNCA,"",3,0,0,3,SECUNDARIA COMPLETA,LA PERSONA QUE FUE ENTREVISTADA,"",TRABAJA,DEPILACION CENTRO DE ESTETICA EMPLEADA DE SPA,"OFICIO MENOR, OBRERO NO CALIFICADO/ SERVICIO DOMESTICO", ,"",SI,SI,SI,NO,SI,SI,PROPIA,NO,NO,NO,NO,NO,BARRIO DE VIVIENDA SOCIAL,BARRIO DE VIVIENDA SOCIAL,DEPARTAMENTO,60,C3,480,480,8,300,300,5,60,60,1,180,180,3,1440,1440,24,240,240,4,0,0,0
225,225,8389,2017-02-06T00:00:00,PATAGONIA,Mujer,62,"LA TRADICION, LA HISTORIA", ,SI,"", ,NA,SI,TODOS O CASI TODOS LOS DIAS,FM,4,0,4,0,TODOS O CASI TODOS LOS DIAS,NUNCA,TODOS O CASI TODOS LOS DIAS,NUNCA,NUNCA,INFORMATIVOS / NOTICIEROS,CULTURALES,ACTUALIDAD / MAGAZINE,NA,NA,NA,NA, ,2,SI,"", ,NA,TODOS O CASI TODOS LOS DIAS,10,0,10,0,NUNCA,NUNCA,TODOS O CASI TODOS LOS DIAS,NUNCA,NUNCA,TODOS O CASI TODOS LOS DIAS,NUNCA,NUNCA,NUNCA,DE VEZ EN CUANDO,NUNCA,NUNCA,DE VEZ EN CUANDO,DE VEZ EN CUANDO,NUNCA,NUNCA,HABITUALMENTE,HABITUALMENTE,NUNCA,NUNCA,NUNCA,HABITUALMENTE,NUNCA,4 canciones,SI,TODOS O CASI TODOS LOS DIAS,ALGUNOS DIAS POR SEMANA,YOUTUBE,MOVISTAR MSICA,NA,NA,NA,NA,NA, ,700,4,0,1,NO,POR FALTA DE TIEMPO, ,SI,NA,"",0,"",0,"",0,NO,0,NO,SI,"", ,NA,1,1,0,10,0,10,ALGUNAS VECES AL MES,0,0,0,0,TODOS O CASI TODOS LOS DIAS,COMPUTADORA,MENOS DE UNA VEZ POR MES,ALGUNOS DIAS POR SEMANA,TODOS O CASI TODOS LOS DIAS,AMBAS POR IGUAL,SI,NA,TODOS O CASI TODOS LOS DIAS,1,1,1,1,1300,1300,TODOS O CASI TODOS LOS DIAS,SI,"", ,NA,2,2,1,1,"SE LO HABIA RECOMENDADO UN AMIGO, FAMILIAR O CONOCIDO", ,6,6,880,880,ALGUNOS DIAS POR SEMANA,TODOS O CASI TODOS LOS DIAS,COMPUTADORA,"","","",SI,NUNCA,NUNCA,DE VEZ EN CUANDO,NUNCA,NUNCA,DE VEZ EN CUANDO,NUNCA,DE VEZ EN CUANDO,NUNCA,NUNCA,HABITUALMENTE,HABITUALMENTE,HABITUALMENTE,HABITUALMENTE,HABITUALMENTE,NUNCA,SI,"",NA,3,0,3,0,TELEVISION SATELITAL,NA,VARIAS HORAS AL DIA,VARIAS HORAS AL DIA,NUNCA,NUNCA,NUNCA,TODOS O CASI TODOS LOS DIAS,HABITUALMENTE,HABITUALMENTE,NUNCA,1,NINGUNO,NINGUNO,SI,"", ,NA,NUNCA,ALGUNOS DIAS POR SEMANA,TODOS O CASI TODOS LOS DIAS,NUNCA,NUNCA,TODOS O CASI TODOS LOS DIAS,TODOS O CASI TODOS LOS DIAS,TODOS O CASI TODOS LOS DIAS,TODOS O CASI TODOS LOS DIAS,TODOS O CASI TODOS LOS DIAS,NUNCA,TODOS O CASI TODOS LOS DIAS,TODOS O CASI TODOS LOS DIAS,150,0,0,NO,PORQUE NO LE INTERESA, ,SI,NA,"",0,"",0,NA, ,NA,NA,NA,NA,NA,NA,NA,NA,NA,NA,NA,NO,NA,"",0,"",0,"",0,SI,"", ,NA,NA,SI,NA,"","NO, ES SOLO LO QUE PAGO DE INTERNET",1300,1300,TODOS O CASI TODOS LOS DAS,TODOS O CASI TODOS LOS DAS,NUNCA,TODOS O CASI TODOS LOS DAS,24,NO USA,24,NO USA,TODOS O CASI TODOS LOS DAS,TODOS O CASI TODOS LOS DAS,NUNCA,NUNCA,NUNCA,TODOS O CASI TODOS LOS DAS,ALGUNAS VECES AL MES,NUNCA,ALGUNOS DIAS POR SEMANA,TODOS O CASI TODOS LOS DAS,SI,SI,SI,NO,NO,TODOS O CASI TODOS LOS DAS,ALGUNOS DIAS POR SEMANA,ALGUNOS DIAS POR SEMANA,NA,NA,NO,NA, ,ALGUNOS DIAS POR SEMANA,TODOS O CASI TODOS LOS DAS,TODOS O CASI TODOS LOS DAS,TODOS O CASI TODOS LOS DAS,NUNCA,TODOS O CASI TODOS LOS DAS,NUNCA,24,0,24,0,"COMENTA, COMPARTE, PARTICIPA Y/U OPINA FRENTE A CONTENIDOS",NA,"","","","","","","","","","","",3,NINGUNA,SI,2,SI,SI,2000,2000,0,NO,NA,,,0,0,NA,NA,NA,NA,"",0,NO,NO,NO,NO,SI,NO,NO,SI,NO,SI,NA,NO,SI,NO,NO,NO,NO,NO,NO,SI,SI,NO,SI,NO,NO,0,0,SI,2,2,UNA VEZ AL AO,UNA VEZ AL AO,NUNCA,UNA VEZ AL AO,UNA VEZ AL AO,NUNCA,FUE GRATUITO,0,0,1 VEZ EN EL ULTIMO AO,500,1 VEZ EN EL ULTIMO AO,0,1 VEZ EN EL ULTIMO AO,0,NO FUE NUNCA,"",NO FUE NUNCA,"",NO FUE NUNCA,"",NO FUE NUNCA,"",NO FUE NUNCA,"",1 VEZ EN EL ULTIMO AO,0,VARIAS VECES EN EL ULTIMO AO,160,NO FUE NUNCA,"",1 VEZ EN EL ULTIMO AO,0,NO FUE NUNCA,"",NO FUE NUNCA,"",NO FUE NUNCA,"",NO FUE NUNCA,"",1 VEZ EN EL ULTIMO AO,0,NO FUE NUNCA,"",NO FUE NUNCA,"",NO FUE NUNCA,"",2,0,0,3,SECUNDARIA COMPLETA,OTRO MIEMBRO DEL HOGAR,PRIMARIA COMPLETA,TRABAJA,ENCARGO DEPOSITO CARGA Y DESCARGA ZAMPING MERCADERIA MATERIAL CONSTRUCCION,"OFICIO MENOR, OBRERO NO CALIFICADO/ SERVICIO DOMESTICO", ,"",SI,SI,NO,SI,SI,SI,PROPIA,SI,NO,NO,NO,NO,BARRIO DE VIVIENDA SOCIAL,BARRIO DE VIVIENDA SOCIAL,DEPARTAMENTO,48,D1,240,240,4,600,600,10,0,10,0.166666667,180,180,3,1440,1440,24,1440,1440,24,0,0,0
226,226,20780,2017-02-06T00:00:00,PATAGONIA,Varn,61,"HABITOS, COSTUMBRES, COMPORTAMIENTOS", ,SI,"", ,NA,SI,TODOS O CASI TODOS LOS DIAS,FM,3,0,3,0,NUNCA,TODOS O CASI TODOS LOS DIAS,TODOS O CASI TODOS LOS DIAS,TODOS O CASI TODOS LOS DIAS,NUNCA,INFORMATIVOS / NOTICIEROS,DEPORTIVOS,NA,NA,NA,NA,NA, ,1,SI,"", ,NA,TODOS O CASI TODOS LOS DIAS,3,0,3,0,ALGUNOS DIAS POR SEMANA,TODOS O CASI TODOS LOS DIAS,TODOS O CASI TODOS LOS DIAS,TODOS O CASI TODOS LOS DIAS,NUNCA,NUNCA,NUNCA,NUNCA,NUNCA,HABITUALMENTE,DE VEZ EN CUANDO,DE VEZ EN CUANDO,NUNCA,NUNCA,NUNCA,NUNCA,NUNCA,HABITUALMENTE,HABITUALMENTE,NUNCA,NUNCA,HABITUALMENTE,NUNCA,3 canciones,SI,TODOS O CASI TODOS LOS DIAS,NUNCA,YOUTUBE,PERSONAL PLAY MSICA,NA,NA,NA,NA,NA, ,0,0,0,0,NO,POR FALTA DE TIEMPO, ,NO,NA,"",0,"",0,"",0,NO,0,NO,SI,"", ,NA,2,2,1,0,1,0,ALGUNOS DIAS POR SEMANA,0,0,0,0,TODOS O CASI TODOS LOS DIAS,CELULAR,NUNCA,ALGUNOS DIAS POR SEMANA,TODOS O CASI TODOS LOS DIAS,PRINCIPALMENTE LEE EN PAPEL O POR INTERNET SU DIARIO O DIARIOS PREFERIDOS,NO,NO,NA,"",0,"",0,"",0,NA,NO,PORQUE NO LE INTERESA, ,SI,"",0,"",0,"", ,"",0,"",0,NA,NA,"","","","","",NA,NA,NA,NA,NA,NA,NA,NA,NA,NA,NA,NA,NA,NA,NA,NA,SI,"",NA,2,0,2,0,TELEVISION POR CABLE,NA,UNA HORA O MENOS AL DIA,VARIAS HORAS AL DIA,NUNCA,NUNCA,NUNCA,TODOS O CASI TODOS LOS DIAS,HABITUALMENTE,HABITUALMENTE,NUNCA,2,2,2,SI,"", ,NA,NUNCA,ALGUNOS DIAS POR SEMANA,NUNCA,NUNCA,ALGUNOS DIAS POR SEMANA,TODOS O CASI TODOS LOS DIAS,TODOS O CASI TODOS LOS DIAS,ALGUNOS DIAS POR SEMANA,TODOS O CASI TODOS LOS DIAS,NUNCA,NUNCA,TODOS O CASI TODOS LOS DIAS,NUNCA,0,0,0,NO,POR FALTA DE TIEMPO, ,SI,NA,"",0,"",0,NA, ,NA,NA,NA,NA,NA,NA,NA,NA,NA,NA,NA,NO,NA,"",0,"",0,"",0,SI,"", ,NA,NA,SI,NA,"",INCLUYE CABLE,1300,1300,TODOS O CASI TODOS LOS DAS,TODOS O CASI TODOS LOS DAS,NUNCA,TODOS O CASI TODOS LOS DAS,12,NO USA,12,NO USA,TODOS O CASI TODOS LOS DAS,TODOS O CASI TODOS LOS DAS,NUNCA,ALGUNOS DIAS POR SEMANA,NUNCA,NUNCA,NUNCA,NUNCA,NUNCA,TODOS O CASI TODOS LOS DAS,SI,SI,NO,NO,NO,TODOS O CASI TODOS LOS DAS,TODOS O CASI TODOS LOS DAS,NA,NA,NA,NO,NA, ,TODOS O CASI TODOS LOS DAS,ALGUNOS DIAS POR SEMANA,NUNCA,NUNCA,NUNCA,TODOS O CASI TODOS LOS DAS,NUNCA,12,0,12,0,"COMENTA, COMPARTE, PARTICIPA Y/U OPINA FRENTE A CONTENIDOS",NA,"","","","","","","","","","","",2,NINGUNA,SI,1,SI,SI,1200,1200,0,NO,NA,,,0,0,NA,NA,NA,NA,"",0,NO,NO,SI,NO,NO,NO,NO,NO,NO,SI,NA,SI,NO,NO,NO,NO,NO,NO,NO,SI,NO,NO,NO,NO,NO,"",0,NO,"",0,NA,NA,NA,NA,NA,NA,"","",0,NO FUE NUNCA,"",NO FUE NUNCA,"",NO FUE NUNCA,"",NO FUE NUNCA,"",VARIAS VECES EN EL ULTIMO AO,0,NO FUE NUNCA,"",NO FUE NUNCA,"",NO FUE NUNCA,"",NO FUE NUNCA,"",VARIAS VECES EN EL ULTIMO AO,80,NO FUE NUNCA,"",NO FUE NUNCA,"",NO FUE NUNCA,"",NO FUE NUNCA,"",1 VEZ EN EL ULTIMO AO,0,NO FUE NUNCA,"",NO FUE NUNCA,"",NO FUE NUNCA,"",1 VEZ EN EL ULTIMO AO,0,NO FUE NUNCA,"",5,0,1,4,SECUNDARIA COMPLETA,LA PERSONA QUE FUE ENTREVISTADA,"",TRABAJA,ARTESANO VENTA PUBLICA DE ARTESANIA,"OFICIO MENOR, OBRERO NO CALIFICADO/ SERVICIO DOMESTICO", ,"",SI,SI,SI,NO,NO,SI,ALQUILADA,NO,NO,NO,NO,NO,BARRIO DE VIVIENDA SOCIAL,BARRIO DE VIVIENDA SOCIAL,DEPARTAMENTO,52,D1,180,180,3,180,180,3,60,60,1,120,120,2,720,720,12,720,720,12,0,0,0
227,227,6685,2017-02-06T00:00:00,PATAGONIA,Mujer,28,"EL ARTE, LO CULTO", ,SI,"", ,NA,NO,TODOS O CASI TODOS LOS DIAS,FM,1,0,1,0,ALGUNA VEZ AL AO O MENOS,TODOS O CASI TODOS LOS DIAS,ALGUNA VEZ AL AO O MENOS,ALGUNA VEZ AL AO O MENOS,NUNCA,INFORMATIVOS / NOTICIEROS,MUSICALES,NA,NA,NA,NA,NA, ,1,SI,"", ,NA,TODOS O CASI TODOS LOS DIAS,3,0,3,0,NUNCA,TODOS O CASI TODOS LOS DIAS,TODOS O CASI TODOS LOS DIAS,ALGUNOS DIAS POR SEMANA,NUNCA,NUNCA,NUNCA,NUNCA,NUNCA,NUNCA,DE VEZ EN CUANDO,DE VEZ EN CUANDO,NUNCA,DE VEZ EN CUANDO,NUNCA,NUNCA,NUNCA,HABITUALMENTE,HABITUALMENTE,NUNCA,NUNCA,NUNCA,HABITUALMENTE,1 cancin,SI,TODOS O CASI TODOS LOS DIAS,NUNCA,YOUTUBE,MOVISTAR MSICA,NA,NA,NA,NA,NA, ,0,0,0,0,NO,POR PROBLEMAS DE SALUD, ,SI,NA,"",0,"",0,"",0,NO,0,NO,NO,PORQUE NO LE INTERESAN LOS DIARIOS, ,NO,"",0,,,0,0,NA,"",0,"",0,NA,NA,NA,NA,NA,NA,NO,NO,NA,"",0,"",0,"",0,NA,SI,"", ,NA,3,3,0,0,"SE LO HABIA RECOMENDADO UN PROFESOR, REFERENTE POLITICO, RELIGIOSO O ESPIRITUAL", ,3,3,1200,1200,ALGUNOS DIAS POR SEMANA,"NO LEYO LIBROS EN PANTALLA, SOLO EN PAPEL","","","","","",CASI NUNCA,CASI NUNCA,NUNCA,NUNCA,HABITUALMENTE,NUNCA,NUNCA,NUNCA,NUNCA,NUNCA,DE VEZ EN CUANDO,DE VEZ EN CUANDO,NUNCA,NUNCA,NUNCA,NUNCA,SI,"",NA,3,0,3,0,TELEVISION POR CABLE,NA,UNA HORA O MENOS AL DIA,VARIAS HORAS AL DIA,NUNCA,NUNCA,NUNCA,TODOS O CASI TODOS LOS DIAS,DE VEZ EN CUANDO,HABITUALMENTE,NUNCA,2,2,2,SI,"", ,NA,TODOS O CASI TODOS LOS DIAS,ALGUNOS DIAS POR SEMANA,NUNCA,NUNCA,NUNCA,TODOS O CASI TODOS LOS DIAS,TODOS O CASI TODOS LOS DIAS,ALGUNOS DIAS POR SEMANA,TODOS O CASI TODOS LOS DIAS,TODOS O CASI TODOS LOS DIAS,NUNCA,TODOS O CASI TODOS LOS DIAS,NUNCA,150,0,0,NO,POR FALTA DE TIEMPO, ,SI,NA,"",0,"",0,NA, ,NA,NA,NA,NA,NA,NA,NA,NA,NA,NA,NA,NO,NA,"",0,"",0,"",0,SI,"", ,NA,NA,SI,NA,"",INCLUYE CABLE,1350,1350,TODOS O CASI TODOS LOS DAS,TODOS O CASI TODOS LOS DAS,NUNCA,TODOS O CASI TODOS LOS DAS,24,NO USA,24,NO USA,TODOS O CASI TODOS LOS DAS,TODOS O CASI TODOS LOS DAS,ALGUNOS DIAS POR SEMANA,NUNCA,NUNCA,ALGUNOS DIAS POR SEMANA,ALGUNOS DIAS POR SEMANA,NUNCA,NUNCA,TODOS O CASI TODOS LOS DAS,SI,SI,SI,NO,NO,TODOS O CASI TODOS LOS DAS,TODOS O CASI TODOS LOS DAS,TODOS O CASI TODOS LOS DAS,NA,NA,NO,NA, ,ALGUNOS DIAS POR SEMANA,TODOS O CASI TODOS LOS DAS,ALGUNOS DIAS POR SEMANA,NUNCA,NUNCA,TODOS O CASI TODOS LOS DAS,NUNCA,3,30,3,30,"COMENTA, COMPARTE, PARTICIPA Y/U OPINA FRENTE A CONTENIDOS",NA,"","","","","","","","","","","",2,NINGUNA,SI,1,SI,SI,1000,1000,0,NO,NA,,,0,0,NA,NA,NA,NA,"",0,NO,NO,NO,NO,NO,NO,NO,NO,NO,NA,NA,NA,NA,NA,NA,NA,NA,NA,NA,SI,NO,NO,NO,NO,NO,"",0,NO,"",0,NA,NA,NA,NA,NA,NA,"","",0,NO FUE NUNCA,"",NO FUE NUNCA,"",1 VEZ EN EL ULTIMO AO,0,1 VEZ EN EL ULTIMO AO,500,NO FUE NUNCA,"",NO FUE NUNCA,"",NO FUE NUNCA,"",NO FUE NUNCA,"",NO FUE NUNCA,"",VARIAS VECES EN EL ULTIMO AO,400,NO FUE NUNCA,"",NO FUE NUNCA,"",NO FUE NUNCA,"",NO FUE NUNCA,"",1 VEZ EN EL ULTIMO AO,0,NO FUE NUNCA,"",NO FUE NUNCA,"",NO FUE NUNCA,"",NO FUE NUNCA,"",NO FUE NUNCA,"",5,3,0,2,SECUNDARIA COMPLETA,OTRO MIEMBRO DEL HOGAR,SECUNDARIA COMPLETA,TRABAJA,TECNICO ELECTROMECANICO REPARACIONES INSTALACIONES Y MANTENIMIENTO DE EQUIPOS,TECNICO ESPECIALIZADO. COMERCIANTE. SUPERVISOR / JEFE / CAP, ,"",SI,SI,SI,NO,SI,SI,PROPIA,NO,NO,NO,NO,NO,BARRIO DE VIVIENDA SOCIAL,BARRIO DE VIVIENDA SOCIAL,DEPARTAMENTO,72,C2,60,60,1,180,180,3,0,0,0,180,180,3,1440,1440,24,180,210,3.5,0,0,0
228,228,7294,2017-02-06T00:00:00,PATAGONIA,Mujer,14,"EL ARTE, LO CULTO", ,NO,PORQUE NO LE INTERESA, ,NO,NA,NA,NA,,,0,0,NA,NA,NA,NA,NA,NA,NA,NA,NA,NA,NA,NA, ,1,SI,"", ,NA,TODOS O CASI TODOS LOS DIAS,3,30,3,30,NUNCA,NUNCA,TODOS O CASI TODOS LOS DIAS,TODOS O CASI TODOS LOS DIAS,TODOS O CASI TODOS LOS DIAS,TODOS O CASI TODOS LOS DIAS,NUNCA,NUNCA,NUNCA,NUNCA,HABITUALMENTE,HABITUALMENTE,NUNCA,NUNCA,HABITUALMENTE,HABITUALMENTE,NUNCA,NUNCA,HABITUALMENTE,HABITUALMENTE,HABITUALMENTE,NUNCA,NUNCA,4 canciones,SI,TODOS O CASI TODOS LOS DIAS,TODOS O CASI TODOS LOS DIAS,GOOGLE PLAY,YOUTUBE,I-TUNES,NA,NA,NA,NA, ,NS/NC,0,0,1,NO,PORQUE NO TIENE CON QUIEN IR, ,NO,NA,"",0,"",0,"",0,SI,1,SI,NO,PORQUE NO LE INTERESAN LOS DIARIOS, ,NO,"",0,,,0,0,NA,"",0,"",0,NA,NA,NA,NA,NA,NA,NO,NO,NA,"",0,"",0,"",0,NA,SI,"", ,NA,6,6,4,4,"SE LO HABIA RECOMENDADO UN PROFESOR, REFERENTE POLITICO, RELIGIOSO O ESPIRITUAL", ,0,0,0,0,ALGUNOS DIAS POR SEMANA,"NO LEYO LIBROS EN PANTALLA, SOLO EN PAPEL","","","","","",DE VEZ EN CUANDO,NUNCA,DE VEZ EN CUANDO,NUNCA,HABITUALMENTE,NUNCA,NUNCA,NUNCA,NUNCA,NUNCA,NUNCA,DE VEZ EN CUANDO,DE VEZ EN CUANDO,NUNCA,NUNCA,NUNCA,SI,"",NA,2,30,2,30,TELEVISION POR CABLE,NA,UNA HORA O MENOS AL DIA,VARIAS HORAS AL DIA,NUNCA,NUNCA,NUNCA,TODOS O CASI TODOS LOS DIAS,HABITUALMENTE,HABITUALMENTE,HABITUALMENTE,3,1,1,SI,"", ,NA,ALGUNOS DIAS POR SEMANA,TODOS O CASI TODOS LOS DIAS,NUNCA,NUNCA,NUNCA,TODOS O CASI TODOS LOS DIAS,TODOS O CASI TODOS LOS DIAS,ALGUNOS DIAS POR SEMANA,TODOS O CASI TODOS LOS DIAS,TODOS O CASI TODOS LOS DIAS,NUNCA,TODOS O CASI TODOS LOS DIAS,TODOS O CASI TODOS LOS DIAS,150,0,0,NO,POR FALTA DE TIEMPO, ,NO,NA,"",0,"",0,NA, ,NA,NA,NA,NA,NA,NA,NA,NA,NA,NA,NA,NO,NA,"",0,"",0,"",0,SI,"", ,NA,NA,SI,NA,"",INCLUYE CABLE,1300,1300,TODOS O CASI TODOS LOS DAS,TODOS O CASI TODOS LOS DAS,TODOS O CASI TODOS LOS DAS,TODOS O CASI TODOS LOS DAS,24,NO USA,24,NO USA,TODOS O CASI TODOS LOS DAS,NUNCA,ALGUNOS DIAS POR SEMANA,NUNCA,NUNCA,NUNCA,NUNCA,NUNCA,NUNCA,NUNCA,SI,SI,SI,SI,NO,TODOS O CASI TODOS LOS DAS,TODOS O CASI TODOS LOS DAS,TODOS O CASI TODOS LOS DAS,TODOS O CASI TODOS LOS DAS,NA,NO,NA, ,TODOS O CASI TODOS LOS DAS,TODOS O CASI TODOS LOS DAS,ALGUNOS DIAS POR SEMANA,NUNCA,NUNCA,TODOS O CASI TODOS LOS DAS,NUNCA,6,0,6,0,"COMENTA, COMPARTE, PARTICIPA Y/U OPINA FRENTE A CONTENIDOS",NA,"","","","","","","","","","","",3,2,SI,1,SI,SI,1500,1500,0,SI,TODOS O CASI TODOS LOS DIAS,1,0,1,0,ALGUNOS DIAS POR SEMANA,ALGUNOS DIAS POR SEMANA,ALGUNOS DIAS POR SEMANA,TODOS O CASI TODOS LOS DIAS,NS/NC,NS/NC,SI,NO,NO,NO,NO,NO,NO,NO,NO,NO,NO,NO,SI,NO,NO,NO,NO,NO,NO,NO,SI,NO,SI,NO,NO,NS/NC,NS/NC,NO,"",0,NA,NA,NA,NA,NA,NA,"","",0,1 VEZ EN EL ULTIMO AO,NS/NC,NO FUE NUNCA,"",NO FUE NUNCA,"",NO FUE NUNCA,"",NO FUE NUNCA,"",NO FUE NUNCA,"",NO FUE NUNCA,"",NO FUE NUNCA,"",NO FUE NUNCA,"",VARIAS VECES EN EL ULTIMO AO,NS/NC,NO FUE NUNCA,"",NO FUE NUNCA,"",NO FUE NUNCA,"",NO FUE NUNCA,"",NO FUE NUNCA,"",NO FUE NUNCA,"",NO FUE NUNCA,"",NO FUE NUNCA,"",NO FUE NUNCA,"",NO FUE NUNCA,"",6,3,0,3,SECUNDARIA INCOMPLETA,OTRO MIEMBRO DEL HOGAR,SECUNDARIA COMPLETA,TRABAJA,FABRICA OPERARIO ARMADO Y ENVALAJE DE CAJAS DE LINEA EN FABRICA ELECTRODOMESTICO,"OFICIO MENOR, OBRERO NO CALIFICADO/ SERVICIO DOMESTICO", ,"",SI,SI,NO,SI,SI,SI,PROPIA,NO,NO,NO,NO,NO,BARRIO DE VIVIENDA SOCIAL,BARRIO DE VIVIENDA SOCIAL,DEPARTAMENTO,60,C3,0,0,0,180,210,3.5,0,0,0,120,150,2.5,1440,1440,24,360,360,6,60,60,1
229,229,4754,2017-02-06T00:00:00,PATAGONIA,Varn,46,"LA TRADICION, LA HISTORIA", ,SI,"", ,NA,NO,TODOS O CASI TODOS LOS DIAS,AMBAS POR IGUAL,6,0,6,0,NUNCA,TODOS O CASI TODOS LOS DIAS,NUNCA,NUNCA,NUNCA,INFORMATIVOS / NOTICIEROS,MUSICALES,NA,NA,NA,NA,NA, ,1,SI,"", ,NA,TODOS O CASI TODOS LOS DIAS,6,0,6,0,NUNCA,TODOS O CASI TODOS LOS DIAS,NUNCA,TODOS O CASI TODOS LOS DIAS,NUNCA,NUNCA,NUNCA,NUNCA,NUNCA,CASI NUNCA,DE VEZ EN CUANDO,DE VEZ EN CUANDO,NUNCA,NUNCA,DE VEZ EN CUANDO,NUNCA,DE VEZ EN CUANDO,NUNCA,DE VEZ EN CUANDO,NUNCA,NUNCA,NUNCA,NUNCA,2 canciones,NO,NA,NA,NA,NA,NA,NA,NA,NA,NA, ,"",0,0,0,NO,POR FALTA DE TIEMPO, ,NO,NA,"",0,"",0,"",0,NO,0,NO,NO,POR FALTA DE TIEMPO, ,NO,"",0,,,0,0,NA,"",0,"",0,NA,NA,NA,NA,NA,NA,NO,NO,NA,"",0,"",0,"",0,NA,NO,PORQUE NO TIENE TIEMPO, ,NO,"",0,"",0,"", ,"",0,"",0,NA,NA,"","","","","",NA,NA,NA,NA,NA,NA,NA,NA,NA,NA,NA,NA,NA,NA,NA,NA,SI,"",NA,3,30,3,30,TELEVISION POR CABLE,NA,UNA HORA O MENOS AL DIA,VARIAS HORAS AL DIA,NUNCA,NUNCA,NUNCA,TODOS O CASI TODOS LOS DIAS,DE VEZ EN CUANDO,HABITUALMENTE,HABITUALMENTE,2,2,2,SI,"", ,NA,NUNCA,ALGUNOS DIAS POR SEMANA,NUNCA,ALGUNOS DIAS POR SEMANA,NUNCA,TODOS O CASI TODOS LOS DIAS,ALGUNOS DIAS POR SEMANA,TODOS O CASI TODOS LOS DIAS,TODOS O CASI TODOS LOS DIAS,TODOS O CASI TODOS LOS DIAS,NUNCA,ALGUNOS DIAS POR SEMANA,NUNCA,450,0,0,SI,"", ,NA,ALGUNA VEZ CADA 3 MESES,6,6,1,1,VIO LOS AVANCES EN EL CINE, ,HABITUALMENTE,HABITUALMENTE,NUNCA,DE VEZ EN CUANDO,DE VEZ EN CUANDO,NUNCA,DE VEZ EN CUANDO,NUNCA,NUNCA,NUNCA,NUNCA,NO,NA,"",0,"",0,"",0,SI,"", ,NA,NA,SI,NA,"",INCLUYE CABLE,1800,1800,TODOS O CASI TODOS LOS DAS,TODOS O CASI TODOS LOS DAS,NUNCA,TODOS O CASI TODOS LOS DAS,2,NO USA,2,NO USA,ALGUNOS DIAS POR SEMANA,ALGUNOS DIAS POR SEMANA,NUNCA,TODOS O CASI TODOS LOS DAS,NUNCA,NUNCA,NUNCA,NUNCA,NUNCA,TODOS O CASI TODOS LOS DAS,SI,NO,NO,NO,NO,TODOS O CASI TODOS LOS DAS,NA,NA,NA,NA,NO,NA, ,NUNCA,ALGUNOS DIAS POR SEMANA,NUNCA,NUNCA,NUNCA,TODOS O CASI TODOS LOS DAS,NUNCA,2,0,2,0,"COMENTA, COMPARTE, PARTICIPA Y/U OPINA FRENTE A CONTENIDOS",NA,"","","","","","","","","","","",1,NINGUNA,SI,2,SI,SI,1000,1000,0,SI,TODOS O CASI TODOS LOS DIAS,1,30,1,30,ALGUNOS DIAS POR SEMANA,NUNCA,NUNCA,TODOS O CASI TODOS LOS DIAS,1000,1000,NO,NO,NO,NO,NO,NO,NO,NO,NO,NA,NA,NA,NA,NA,NA,NA,NA,NA,NA,SI,NO,NO,NO,NO,NO,"",0,NO,"",0,NA,NA,NA,NA,NA,NA,"","",0,NO FUE NUNCA,"",NO FUE NUNCA,"",1 VEZ EN EL ULTIMO AO,0,1 VEZ EN EL ULTIMO AO,600,NO FUE NUNCA,"",NO FUE NUNCA,"",NO FUE NUNCA,"",NO FUE NUNCA,"",NO FUE NUNCA,"",VARIAS VECES EN EL ULTIMO AO,100,NO FUE NUNCA,"",NO FUE NUNCA,"",NO FUE NUNCA,"",NO FUE NUNCA,"",NO FUE NUNCA,"",NO FUE NUNCA,"",NO FUE NUNCA,"",NO FUE NUNCA,"",NO FUE NUNCA,"",NO FUE NUNCA,"",2,1,0,3,SECUNDARIA COMPLETA,LA PERSONA QUE FUE ENTREVISTADA,"",TRABAJA,FABRICA SUPERVISOR DE PLANTA FABRICA DE ELECTRODOMESTICOS CELULARES Y NOTEBOOK,TECNICO ESPECIALIZADO. COMERCIANTE. SUPERVISOR / JEFE / CAP, ,"",SI,SI,SI,NO,SI,SI,PROPIA,NO,NO,NO,NO,NO,BARRIO DE VIVIENDA SOCIAL,BARRIO DE VIVIENDA SOCIAL,DEPARTAMENTO,72,C2,360,360,6,360,360,6,0,0,0,180,210,3.5,120,120,2,120,120,2,60,90,1.5
230,230,4798,2017-02-06T00:00:00,PATAGONIA,Varn,17,"LA TRADICION, LA HISTORIA", ,NO,PORQUE NO LE INTERESA, ,NO,NA,NA,NA,,,0,0,NA,NA,NA,NA,NA,NA,NA,NA,NA,NA,NA,NA, ,1,SI,"", ,NA,TODOS O CASI TODOS LOS DIAS,6,0,6,0,NUNCA,NUNCA,TODOS O CASI TODOS LOS DIAS,TODOS O CASI TODOS LOS DIAS,NUNCA,NUNCA,NUNCA,NUNCA,NUNCA,NUNCA,NUNCA,HABITUALMENTE,NUNCA,NUNCA,HABITUALMENTE,HABITUALMENTE,NUNCA,NUNCA,NUNCA,HABITUALMENTE,HABITUALMENTE,NUNCA,NUNCA,7 canciones,SI,NUNCA,TODOS O CASI TODOS LOS DIAS,YOUTUBE,PERSONAL PLAY MSICA,NA,NA,NA,NA,NA, ,0,0,0,0,SI,"", ,NA,ALGUNA VEZ AL AO O MENOS,1,1,1,1,100,100,SI,3,SI,NO,PORQUE NO LE INTERESAN LOS DIARIOS, ,NO,"",0,,,0,0,NA,"",0,"",0,NA,NA,NA,NA,NA,NA,SI,NA,ALGUNA VEZ AL AO,0,0,0,0,0,0,ALGUNA VEZ AL AO,SI,"", ,NA,6,6,6,6,"SE LO HABIA RECOMENDADO UN PROFESOR, REFERENTE POLITICO, RELIGIOSO O ESPIRITUAL", ,0,0,0,0,ALGUNAS VECES AL MES,"NO LEYO LIBROS EN PANTALLA, SOLO EN PAPEL","","","","","",DE VEZ EN CUANDO,DE VEZ EN CUANDO,NUNCA,NUNCA,NUNCA,DE VEZ EN CUANDO,DE VEZ EN CUANDO,NUNCA,NUNCA,HABITUALMENTE,NUNCA,HABITUALMENTE,NUNCA,DE VEZ EN CUANDO,DE VEZ EN CUANDO,NUNCA,SI,"",NA,3,0,3,0,TELEVISION POR CABLE,NA,NO MIRA,VARIAS HORAS AL DIA,NUNCA,NUNCA,NUNCA,TODOS O CASI TODOS LOS DIAS,HABITUALMENTE,NUNCA,NUNCA,3,1,1,SI,"", ,NA,TODOS O CASI TODOS LOS DIAS,NUNCA,NUNCA,TODOS O CASI TODOS LOS DIAS,NUNCA,TODOS O CASI TODOS LOS DIAS,TODOS O CASI TODOS LOS DIAS,NUNCA,TODOS O CASI TODOS LOS DIAS,TODOS O CASI TODOS LOS DIAS,NUNCA,NUNCA,NUNCA,450,0,0,SI,"", ,NA,ALGUNA VEZ CADA 3 MESES,3,3,NS/NC,NS/NC,"SE LA RECOMENDO UN AMIGO, FAMILIAR O CONOCIDO", ,HABITUALMENTE,HABITUALMENTE,HABITUALMENTE,NUNCA,DE VEZ EN CUANDO,DE VEZ EN CUANDO,DE VEZ EN CUANDO,NUNCA,NUNCA,NUNCA,DE VEZ EN CUANDO,NO,NA,"",0,"",0,"",0,SI,"", ,NA,NA,SI,NA,"",INCLUYE CABLE,1400,1400,TODOS O CASI TODOS LOS DAS,TODOS O CASI TODOS LOS DAS,NUNCA,TODOS O CASI TODOS LOS DAS,24,NO USA,24,NO USA,ALGUNAS VECES AL MES,NUNCA,TODOS O CASI TODOS LOS DAS,NUNCA,NUNCA,NUNCA,NUNCA,NUNCA,NUNCA,NUNCA,SI,SI,NO,SI,NO,TODOS O CASI TODOS LOS DAS,TODOS O CASI TODOS LOS DAS,NA,TODOS O CASI TODOS LOS DAS,NA,SI,WHATSAPP, ,NUNCA,TODOS O CASI TODOS LOS DAS,TODOS O CASI TODOS LOS DAS,NUNCA,NUNCA,TODOS O CASI TODOS LOS DAS,NUNCA,16,0,16,0,"OBSERVA LOS CONTENIDOS, SIN HACER COMENTARIOS",NA,"","","","","","","","","","","",1,1,NO,1,SI,SI,1000,1000,0,SI,TODOS O CASI TODOS LOS DIAS,1,0,1,0,NUNCA,TODOS O CASI TODOS LOS DIAS,NUNCA,NUNCA,0,0,SI,NO,NO,NO,NO,NO,NO,NO,NO,NO,SI,NO,SI,NO,NO,NO,NO,NO,NO,SI,NO,NO,NO,NO,NO,"",0,SI,1,1,UNA VEZ AL AO,NUNCA,NUNCA,NUNCA,NUNCA,NUNCA,TUVO QUE PAGAR ENTRADA,30,30,NO FUE NUNCA,"",NO FUE NUNCA,"",1 VEZ EN EL ULTIMO AO,0,NO FUE NUNCA,"",NO FUE NUNCA,"",NO FUE NUNCA,"",NO FUE NUNCA,"",NO FUE NUNCA,"",NO FUE NUNCA,"",NO FUE NUNCA,"",NO FUE NUNCA,"",NO FUE NUNCA,"",NO FUE NUNCA,"",NO FUE NUNCA,"",NO FUE NUNCA,"",NO FUE NUNCA,"",NO FUE NUNCA,"",NO FUE NUNCA,"",NO FUE NUNCA,"",NO FUE NUNCA,"",2,0,0,3,SECUNDARIA INCOMPLETA,OTRO MIEMBRO DEL HOGAR,SECUNDARIA COMPLETA,TRABAJA,EMPLEADO PANADERIA PREPARA PAN Y FACTURAS,"OFICIO MENOR, OBRERO NO CALIFICADO/ SERVICIO DOMESTICO", ,"",SI,SI,SI,NO,SI,SI,PROPIA,NO,NO,NO,NO,NO,BARRIO DE VIVIENDA SOCIAL,BARRIO DE VIVIENDA SOCIAL,DEPARTAMENTO,60,C3,0,0,0,360,360,6,0,0,0,180,180,3,1440,1440,24,960,960,16,60,60,1
231,231,19260,2017-05-23T00:00:00,PATAGONIA,Varn,73,NS/NC, ,SI,"", ,NA,NO,TODOS O CASI TODOS LOS DIAS,AM,3,30,3,30,TODOS O CASI TODOS LOS DIAS,ALGUNA VEZ CADA 3 MESES,NUNCA,NUNCA,NUNCA,INFORMATIVOS / NOTICIEROS,NA,NA,NA,NA,NA,NA, ,NS/NC,SI,"", ,NA,ALGUNOS DIAS POR SEMANA,1,0,1,0,ALGUNOS DIAS POR SEMANA,ALGUNAS VECES AL MES,NUNCA,NUNCA,NUNCA,NUNCA,NUNCA,NUNCA,ALGUNA VEZ CADA 3 MESES,HABITUALMENTE,NUNCA,CASI NUNCA,NUNCA,NUNCA,DE VEZ EN CUANDO,CASI NUNCA,NUNCA,NUNCA,NUNCA,NUNCA,NUNCA,DE VEZ EN CUANDO,NUNCA,9 canciones,NO,NA,NA,NA,NA,NA,NA,NA,NA,NA, ,"",1,100,1,NO,PORQUE NO LE GUSTA IR A RECITALES, ,NO,NA,"",0,"",0,"",0,NO,0,NO,SI,"", ,NA,2,2,1,0,1,0,ALGUNOS DIAS POR SEMANA,1,1,24,24,"NO LEYO DIARIOS EN PANTALLA, SOLO EN PAPEL",NA,ALGUNOS DIAS POR SEMANA,MENOS DE UNA VEZ POR MES,NUNCA,PRINCIPALMENTE LEE EN PAPEL O POR INTERNET SU DIARIO O DIARIOS PREFERIDOS,NO,NO,NA,"",0,"",0,"",0,NA,NO,PORQUE NO LE INTERESA, ,NO,"",0,"",0,"", ,"",0,"",0,NA,NA,"","","","","",NA,NA,NA,NA,NA,NA,NA,NA,NA,NA,NA,NA,NA,NA,NA,NA,SI,"",NA,2,30,2,30,TELEVISION POR CABLE,NA,UNA HORA O MENOS AL DIA,VARIAS HORAS AL DIA,NUNCA,NUNCA,NUNCA,TODOS O CASI TODOS LOS DIAS,NUNCA,HABITUALMENTE,NUNCA,2,NINGUNO,NINGUNO,SI,"", ,NA,NUNCA,ALGUNA VEZ AL AO,ALGUNOS DIAS POR SEMANA,ALGUNA VEZ CADA 3 MESES,ALGUNA VEZ CADA 3 MESES,ALGUNOS DIAS POR SEMANA,ALGUNOS DIAS POR SEMANA,TODOS O CASI TODOS LOS DIAS,TODOS O CASI TODOS LOS DIAS,NUNCA,NUNCA,NUNCA,NUNCA,0,0,0,SI,"", ,NA,ALGUNA VEZ CADA 3 MESES,3,3,3,3,LEYO O VIO UNA AVANCE O COMENTARIO EN LOS MEDIOS, ,CASI NUNCA,DE VEZ EN CUANDO,NUNCA,NUNCA,NUNCA,DE VEZ EN CUANDO,CASI NUNCA,CASI NUNCA,NUNCA,NUNCA,NUNCA,NO,NA,"",0,"",0,"",0,NO,PORQUE NO APRENDI A USAR INTERNET, ,NO,NO,NA,NA,"",NA,"",0,NA,NA,NA,NA,,"",0,NO USA,NA,NA,NA,NA,NA,NA,NA,NA,NA,NA,NA,NA,NA,NA,NA,NA,NA,NA,NA,NA,NA,NA, ,NA,NA,NA,NA,NA,NA,NA,,,0,0,NA,NA,"","","","","","","","","","","",1,NINGUNA,SI,1,NO,NA,250,250,0,NO,NA,,,0,0,NA,NA,NA,NA,"",0,SI,SI,SI,NO,NO,NO,NO,SI,NO,NO,NO,NO,SI,NO,NO,NO,NO,NO,NO,NO,NO,NO,NO,NO,NO,"",0,SI,1,1,UNA VEZ AL AO,NUNCA,NUNCA,NUNCA,UNA VEZ AL AO,NUNCA,FUE GRATUITO,0,0,HACE MAS DE 5 AOS,"",HACE MAS DE 5 AOS,"",HACE MAS DE 5 AOS,"",HACE MAS DE 5 AOS,"",HACE MAS DE 5 AOS,"",ENTRE 1 Y 5 AOS,"",HACE MAS DE 5 AOS,"",HACE MAS DE 5 AOS,"",ENTRE 1 Y 5 AOS,"",HACE MAS DE 5 AOS,"",HACE MAS DE 5 AOS,"",NO FUE NUNCA,"",NO FUE NUNCA,"",HACE MAS DE 5 AOS,"",NO FUE NUNCA,"",NO FUE NUNCA,"",NO FUE NUNCA,"",HACE MAS DE 5 AOS,"",HACE MAS DE 5 AOS,"",HACE MAS DE 5 AOS,"",3,0,2,2,PRIMARIA COMPLETA,LA PERSONA QUE FUE ENTREVISTADA,"",ES JUBILADO/PENSIONADO, ,"",MECANICO DE BOMBAS PARA YPF,TECNICO ESPECIALIZADO. COMERCIANTE. SUPERVISOR / JEFE / CAP,SI,NO,NO,SI,SI,SI,PROPIA,SI,SI,NO,NO,NO,BARRIO CON VIVIENDAS DISTINTAS,BARRIO CON VIVIENDAS DISTINTAS,CASA,44,D1,180,210,3.5,60,60,1,60,60,1,120,150,2.5,0,0,0,0,0,0,0,0,0
232,232,16935,2017-05-23T00:00:00,PATAGONIA,Varn,60,"EL ARTE, LO CULTO", ,SI,"", ,NA,NO,TODOS O CASI TODOS LOS DIAS,FM,4,0,4,0,TODOS O CASI TODOS LOS DIAS,ALGUNA VEZ AL AO O MENOS,NUNCA,NUNCA,NUNCA,INFORMATIVOS / NOTICIEROS,MUSICALES,DEPORTIVOS,NA,NA,NA,NA, ,3,NO,UTILIZA OTROS MEDIOS PARA ENTRETENERSE, ,NO,NA,,,0,0,NA,NA,NA,NA,NA,NA,NA,NA,NA,NA,NA,NA,NA,NA,NA,NA,NA,NA,NA,NA,NA,NA,NA,"",NA,NA,NA,NA,NA,NA,NA,NA,NA,NA, ,"",0,0,0,NO,PORQUE NO LE GUSTA IR A RECITALES, ,SI,NA,"",0,"",0,"",0,SI,1,NO,SI,"", ,NA,NS/NC,NS/NC,0,40,0,40,ALGUNOS DIAS POR SEMANA,0,0,0,0,"NO LEYO DIARIOS EN PANTALLA, SOLO EN PAPEL",NA,NUNCA,NUNCA,NUNCA,PRINCIPALMENTE LEE EN PAPEL O POR INTERNET SU DIARIO O DIARIOS PREFERIDOS,NO,NO,NA,"",0,"",0,"",0,NA,NO,PORQUE YA NO ESTUDIA, ,NO,"",0,"",0,"", ,"",0,"",0,NA,NA,"","","","","",NA,NA,NA,NA,NA,NA,NA,NA,NA,NA,NA,NA,NA,NA,NA,NA,SI,"",NA,2,0,2,0,TELEVISION POR CABLE,NA,UNA HORA O MENOS AL DIA,VARIAS HORAS AL DIA,NUNCA,NUNCA,NUNCA,TODOS O CASI TODOS LOS DIAS,NUNCA,HABITUALMENTE,NUNCA,5,2,2,SI,"", ,NA,NUNCA,NUNCA,ALGUNOS DIAS POR SEMANA,NS/NC,ALGUNA VEZ CADA 3 MESES,ALGUNAS VECES AL MES,NUNCA,TODOS O CASI TODOS LOS DIAS,TODOS O CASI TODOS LOS DIAS,NUNCA,NUNCA,NUNCA,NUNCA,0,0,0,NO,PORQUE NO LE INTERESA, ,SI,NA,"",0,"",0,NA, ,NA,NA,NA,NA,NA,NA,NA,NA,NA,NA,NA,NO,NA,"",0,"",0,"",0,NO,PORQUE NO LE INTERESA, ,NO,SI,SI,NA,"",INCLUYE CABLE,450,450,ALGUNA VEZ AL AO O MENOS,TODOS O CASI TODOS LOS DAS,NUNCA,NUNCA,1,NO USA,1,NO USA,NUNCA,NUNCA,NUNCA,NUNCA,NUNCA,NUNCA,NUNCA,NUNCA,NUNCA,ALGUNA VEZ AL AO O MENOS,NO,NO,NO,NO,NO,NA,NA,NA,NA,NA,NO,NA, ,NA,NA,NA,NA,NA,NA,NA,,,0,0,NS/NC,NA,"","","","","","","","","","","",1,1,NO,1,SI,NO,200,200,0,NO,NA,,,0,0,NA,NA,NA,NA,"",0,SI,SI,NO,NO,NO,NO,NO,SI,NO,NO,SI,NO,NO,NO,NO,NO,NO,NO,NO,SI,NO,NO,NO,NO,NO,"",0,NO,"",0,NA,NA,NA,NA,NA,NA,"","",0,HACE MAS DE 5 AOS,"",HACE MAS DE 5 AOS,"",ENTRE 1 Y 5 AOS,"",ENTRE 1 Y 5 AOS,"",ENTRE 1 Y 5 AOS,"",ENTRE 1 Y 5 AOS,"",1 VEZ EN EL ULTIMO AO,250,HACE MAS DE 5 AOS,"",HACE MAS DE 5 AOS,"",NO FUE NUNCA,"",NO FUE NUNCA,"",NO FUE NUNCA,"",NO FUE NUNCA,"",HACE MAS DE 5 AOS,"",NO FUE NUNCA,"",NO FUE NUNCA,"",NO FUE NUNCA,"",NO FUE NUNCA,"",NO FUE NUNCA,"",NO FUE NUNCA,"",4,1,0,3,SECUNDARIA COMPLETA,LA PERSONA QUE FUE ENTREVISTADA,"",TRABAJA,REPARACION DE CALEFACTORES Y EN EL HOGAR REPARA CLOACAS Y CAERIAS,TECNICO ESPECIALIZADO. COMERCIANTE. SUPERVISOR / JEFE / CAP, ,"",SI,SI,SI,NO,SI,SI,PROPIA,NO,NO,NO,NO,NO,BARRIO CON VIVIENDAS DISTINTAS,BARRIO CON VIVIENDAS DISTINTAS,CASA,72,C2,240,240,4,0,0,0,0,40,0.666666667,120,120,2,60,60,1,0,0,0,0,0,0
233,233,14342,2017-05-23T00:00:00,PATAGONIA,Varn,33,MUSICA, ,SI,"", ,NA,SI,TODOS O CASI TODOS LOS DIAS,AMBAS POR IGUAL,5,0,5,0,ALGUNOS DIAS POR SEMANA,ALGUNAS VECES AL MES,TODOS O CASI TODOS LOS DIAS,NUNCA,NUNCA,INFORMATIVOS / NOTICIEROS,MUSICALES,CULTURALES,NA,NA,NA,NA, ,1,SI,"", ,NA,TODOS O CASI TODOS LOS DIAS,2,30,2,30,ALGUNA VEZ CADA 3 MESES,ALGUNOS DIAS POR SEMANA,TODOS O CASI TODOS LOS DIAS,ALGUNAS VECES AL MES,NUNCA,NUNCA,NUNCA,NUNCA,NUNCA,DE VEZ EN CUANDO,DE VEZ EN CUANDO,HABITUALMENTE,NUNCA,NUNCA,DE VEZ EN CUANDO,CASI NUNCA,NUNCA,CASI NUNCA,CASI NUNCA,NUNCA,NUNCA,NUNCA,CASI NUNCA,7 canciones,SI,TODOS O CASI TODOS LOS DIAS,NUNCA,YOUTUBE,NA,NA,NA,NA,NA,NA, ,0,0,0,0,NO,POR FALTA DE TIEMPO, ,SI,NA,"",0,"",0,"",0,NO,0,NO,SI,"", ,NA,4,4,0,30,0,30,"NO LEYO DIARIOS EN PAPEL, SOLO EN PANTALLA","",0,"",0,TODOS O CASI TODOS LOS DIAS,COMPUTADORA,NUNCA,MENOS DE UNA VEZ POR MES,TODOS O CASI TODOS LOS DIAS,PRINCIPALMENTE LEE ARTICULOS Y NOTICIAS DE DISTINTOS MEDIOS,NO,NO,NA,"",0,"",0,"",0,NA,SI,"", ,NA,2,2,1,1,"SE LO HABIA RECOMENDADO UN AMIGO, FAMILIAR O CONOCIDO", ,1,1,180,180,ALGUNAS VECES AL MES,"NO LEYO LIBROS EN PANTALLA, SOLO EN PAPEL","","","","","",CASI NUNCA,NUNCA,NUNCA,CASI NUNCA,NUNCA,DE VEZ EN CUANDO,NUNCA,CASI NUNCA,NUNCA,NUNCA,NUNCA,DE VEZ EN CUANDO,NUNCA,NUNCA,NUNCA,NUNCA,SI,"",NA,4,0,4,0,TELEVISION POR CABLE,NA,ALGUNAS VECES POR SEMANA,VARIAS HORAS AL DIA,NUNCA,NUNCA,NUNCA,TODOS O CASI TODOS LOS DIAS,NUNCA,HABITUALMENTE,DE VEZ EN CUANDO,3,1,1,SI,"", ,NA,ALGUNAS VECES AL MES,NUNCA,TODOS O CASI TODOS LOS DIAS,ALGUNA VEZ CADA 3 MESES,ALGUNA VEZ AL AO,ALGUNOS DIAS POR SEMANA,ALGUNAS VECES AL MES,ALGUNOS DIAS POR SEMANA,TODOS O CASI TODOS LOS DIAS,NUNCA,NUNCA,ALGUNOS DIAS POR SEMANA,NUNCA,0,0,0,NO,PORQUE NO LE GUSTA EL CINE, ,SI,NA,"",0,"",0,NA, ,NA,NA,NA,NA,NA,NA,NA,NA,NA,NA,NA,NO,NA,"",0,"",0,"",0,SI,"", ,NA,NA,SI,NA,"",INCLUYE CABLE,900,900,TODOS O CASI TODOS LOS DAS,TODOS O CASI TODOS LOS DAS,NUNCA,ALGUNAS VECES AL MES,3,NO USA,3,NO USA,ALGUNAS VECES AL MES,TODOS O CASI TODOS LOS DAS,NUNCA,ALGUNAS VECES AL MES,NUNCA,NUNCA,NUNCA,NUNCA,ALGUNA VEZ AL AO O MENOS,NUNCA,SI,NO,NO,NO,NO,TODOS O CASI TODOS LOS DAS,NA,NA,NA,NA,NO,NA, ,NUNCA,ALGUNA VEZ CADA 3 MESES,NUNCA,NUNCA,NUNCA,ALGUNA VEZ CADA 3 MESES,NUNCA,1,0,1,0,"OBSERVA LOS CONTENIDOS, SIN HACER COMENTARIOS",NA,"","","","","","","","","","","",1,NINGUNA,NO,1,SI,SI,300,300,0,NO,NA,,,0,0,NA,NA,NA,NA,"",0,NO,NO,NO,NO,NO,NO,NO,NO,NO,NA,NA,NA,NA,NA,NA,NA,NA,NA,NA,SI,NO,NO,NO,NO,NO,"",0,NO,"",0,NA,NA,NA,NA,NA,NA,"","",0,ENTRE 1 Y 5 AOS,"",HACE MAS DE 5 AOS,"",ENTRE 1 Y 5 AOS,"",HACE MAS DE 5 AOS,"",ENTRE 1 Y 5 AOS,"",ENTRE 1 Y 5 AOS,"",HACE MAS DE 5 AOS,"",HACE MAS DE 5 AOS,"",ENTRE 1 Y 5 AOS,"",ENTRE 1 Y 5 AOS,"",NO FUE NUNCA,"",NO FUE NUNCA,"",HACE MAS DE 5 AOS,"",ENTRE 1 Y 5 AOS,"",NO FUE NUNCA,"",NO FUE NUNCA,"",NO FUE NUNCA,"",NO FUE NUNCA,"",NO FUE NUNCA,"",NO FUE NUNCA,"",3,1,0,2,TERCIARIO INCOMPLETO,LA PERSONA QUE FUE ENTREVISTADA,"",TRABAJA,VENTAS DE LEA Y CARBON POR SU CUENTA,TECNICO ESPECIALIZADO. COMERCIANTE. SUPERVISOR / JEFE / CAP, ,"",NO,SI,NO,NO,SI,SI,ALQUILADA,NO,NO,NO,NO,NO,BARRIO CON VIVIENDAS DISTINTAS,BARRIO CON VIVIENDAS DISTINTAS,CASA,66,C3,300,300,5,120,150,2.5,0,30,0.5,240,240,4,180,180,3,60,60,1,0,0,0
234,234,16944,2017-05-23T00:00:00,PATAGONIA,Varn,16,"HABITOS, COSTUMBRES, COMPORTAMIENTOS", ,NO,PORQUE NO LE INTERESA, ,NO,NA,NA,NA,,,0,0,NA,NA,NA,NA,NA,NA,NA,NA,NA,NA,NA,NA, ,2,SI,"", ,NA,TODOS O CASI TODOS LOS DIAS,3,0,3,0,NUNCA,ALGUNAS VECES AL MES,TODOS O CASI TODOS LOS DIAS,ALGUNOS DIAS POR SEMANA,NUNCA,NUNCA,NUNCA,NUNCA,ALGUNA VEZ CADA 3 MESES,CASI NUNCA,CASI NUNCA,DE VEZ EN CUANDO,NUNCA,NUNCA,CASI NUNCA,DE VEZ EN CUANDO,NUNCA,NUNCA,DE VEZ EN CUANDO,DE VEZ EN CUANDO,HABITUALMENTE,NUNCA,DE VEZ EN CUANDO,7 canciones,SI,TODOS O CASI TODOS LOS DIAS,NUNCA,YOUTUBE,NA,NA,NA,NA,NA,NA, ,0,0,0,0,NO,PORQUE NO LE GUSTA IR A RECITALES, ,NO,NA,"",0,"",0,"",0,NO,0,NO,NO,PORQUE NO LE INTERESAN LOS DIARIOS, ,NO,"",0,,,0,0,NA,"",0,"",0,NA,NA,NA,NA,NA,NA,NO,NO,NA,"",0,"",0,"",0,NA,NO,NO ME GUSTA LEER, ,NO,"",0,"",0,"", ,"",0,"",0,NA,NA,"","","","","",NA,NA,NA,NA,NA,NA,NA,NA,NA,NA,NA,NA,NA,NA,NA,NA,SI,"",NA,1,30,1,30,TELEVISION POR CABLE,NA,ALGUNAS VECES POR SEMANA,VARIAS HORAS AL DIA,ALGUNOS DIAS POR SEMANA,NUNCA,NUNCA,TODOS O CASI TODOS LOS DIAS,DE VEZ EN CUANDO,DE VEZ EN CUANDO,DE VEZ EN CUANDO,2,1,1,SI,"", ,NA,ALGUNA VEZ CADA 3 MESES,ALGUNA VEZ AL AO,TODOS O CASI TODOS LOS DIAS,TODOS O CASI TODOS LOS DIAS,ALGUNOS DIAS POR SEMANA,ALGUNOS DIAS POR SEMANA,ALGUNAS VECES AL MES,ALGUNOS DIAS POR SEMANA,TODOS O CASI TODOS LOS DIAS,TODOS O CASI TODOS LOS DIAS,NUNCA,ALGUNA VEZ CADA 3 MESES,NUNCA,200,0,0,NO,PORQUE NO LE GUSTA EL CINE, ,NO,NA,"",0,"",0,NA, ,NA,NA,NA,NA,NA,NA,NA,NA,NA,NA,NA,NO,NA,"",0,"",0,"",0,SI,"", ,NA,NA,SI,NA,"","NO, ES SOLO LO QUE PAGO DE INTERNET",NS/NC,NS/NC,TODOS O CASI TODOS LOS DAS,NUNCA,TODOS O CASI TODOS LOS DAS,ALGUNOS DIAS POR SEMANA,3,NO USA,3,NO USA,ALGUNOS DIAS POR SEMANA,NUNCA,NUNCA,ALGUNOS DIAS POR SEMANA,NUNCA,NUNCA,NUNCA,NUNCA,NUNCA,NUNCA,SI,NO,SI,NO,NO,TODOS O CASI TODOS LOS DAS,NA,TODOS O CASI TODOS LOS DAS,NA,NA,NO,NA, ,ALGUNAS VECES AL MES,ALGUNAS VECES AL MES,ALGUNAS VECES AL MES,NUNCA,NUNCA,NUNCA,ALGUNA VEZ AL AO O MENOS,1,30,1,30,"OBSERVA LOS CONTENIDOS, SIN HACER COMENTARIOS",NA,"","","","","","","","","","","",2,1,SI,NINGUNO,NA,NA,"",0,0,NO,NA,,,0,0,NA,NA,NA,NA,"",0,NO,NO,SI,NO,NO,NO,NO,NO,NO,NO,NO,NO,SI,NO,NO,NO,NO,NO,NO,SI,NO,NO,NO,NO,NO,"",0,NO,"",0,NA,NA,NA,NA,NA,NA,"","",0,HACE MAS DE 5 AOS,"",NO FUE NUNCA,"",NO FUE NUNCA,"",NO FUE NUNCA,"",VARIAS VECES EN EL ULTIMO AO,NS/NC,NO FUE NUNCA,"",NO FUE NUNCA,"",NO FUE NUNCA,"",NO FUE NUNCA,"",ENTRE 1 Y 5 AOS,"",NO FUE NUNCA,"",NO FUE NUNCA,"",NO FUE NUNCA,"",NO FUE NUNCA,"",NO FUE NUNCA,"",NO FUE NUNCA,"",NO FUE NUNCA,"",NO FUE NUNCA,"",NO FUE NUNCA,"",NO FUE NUNCA,"",6,1,0,4,SECUNDARIA INCOMPLETA,OTRO MIEMBRO DEL HOGAR,SECUNDARIA COMPLETA,TRABAJA,PROFESOR DE CLASES DICTA CLASES DE CARPINTERIA INSTITUTO ESPECIALIZADO,TRABAJADOR/OBRERO CALIFICADO. EMPLEADO ADMINISTRATIVO MEDIO, ,"",SI,SI,SI,NO,NO,SI,PROPIA,NO,NO,NO,NO,NO,BARRIO CON VIVIENDAS DISTINTAS,BARRIO CON VIVIENDAS DISTINTAS,CASA,62,C3,0,0,0,180,180,3,0,0,0,60,90,1.5,180,180,3,60,90,1.5,0,0,0
235,235,15125,2017-05-23T00:00:00,PATAGONIA,Mujer,25,"LA TRADICION, LA HISTORIA", ,SI,"", ,NA,NO,ALGUNOS DIAS POR SEMANA,FM,2,0,2,0,ALGUNAS VECES AL MES,NUNCA,NUNCA,ALGUNOS DIAS POR SEMANA,NUNCA,INFORMATIVOS / NOTICIEROS,MUSICALES,NA,NA,NA,NA,NA, ,1,SI,"", ,NA,TODOS O CASI TODOS LOS DIAS,3,0,3,0,ALGUNOS DIAS POR SEMANA,ALGUNA VEZ CADA 3 MESES,ALGUNOS DIAS POR SEMANA,TODOS O CASI TODOS LOS DIAS,NUNCA,ALGUNAS VECES AL MES,NUNCA,NUNCA,ALGUNOS DIAS POR SEMANA,HABITUALMENTE,DE VEZ EN CUANDO,HABITUALMENTE,NUNCA,NUNCA,CASI NUNCA,DE VEZ EN CUANDO,HABITUALMENTE,CASI NUNCA,DE VEZ EN CUANDO,NUNCA,NUNCA,NUNCA,NUNCA,5 canciones,SI,TODOS O CASI TODOS LOS DIAS,NUNCA,YOUTUBE,NA,NA,NA,NA,NA,NA, ,0,0,0,1,SI,"", ,NA,ALGUNA VEZ CADA 3 MESES,4,4,4,4,12,12,NO,0,NO,SI,"", ,NA,2,2,0,20,0,20,"NO LEYO DIARIOS EN PAPEL, SOLO EN PANTALLA","",0,"",0,ALGUNOS DIAS POR SEMANA,CELULAR,NUNCA,NUNCA,ALGUNOS DIAS POR SEMANA,PRINCIPALMENTE LEE ARTICULOS Y NOTICIAS DE DISTINTOS MEDIOS,NO,NO,NA,"",0,"",0,"",0,NA,NO,PORQUE NO LE INTERESA, ,NO,"",0,"",0,"", ,"",0,"",0,NA,NA,"","","","","",NA,NA,NA,NA,NA,NA,NA,NA,NA,NA,NA,NA,NA,NA,NA,NA,SI,"",NA,10,0,10,0,TELEVISION POR CABLE,NA,VARIAS HORAS AL DIA,VARIAS HORAS AL DIA,NUNCA,NUNCA,NUNCA,TODOS O CASI TODOS LOS DIAS,DE VEZ EN CUANDO,HABITUALMENTE,HABITUALMENTE,2,1,1,SI,"", ,NA,ALGUNA VEZ AL AO,TODOS O CASI TODOS LOS DIAS,ALGUNOS DIAS POR SEMANA,TODOS O CASI TODOS LOS DIAS,ALGUNOS DIAS POR SEMANA,ALGUNOS DIAS POR SEMANA,TODOS O CASI TODOS LOS DIAS,TODOS O CASI TODOS LOS DIAS,TODOS O CASI TODOS LOS DIAS,ALGUNAS VECES AL MES,NUNCA,TODOS O CASI TODOS LOS DIAS,NUNCA,10,10,0,SI,"", ,NA,ALGUNA VEZ CADA 3 MESES,6,6,4,4,"NO TENIA DECIDIDO IR A VERLA, LA ELIGIO EN EL MOMENTO", ,NUNCA,HABITUALMENTE,CASI NUNCA,DE VEZ EN CUANDO,NUNCA,DE VEZ EN CUANDO,DE VEZ EN CUANDO,CASI NUNCA,NUNCA,NUNCA,NUNCA,NO,NA,"",0,"",0,"",0,SI,"", ,NA,NA,SI,NA,"",INCLUYE CABLE,NS/NC,NS/NC,ALGUNOS DIAS POR SEMANA,TODOS O CASI TODOS LOS DAS,NUNCA,ALGUNAS VECES AL MES,5,NO USA,5,NO USA,TODOS O CASI TODOS LOS DAS,ALGUNOS DIAS POR SEMANA,ALGUNAS VECES AL MES,ALGUNAS VECES AL MES,NUNCA,ALGUNA VEZ CADA 3 MESES,NUNCA,NUNCA,NUNCA,NUNCA,SI,SI,NO,NO,NO,TODOS O CASI TODOS LOS DAS,TODOS O CASI TODOS LOS DAS,NA,NA,NA,NO,NA, ,ALGUNAS VECES AL MES,ALGUNA VEZ CADA 3 MESES,NUNCA,NUNCA,NUNCA,ALGUNOS DIAS POR SEMANA,NUNCA,1,40,1,40,"COMENTA, COMPARTE, PARTICIPA Y/U OPINA FRENTE A CONTENIDOS",NA,"","","","","","","","","","","",1,NINGUNA,NO,1,SI,SI,NS/NC,NS/NC,0,NO,NA,,,0,0,NA,NA,NA,NA,"",0,NO,NO,NO,NO,NO,NO,NO,NO,NO,NA,NA,NA,NA,NA,NA,NA,NA,NA,NA,SI,NO,NO,NO,NO,NO,"",0,NO,"",0,NA,NA,NA,NA,NA,NA,"","",0,ENTRE 1 Y 5 AOS,"",1 VEZ EN EL ULTIMO AO,200,HACE MAS DE 5 AOS,"",ENTRE 1 Y 5 AOS,"",1 VEZ EN EL ULTIMO AO,0,VARIAS VECES EN EL ULTIMO AO,500,NO FUE NUNCA,"",NO FUE NUNCA,"",1 VEZ EN EL ULTIMO AO,100,ENTRE 1 Y 5 AOS,"",1 VEZ EN EL ULTIMO AO,0,1 VEZ EN EL ULTIMO AO,0,HACE MAS DE 5 AOS,"",ENTRE 1 Y 5 AOS,"",NO FUE NUNCA,"",NO FUE NUNCA,"",NO FUE NUNCA,"",1 VEZ EN EL ULTIMO AO,300,ENTRE 1 Y 5 AOS,"",NO FUE NUNCA,"",4,1,0,3,SECUNDARIA COMPLETA,OTRO MIEMBRO DEL HOGAR,PRIMARIA COMPLETA,TRABAJA,EMPLEADO MECANICO DE MAQUINARIA PESADA,TRABAJADOR/OBRERO CALIFICADO. EMPLEADO ADMINISTRATIVO MEDIO, ,"",SI,SI,NO,NO,NO,SI,PROPIA,NO,NO,NO,NO,NO,BARRIO CON VIVIENDAS DISTINTAS,BARRIO CON VIVIENDAS DISTINTAS,CASA,46,D1,120,120,2,180,180,3,0,20,0.333333333,600,600,10,300,300,5,60,100,1.666666667,0,0,0
236,236,12949,2017-05-23T00:00:00,PATAGONIA,Mujer,75,"LOS MODALES, EL BUEN COMPORTAMIENTO", ,SI,"", ,NA,NO,TODOS O CASI TODOS LOS DIAS,FM,2,0,2,0,TODOS O CASI TODOS LOS DIAS,NUNCA,NUNCA,NUNCA,NUNCA,INFORMATIVOS / NOTICIEROS,MUSICALES,ACTUALIDAD / MAGAZINE,NA,NA,NA,NA, ,2,NO,PORQUE NO LE INTERESA, ,SI,NA,,,0,0,NA,NA,NA,NA,NA,NA,NA,NA,NA,NA,NA,NA,NA,NA,NA,NA,NA,NA,NA,NA,NA,NA,NA,"",NA,NA,NA,NA,NA,NA,NA,NA,NA,NA, ,"",0,0,0,NO,POR PROBLEMAS DE SALUD, ,SI,NA,"",0,"",0,"",0,NO,0,NO,NO,PORQUE NO LE INTERESAN LOS DIARIOS, ,NO,"",0,,,0,0,NA,"",0,"",0,NA,NA,NA,NA,NA,NA,NO,SI,NA,"",0,"",0,"",0,NA,NO,PORQUE NO LE INTERESA, ,NO,"",0,"",0,"", ,"",0,"",0,NA,NA,"","","","","",NA,NA,NA,NA,NA,NA,NA,NA,NA,NA,NA,NA,NA,NA,NA,NA,SI,"",NA,3,0,3,0,TELEVISION POR CABLE,NA,VARIAS HORAS AL DIA,VARIAS HORAS AL DIA,NUNCA,NUNCA,NUNCA,TODOS O CASI TODOS LOS DIAS,NUNCA,HABITUALMENTE,NUNCA,2,NINGUNO,NINGUNO,SI,"", ,NA,NUNCA,NUNCA,ALGUNA VEZ AL AO,ALGUNA VEZ AL AO,ALGUNOS DIAS POR SEMANA,ALGUNOS DIAS POR SEMANA,ALGUNOS DIAS POR SEMANA,TODOS O CASI TODOS LOS DIAS,TODOS O CASI TODOS LOS DIAS,NUNCA,NUNCA,NUNCA,NUNCA,0,0,0,NO,PORQUE NO LE GUSTA EL CINE, ,SI,NA,"",0,"",0,NA, ,NA,NA,NA,NA,NA,NA,NA,NA,NA,NA,NA,NO,NA,"",0,"",0,"",0,NO,PORQUE NO APRENDI A USAR INTERNET, ,NO,SI,SI,NA,"",INCLUYE TELFONO,NS/NC,NS/NC,NUNCA,TODOS O CASI TODOS LOS DAS,NUNCA,NUNCA,0,30,0,30,NUNCA,NUNCA,NUNCA,NUNCA,NUNCA,NUNCA,NUNCA,NUNCA,NUNCA,NUNCA,SI,NO,NO,NO,NO,TODOS O CASI TODOS LOS DAS,NA,NA,NA,NA,NO,NA, ,NUNCA,NUNCA,NUNCA,NUNCA,NUNCA,NUNCA,NUNCA,0,30,0,30,NS/NC,NA,"","","","","","","","","","","",2,NINGUNA,SI,1,SI,SI,250,250,0,NO,NA,,,0,0,NA,NA,NA,NA,"",0,NO,NO,NO,NO,NO,NO,NO,NO,NO,NA,NA,NA,NA,NA,NA,NA,NA,NA,NA,NO,NO,NO,NO,NO,NO,"",0,NO,"",0,NA,NA,NA,NA,NA,NA,"","",0,HACE MAS DE 5 AOS,"",HACE MAS DE 5 AOS,"",HACE MAS DE 5 AOS,"",HACE MAS DE 5 AOS,"",NO FUE NUNCA,"",HACE MAS DE 5 AOS,"",HACE MAS DE 5 AOS,"",HACE MAS DE 5 AOS,"",ENTRE 1 Y 5 AOS,"",ENTRE 1 Y 5 AOS,"",HACE MAS DE 5 AOS,"",HACE MAS DE 5 AOS,"",HACE MAS DE 5 AOS,"",HACE MAS DE 5 AOS,"",HACE MAS DE 5 AOS,"",NO FUE NUNCA,"",NO FUE NUNCA,"",HACE MAS DE 5 AOS,"",HACE MAS DE 5 AOS,"",HACE MAS DE 5 AOS,"",2,0,1,3,PRIMARIA COMPLETA,OTRO MIEMBRO DEL HOGAR,TERCIARIO COMPLETO,ES JUBILADO/PENSIONADO, ,"",DOCENTE DE SECUNDARIA,TRABAJADOR/OBRERO CALIFICADO. EMPLEADO ADMINISTRATIVO MEDIO,SI,SI,SI,NO,SI,SI,PROPIA,NO,NO,SI,SI,NO,BARRIO CON VIVIENDAS DISTINTAS,BARRIO CON VIVIENDAS DISTINTAS,CASA,74,C2,120,120,2,0,0,0,0,0,0,180,180,3,0,30,0.5,0,30,0.5,0,0,0
237,237,10304,2017-05-23T00:00:00,PATAGONIA,Mujer,15,"LA FORMA DE PENSAR, IDEOLOGIA, VALORES", ,NO,PORQUE NO LE GUSTA LA RADIO, ,NO,NA,NA,NA,,,0,0,NA,NA,NA,NA,NA,NA,NA,NA,NA,NA,NA,NA, ,1,SI,"", ,NA,TODOS O CASI TODOS LOS DIAS,4,0,4,0,NUNCA,NUNCA,TODOS O CASI TODOS LOS DIAS,TODOS O CASI TODOS LOS DIAS,NUNCA,NUNCA,NUNCA,NUNCA,ALGUNA VEZ CADA 3 MESES,NUNCA,NUNCA,NUNCA,NUNCA,NUNCA,DE VEZ EN CUANDO,HABITUALMENTE,DE VEZ EN CUANDO,HABITUALMENTE,DE VEZ EN CUANDO,NUNCA,NUNCA,NUNCA,DE VEZ EN CUANDO,8 canciones,SI,TODOS O CASI TODOS LOS DIAS,NUNCA,SPOTIFY,YOUTUBE,NA,NA,NA,NA,NA, ,0,0,0,0,NO,PORQUE NO TIENE CON QUIEN IR, ,NO,NA,"",0,"",0,"",0,NO,0,NO,NO,PORQUE NO LE INTERESAN LOS DIARIOS, ,NO,"",0,,,0,0,NA,"",0,"",0,NA,NA,NA,NA,NA,NA,NO,NO,NA,"",0,"",0,"",0,NA,SI,"", ,NA,2,2,1,1,"SE LO HABIA RECOMENDADO UN PROFESOR, REFERENTE POLITICO, RELIGIOSO O ESPIRITUAL", ,2,2,NS/NC,NS/NC,ALGUNA VEZ CADA 3 MESES,"NO LEYO LIBROS EN PANTALLA, SOLO EN PAPEL","","","","","",NUNCA,DE VEZ EN CUANDO,NUNCA,NUNCA,HABITUALMENTE,NUNCA,NUNCA,NUNCA,NUNCA,NUNCA,NUNCA,NUNCA,NUNCA,NUNCA,NUNCA,NUNCA,SI,"",NA,3,0,3,0,TELEVISION POR CABLE,NA,VARIAS HORAS AL DIA,VARIAS HORAS AL DIA,ALGUNA VEZ CADA 3 MESES,NUNCA,NUNCA,TODOS O CASI TODOS LOS DIAS,DE VEZ EN CUANDO,HABITUALMENTE,HABITUALMENTE,3,NINGUNO,NINGUNO,SI,"", ,NA,ALGUNAS VECES AL MES,ALGUNA VEZ CADA 3 MESES,NUNCA,ALGUNA VEZ CADA 3 MESES,ALGUNA VEZ CADA 3 MESES,ALGUNOS DIAS POR SEMANA,TODOS O CASI TODOS LOS DIAS,TODOS O CASI TODOS LOS DIAS,TODOS O CASI TODOS LOS DIAS,NUNCA,NUNCA,ALGUNOS DIAS POR SEMANA,NUNCA,0,0,0,NO,PORQUE NO LE INTERESA, ,NO,NA,"",0,"",0,NA, ,NA,NA,NA,NA,NA,NA,NA,NA,NA,NA,NA,NO,NA,"",0,"",0,"",0,SI,"", ,NA,NA,SI,NA,"","NO, ES SOLO LO QUE PAGO DE INTERNET",600,600,TODOS O CASI TODOS LOS DAS,TODOS O CASI TODOS LOS DAS,NUNCA,NUNCA,4,NO USA,4,NO USA,TODOS O CASI TODOS LOS DAS,NUNCA,TODOS O CASI TODOS LOS DAS,NUNCA,ALGUNAS VECES AL MES,NUNCA,NUNCA,NUNCA,NUNCA,NUNCA,SI,SI,NO,NO,NO,TODOS O CASI TODOS LOS DAS,TODOS O CASI TODOS LOS DAS,NA,NA,NA,NO,NA, ,ALGUNOS DIAS POR SEMANA,ALGUNAS VECES AL MES,ALGUNOS DIAS POR SEMANA,ALGUNAS VECES AL MES,ALGUNA VEZ CADA 3 MESES,TODOS O CASI TODOS LOS DAS,NUNCA,2,20,2,20,"COMENTA, COMPARTE, PARTICIPA Y/U OPINA FRENTE A CONTENIDOS",NA,"","","","","","","","","","","",1,NINGUNA,NO,1,SI,SI,300,300,NS/NC,NO,NA,,,0,0,NA,NA,NA,NA,"",0,NO,NO,NO,NO,NO,NO,NO,NO,NO,NA,NA,NA,NA,NA,NA,NA,NA,NA,NA,NO,NO,NO,NO,NO,NO,"",0,NO,"",0,NA,NA,NA,NA,NA,NA,"","",0,NO FUE NUNCA,"",NO FUE NUNCA,"",NO FUE NUNCA,"",NO FUE NUNCA,"",NO FUE NUNCA,"",1 VEZ EN EL ULTIMO AO,NS/NC,NO FUE NUNCA,"",NO FUE NUNCA,"",NO FUE NUNCA,"",ENTRE 1 Y 5 AOS,"",NO FUE NUNCA,"",NO FUE NUNCA,"",NO FUE NUNCA,"",NO FUE NUNCA,"",NO FUE NUNCA,"",NO FUE NUNCA,"",NO FUE NUNCA,"",1 VEZ EN EL ULTIMO AO,200,ENTRE 1 Y 5 AOS,"",NO FUE NUNCA,"",4,1,0,,SECUNDARIA INCOMPLETA,OTRO MIEMBRO DEL HOGAR,SECUNDARIA COMPLETA,TRABAJA,REMISERO POR SU CUENTA DUEO DE REMISE CON EMPLEADOS,TECNICO ESPECIALIZADO. COMERCIANTE. SUPERVISOR / JEFE / CAP, ,"",SI,SI,SI,NO,SI,SI,PROPIA,NO,NO,NO,NO,NO,BARRIO CON VIVIENDAS DISTINTAS,BARRIO CON VIVIENDAS DISTINTAS,CASA,72,C2,0,0,0,240,240,4,0,0,0,180,180,3,240,240,4,120,140,2.333333333,0,0,0
238,238,8978,2017-05-23T00:00:00,PATAGONIA,Varn,23,"EL ARTE, LO CULTO", ,SI,"", ,NA,SI,ALGUNOS DIAS POR SEMANA,FM,1,30,1,30,ALGUNOS DIAS POR SEMANA,NUNCA,NUNCA,NUNCA,NUNCA,MUSICALES,NA,NA,NA,NA,NA,NA, ,1,SI,"", ,NA,TODOS O CASI TODOS LOS DIAS,2,30,2,30,ALGUNAS VECES AL MES,NUNCA,ALGUNOS DIAS POR SEMANA,ALGUNA VEZ CADA 3 MESES,NUNCA,NUNCA,NUNCA,NUNCA,ALGUNA VEZ CADA 3 MESES,DE VEZ EN CUANDO,NUNCA,HABITUALMENTE,NUNCA,NUNCA,CASI NUNCA,DE VEZ EN CUANDO,NUNCA,NUNCA,NUNCA,NUNCA,NUNCA,NUNCA,CASI NUNCA,8 canciones,SI,ALGUNOS DIAS POR SEMANA,NUNCA,YOUTUBE,NA,NA,NA,NA,NA,NA, ,0,0,0,0,NO,PORQUE LAS ENTRADAS ESTAN CARAS, ,NO,NA,"",0,"",0,"",0,NO,0,NO,NO,PORQUE NO LE GUSTA LEER DIARIOS, ,NO,"",0,,,0,0,NA,"",0,"",0,NA,NA,NA,NA,NA,NA,NO,NO,NA,"",0,"",0,"",0,NA,NO,PORQUE NO LE INTERESA, ,NO,"",0,"",0,"", ,"",0,"",0,NA,NA,"","","","","",NA,NA,NA,NA,NA,NA,NA,NA,NA,NA,NA,NA,NA,NA,NA,NA,SI,"",NA,4,0,4,0,TELEVISION POR CABLE,NA,VARIAS HORAS AL DIA,VARIAS HORAS AL DIA,ALGUNAS VECES AL MES,NUNCA,NUNCA,TODOS O CASI TODOS LOS DIAS,NUNCA,HABITUALMENTE,DE VEZ EN CUANDO,2,NINGUNO,NINGUNO,SI,"", ,NA,NUNCA,ALGUNA VEZ AL AO,ALGUNA VEZ CADA 3 MESES,ALGUNAS VECES AL MES,ALGUNAS VECES AL MES,ALGUNOS DIAS POR SEMANA,ALGUNAS VECES AL MES,TODOS O CASI TODOS LOS DIAS,TODOS O CASI TODOS LOS DIAS,NUNCA,NUNCA,ALGUNOS DIAS POR SEMANA,NUNCA,0,0,0,SI,"", ,NA,ALGUNA VEZ AL AO O MENOS,1,1,0,0,NS/NC, ,CASI NUNCA,NUNCA,NUNCA,NUNCA,NUNCA,NUNCA,CASI NUNCA,NUNCA,NUNCA,NUNCA,NUNCA,NO,NA,"",0,"",0,"",0,SI,"", ,NA,NA,SI,NA,"","NO, ES SOLO LO QUE PAGO DE INTERNET",400,400,ALGUNOS DIAS POR SEMANA,TODOS O CASI TODOS LOS DAS,NUNCA,NUNCA,3,NO USA,3,NO USA,ALGUNOS DIAS POR SEMANA,NUNCA,NUNCA,ALGUNA VEZ CADA 3 MESES,NUNCA,NUNCA,NUNCA,NUNCA,NUNCA,ALGUNAS VECES AL MES,SI,NO,NO,NO,NO,TODOS O CASI TODOS LOS DAS,NA,NA,NA,NA,NO,NA, ,NUNCA,ALGUNOS DIAS POR SEMANA,NUNCA,NUNCA,NUNCA,ALGUNOS DIAS POR SEMANA,NUNCA,0,30,0,30,"OBSERVA LOS CONTENIDOS, SIN HACER COMENTARIOS",NA,"","","","","","","","","","","",1,NINGUNA,NO,1,SI,SI,350,350,0,NO,NA,,,0,0,NA,NA,NA,NA,"",0,SI,NO,NO,NO,NO,NO,NO,NO,NO,NO,NO,NO,SI,NO,NO,NO,NO,NO,NO,SI,NO,NO,NO,NO,NO,"",0,NO,"",0,NA,NA,NA,NA,NA,NA,"","",0,HACE MAS DE 5 AOS,"",HACE MAS DE 5 AOS,"",HACE MAS DE 5 AOS,"",HACE MAS DE 5 AOS,"",NO FUE NUNCA,"",HACE MAS DE 5 AOS,"",ENTRE 1 Y 5 AOS,"",ENTRE 1 Y 5 AOS,"",ENTRE 1 Y 5 AOS,"",HACE MAS DE 5 AOS,"",NO FUE NUNCA,"",NO FUE NUNCA,"",NO FUE NUNCA,"",NO FUE NUNCA,"",NO FUE NUNCA,"",NO FUE NUNCA,"",NO FUE NUNCA,"",HACE MAS DE 5 AOS,"",NO FUE NUNCA,"",NO FUE NUNCA,"",2,0,0,2,SECUNDARIA COMPLETA,LA PERSONA QUE FUE ENTREVISTADA,"",TRABAJA,EMPLEADO DE COMERCIO ATENCION AL PUBLICO,"OFICIO MENOR, OBRERO NO CALIFICADO/ SERVICIO DOMESTICO", ,"",SI,SI,NO,NO,SI,SI,ALQUILADA,NO,NO,NO,NO,NO,BARRIO CON VIVIENDAS DISTINTAS,BARRIO CON VIVIENDAS DISTINTAS,CASA,52,D1,60,90,1.5,120,150,2.5,0,0,0,240,240,4,180,180,3,0,30,0.5,0,0,0
239,239,11395,2017-05-22T00:00:00,PATAGONIA,Mujer,57,"HABITOS, COSTUMBRES, COMPORTAMIENTOS", ,SI,"", ,NA,NO,TODOS O CASI TODOS LOS DIAS,FM,3,0,3,0,TODOS O CASI TODOS LOS DIAS,NUNCA,NUNCA,NUNCA,NUNCA,INFORMATIVOS / NOTICIEROS,MUSICALES,NA,NA,NA,NA,NA, ,1,SI,"", ,NA,TODOS O CASI TODOS LOS DIAS,2,30,2,30,ALGUNOS DIAS POR SEMANA,ALGUNAS VECES AL MES,ALGUNA VEZ CADA 3 MESES,NUNCA,NUNCA,NUNCA,NUNCA,NUNCA,ALGUNOS DIAS POR SEMANA,HABITUALMENTE,CASI NUNCA,CASI NUNCA,NUNCA,NUNCA,DE VEZ EN CUANDO,NUNCA,NUNCA,DE VEZ EN CUANDO,CASI NUNCA,NUNCA,NUNCA,CASI NUNCA,NUNCA,10 canciones,NO,NA,NA,NA,NA,NA,NA,NA,NA,NA, ,"",0,0,0,NO,PORQUE LAS ENTRADAS ESTAN CARAS, ,NO,NA,"",0,"",0,"",0,NO,0,NO,SI,"", ,NA,1,1,1,15,1,15,ALGUNOS DIAS POR SEMANA,1,1,30,30,"NO LEYO DIARIOS EN PANTALLA, SOLO EN PAPEL",NA,ALGUNOS DIAS POR SEMANA,MENOS DE UNA VEZ POR MES,NUNCA,PRINCIPALMENTE LEE EN PAPEL O POR INTERNET SU DIARIO O DIARIOS PREFERIDOS,NO,NO,NA,"",0,"",0,"",0,NA,NO,PORQUE NO LE INTERESA, ,NO,"",0,"",0,"", ,"",0,"",0,NA,NA,"","","","","",NA,NA,NA,NA,NA,NA,NA,NA,NA,NA,NA,NA,NA,NA,NA,NA,SI,"",NA,4,0,4,0,TELEVISION POR CABLE,NA,VARIAS HORAS AL DIA,VARIAS HORAS AL DIA,NUNCA,NUNCA,NUNCA,TODOS O CASI TODOS LOS DIAS,NUNCA,HABITUALMENTE,NUNCA,2,NINGUNO,NINGUNO,SI,"", ,NA,NUNCA,ALGUNA VEZ AL AO,NUNCA,ALGUNOS DIAS POR SEMANA,ALGUNOS DIAS POR SEMANA,ALGUNOS DIAS POR SEMANA,TODOS O CASI TODOS LOS DIAS,TODOS O CASI TODOS LOS DIAS,TODOS O CASI TODOS LOS DIAS,NUNCA,NUNCA,NUNCA,NUNCA,0,0,0,SI,"", ,NA,ALGUNA VEZ AL AO O MENOS,1,1,0,0,"SE LA RECOMENDO UN AMIGO, FAMILIAR O CONOCIDO", ,NUNCA,NUNCA,NUNCA,NUNCA,NUNCA,NUNCA,NUNCA,NUNCA,NUNCA,DE VEZ EN CUANDO,DE VEZ EN CUANDO,NO,NA,"",0,"",0,"",0,NO,POR FALTA DE TIEMPO, ,SI,SI,NO,SI,550,NA,"",0,ALGUNAS VECES AL MES,TODOS O CASI TODOS LOS DAS,NUNCA,NUNCA,1,NO USA,1,NO USA,NUNCA,NUNCA,NUNCA,NUNCA,NUNCA,NUNCA,NUNCA,NUNCA,NUNCA,NUNCA,SI,NO,NO,NO,NO,ALGUNOS DIAS POR SEMANA,NA,NA,NA,NA,NO,NA, ,NUNCA,NUNCA,NUNCA,NUNCA,NUNCA,NUNCA,NUNCA,0,30,0,30,"OBSERVA LOS CONTENIDOS, SIN HACER COMENTARIOS",NA,"","","","","","","","","","","",1,1,NO,1,SI,NO,350,350,0,SI,ALGUNOS DIAS POR SEMANA,0,30,0,30,NUNCA,NUNCA,TODOS O CASI TODOS LOS DIAS,NUNCA,0,0,NO,NO,NO,NO,NO,NO,NO,NO,NO,NA,NA,NA,NA,NA,NA,NA,NA,NA,NA,NO,NO,NO,NO,NO,NO,"",0,NO,"",0,NA,NA,NA,NA,NA,NA,"","",0,HACE MAS DE 5 AOS,"",NO FUE NUNCA,"",HACE MAS DE 5 AOS,"",NO FUE NUNCA,"",NO FUE NUNCA,"",NO FUE NUNCA,"",NO FUE NUNCA,"",NO FUE NUNCA,"",NO FUE NUNCA,"",HACE MAS DE 5 AOS,"",NO FUE NUNCA,"",NO FUE NUNCA,"",NO FUE NUNCA,"",NO FUE NUNCA,"",NO FUE NUNCA,"",NO FUE NUNCA,"",NO FUE NUNCA,"",HACE MAS DE 5 AOS,"",HACE MAS DE 5 AOS,"",HACE MAS DE 5 AOS,"",2,0,0,1,PRIMARIA COMPLETA,OTRO MIEMBRO DEL HOGAR,PRIMARIA COMPLETA,ES JUBILADO/PENSIONADO, ,"",PETROLERO ELECTRICISTA REPARACION Y MANTENIMIENTO DE EQUIPOS EN POZO EXTRACCION DE PETROLEO,TRABAJADOR/OBRERO CALIFICADO. EMPLEADO ADMINISTRATIVO MEDIO,SI,NO,SI,NO,SI,SI,PROPIA,NO,NO,NO,NO,NO,BARRIO CON VIVIENDAS DISTINTAS,BARRIO CON VIVIENDAS DISTINTAS,CASA,44,D1,180,180,3,120,150,2.5,60,75,1.25,240,240,4,60,60,1,0,30,0.5,0,30,0.5
240,240,14444,2017-05-22T00:00:00,PATAGONIA,Mujer,31,"HABITOS, COSTUMBRES, COMPORTAMIENTOS", ,SI,"", ,NA,NO,ALGUNOS DIAS POR SEMANA,FM,2,0,2,0,ALGUNOS DIAS POR SEMANA,NUNCA,NUNCA,NUNCA,NUNCA,MUSICALES,NA,NA,NA,NA,NA,NA, ,1,SI,"", ,NA,TODOS O CASI TODOS LOS DIAS,2,30,2,30,NUNCA,NUNCA,NUNCA,TODOS O CASI TODOS LOS DIAS,NUNCA,NUNCA,NUNCA,NUNCA,NUNCA,CASI NUNCA,CASI NUNCA,DE VEZ EN CUANDO,NUNCA,NUNCA,DE VEZ EN CUANDO,CASI NUNCA,DE VEZ EN CUANDO,DE VEZ EN CUANDO,CASI NUNCA,NUNCA,NUNCA,NUNCA,DE VEZ EN CUANDO,6 canciones,SI,ALGUNOS DIAS POR SEMANA,ALGUNA VEZ CADA 3 MESES,YOUTUBE,PERSONAL PLAY MSICA,NA,NA,NA,NA,NA, ,0,0,0,0,NO,PORQUE LAS ENTRADAS ESTAN CARAS, ,NO,NA,"",0,"",0,"",0,NO,0,NO,SI,"", ,NA,1,1,0,45,0,45,"NO LEYO DIARIOS EN PAPEL, SOLO EN PANTALLA","",0,"",0,ALGUNOS DIAS POR SEMANA,CELULAR,NUNCA,NUNCA,ALGUNOS DIAS POR SEMANA,PRINCIPALMENTE LEE ARTICULOS Y NOTICIAS DE DISTINTOS MEDIOS,NO,NO,NA,"",0,"",0,"",0,NA,NO,PORQUE NO LE INTERESA, ,NO,"",0,"",0,"", ,"",0,"",0,NA,NA,"","","","","",NA,NA,NA,NA,NA,NA,NA,NA,NA,NA,NA,NA,NA,NA,NA,NA,SI,"",NA,3,0,3,0,TELEVISION POR CABLE,NA,UNA HORA O MENOS AL DIA,VARIAS HORAS AL DIA,ALGUNAS VECES AL MES,ALGUNAS VECES AL MES,NUNCA,NUNCA,CASI NUNCA,HABITUALMENTE,DE VEZ EN CUANDO,3,NINGUNO,NINGUNO,SI,"", ,NA,NUNCA,ALGUNA VEZ AL AO,ALGUNAS VECES AL MES,ALGUNA VEZ AL AO,ALGUNA VEZ AL AO,ALGUNOS DIAS POR SEMANA,ALGUNA VEZ CADA 3 MESES,TODOS O CASI TODOS LOS DIAS,TODOS O CASI TODOS LOS DIAS,NUNCA,NUNCA,ALGUNOS DIAS POR SEMANA,NUNCA,0,0,0,SI,"", ,NA,ALGUNA VEZ AL AO O MENOS,2,2,1,1,POR COMENTARIOS EN REDES SOCIALES, ,CASI NUNCA,NUNCA,NUNCA,CASI NUNCA,NUNCA,DE VEZ EN CUANDO,NUNCA,DE VEZ EN CUANDO,NUNCA,NUNCA,NUNCA,NO,NA,"",0,"",0,"",0,SI,"", ,NA,NA,NO,SI,450,NA,"",0,ALGUNOS DIAS POR SEMANA,TODOS O CASI TODOS LOS DAS,NUNCA,NUNCA,4,NO USA,4,NO USA,ALGUNOS DIAS POR SEMANA,ALGUNAS VECES AL MES,NUNCA,ALGUNA VEZ CADA 3 MESES,NUNCA,NUNCA,NUNCA,NUNCA,ALGUNA VEZ AL AO O MENOS,ALGUNA VEZ CADA 3 MESES,SI,SI,NO,NO,NO,TODOS O CASI TODOS LOS DAS,TODOS O CASI TODOS LOS DAS,NA,NA,NA,NO,NA, ,ALGUNA VEZ CADA 3 MESES,ALGUNA VEZ CADA 3 MESES,ALGUNA VEZ CADA 3 MESES,ALGUNA VEZ CADA 3 MESES,NUNCA,ALGUNOS DIAS POR SEMANA,NUNCA,2,0,2,0,"OBSERVA LOS CONTENIDOS, SIN HACER COMENTARIOS",NA,"","","","","","","","","","","",1,NINGUNA,NO,1,SI,SI,450,450,0,NO,NA,,,0,0,NA,NA,NA,NA,"",0,NO,NO,SI,NO,NO,NO,NO,NO,NO,NO,NO,NO,SI,NO,NO,NO,NO,NO,NO,SI,NO,NO,NO,NO,NO,"",0,NO,"",0,NA,NA,NA,NA,NA,NA,"","",0,HACE MAS DE 5 AOS,"",NO FUE NUNCA,"",1 VEZ EN EL ULTIMO AO,250,NO FUE NUNCA,"",VARIAS VECES EN EL ULTIMO AO,0,1 VEZ EN EL ULTIMO AO,NS/NC,ENTRE 1 Y 5 AOS,"",HACE MAS DE 5 AOS,"",ENTRE 1 Y 5 AOS,"",NO FUE NUNCA,"",NO FUE NUNCA,"",NO FUE NUNCA,"",NO FUE NUNCA,"",NO FUE NUNCA,"",NO FUE NUNCA,"",NO FUE NUNCA,"",NO FUE NUNCA,"",HACE MAS DE 5 AOS,"",HACE MAS DE 5 AOS,"",NO FUE NUNCA,"",2,0,0,1,SECUNDARIA INCOMPLETA,LA PERSONA QUE FUE ENTREVISTADA,"",TRABAJA,EMPLEADA MUNICIPIO MAESTRANZA,"OFICIO MENOR, OBRERO NO CALIFICADO/ SERVICIO DOMESTICO", ,"",SI,NO,NO,SI,SI,SI,PROPIA,NO,NO,NO,NO,NO,BARRIO CON VIVIENDAS DISTINTAS,BARRIO CON VIVIENDAS DISTINTAS,CASA,50,D1,120,120,2,120,150,2.5,0,45,0.75,180,180,3,240,240,4,120,120,2,0,0,0
241,241,12577,2017-05-22T00:00:00,PATAGONIA,Mujer,73,EDUCACION, ,SI,"", ,NA,NO,TODOS O CASI TODOS LOS DIAS,FM,2,20,2,20,ALGUNOS DIAS POR SEMANA,NUNCA,NUNCA,NUNCA,NUNCA,INFORMATIVOS / NOTICIEROS,NA,NA,NA,NA,NA,NA, ,2,NO,POR FALTA DE TIEMPO, ,SI,NA,,,0,0,NA,NA,NA,NA,NA,NA,NA,NA,NA,NA,NA,NA,NA,NA,NA,NA,NA,NA,NA,NA,NA,NA,NA,"",NA,NA,NA,NA,NA,NA,NA,NA,NA,NA, ,"",0,0,0,NO,PORQUE NO LE INTERESA, ,NO,NA,"",0,"",0,"",0,NO,0,NO,SI,"", ,NA,2,2,1,0,1,0,ALGUNOS DIAS POR SEMANA,1,1,40,40,ALGUNOS DIAS POR SEMANA,COMPUTADORA,ALGUNAS VECES AL MES,NUNCA,NUNCA,PRINCIPALMENTE LEE EN PAPEL O POR INTERNET SU DIARIO O DIARIOS PREFERIDOS,SI,NA,ALGUNAS VECES AL MES,1,1,NS/NC,NS/NC,60,60,"NO LEYO REVISTAS EN PANTALLA, SOLO EN PAPEL",NO,PORQUE NO TIENE TIEMPO, ,SI,"",0,"",0,"", ,"",0,"",0,NA,NA,"","","","","",NA,NA,NA,NA,NA,NA,NA,NA,NA,NA,NA,NA,NA,NA,NA,NA,SI,"",NA,6,0,6,0,TELEVISION POR CABLE,NA,ALGUNAS VECES POR SEMANA,VARIAS HORAS AL DIA,NUNCA,NUNCA,NUNCA,TODOS O CASI TODOS LOS DIAS,NUNCA,DE VEZ EN CUANDO,NUNCA,2,NINGUNO,NINGUNO,SI,"", ,NA,NUNCA,NUNCA,ALGUNA VEZ CADA 3 MESES,ALGUNAS VECES AL MES,NUNCA,NUNCA,ALGUNA VEZ CADA 3 MESES,NUNCA,ALGUNAS VECES AL MES,NUNCA,NUNCA,NUNCA,NUNCA,0,0,0,NO,POR FALTA DE TIEMPO, ,SI,NA,"",0,"",0,NA, ,NA,NA,NA,NA,NA,NA,NA,NA,NA,NA,NA,NO,NA,"",0,"",0,"",0,NO,PORQUE NO APRENDI A USAR INTERNET, ,NO,SI,NO,SI,550,NA,"",0,ALGUNA VEZ AL AO O MENOS,TODOS O CASI TODOS LOS DAS,NUNCA,ALGUNA VEZ AL AO O MENOS,0,30,0,30,NUNCA,ALGUNA VEZ AL AO O MENOS,NUNCA,NUNCA,NUNCA,NUNCA,NUNCA,NUNCA,NUNCA,NUNCA,NO,NO,NO,NO,NO,NA,NA,NA,NA,NA,NO,NA, ,NA,NA,NA,NA,NA,NA,NA,,,0,0,"OBSERVA LOS CONTENIDOS, SIN HACER COMENTARIOS",NA,"","","","","","","","","","","",NINGUNA,NINGUNA,NO,1,SI,SI,700,700,0,NO,NA,,,0,0,NA,NA,NA,NA,"",0,NO,NO,SI,NO,NO,NO,NO,NO,NO,NO,NO,NO,NO,NO,NO,NO,NO,NO,NO,NO,NO,NO,NO,NO,NO,"",0,NO,"",0,NA,NA,NA,NA,NA,NA,"","",0,NO FUE NUNCA,"",HACE MAS DE 5 AOS,"",NO FUE NUNCA,"",NO FUE NUNCA,"",1 VEZ EN EL ULTIMO AO,0,NO FUE NUNCA,"",NO FUE NUNCA,"",NO FUE NUNCA,"",NO FUE NUNCA,"",NO FUE NUNCA,"",NO FUE NUNCA,"",NO FUE NUNCA,"",NO FUE NUNCA,"",NO FUE NUNCA,"",NO FUE NUNCA,"",NO FUE NUNCA,"",NO FUE NUNCA,"",NO FUE NUNCA,"",NO FUE NUNCA,"",NO FUE NUNCA,"",2,0,2,1,SECUNDARIA COMPLETA,LA PERSONA QUE FUE ENTREVISTADA,"",ES JUBILADO/PENSIONADO, ,"",DOCENTE SECUNDARIA,TRABAJADOR/OBRERO CALIFICADO. EMPLEADO ADMINISTRATIVO MEDIO,SI,NO,NO,NO,NO,SI,PROPIA,NO,NO,NO,NO,NO,BARRIO CON VIVIENDAS DISTINTAS,BARRIO CON VIVIENDAS DISTINTAS,CASA,48,D1,120,140,2.333333333,0,0,0,60,60,1,360,360,6,0,30,0.5,0,0,0,0,0,0
242,242,18706,2017-05-22T00:00:00,PATAGONIA,Varn,66,"EL ARTE, LO CULTO", ,SI,"", ,NA,NO,ALGUNOS DIAS POR SEMANA,FM,1,30,1,30,ALGUNOS DIAS POR SEMANA,ALGUNA VEZ AL AO O MENOS,NUNCA,NUNCA,NUNCA,INFORMATIVOS / NOTICIEROS,DEPORTIVOS,NA,NA,NA,NA,NA, ,1,SI,"", ,NA,ALGUNOS DIAS POR SEMANA,1,0,1,0,TODOS O CASI TODOS LOS DIAS,ALGUNOS DIAS POR SEMANA,NUNCA,ALGUNOS DIAS POR SEMANA,NUNCA,NUNCA,NUNCA,NUNCA,NUNCA,HABITUALMENTE,CASI NUNCA,CASI NUNCA,NUNCA,NUNCA,HABITUALMENTE,NUNCA,NUNCA,NUNCA,NUNCA,NUNCA,NUNCA,DE VEZ EN CUANDO,NUNCA,3 canciones,SI,ALGUNAS VECES AL MES,ALGUNA VEZ AL AO O MENOS,YOUTUBE,NA,NA,NA,NA,NA,NA, ,0,0,0,0,NO,PORQUE NO TIENE CON QUIEN IR, ,NO,NA,"",0,"",0,"",0,NO,0,NO,SI,"", ,NA,5,5,1,0,1,0,ALGUNOS DIAS POR SEMANA,0,0,0,0,ALGUNOS DIAS POR SEMANA,COMPUTADORA,NUNCA,MENOS DE UNA VEZ POR MES,ALGUNAS VECES AL MES,PRINCIPALMENTE LEE EN PAPEL O POR INTERNET SU DIARIO O DIARIOS PREFERIDOS,NO,NO,NA,"",0,"",0,"",0,NA,NO,PORQUE NO LE INTERESA, ,SI,"",0,"",0,"", ,"",0,"",0,NA,NA,"","","","","",NA,NA,NA,NA,NA,NA,NA,NA,NA,NA,NA,NA,NA,NA,NA,NA,SI,"",NA,3,0,3,0,TELEVISION POR CABLE,NA,ALGUNAS VECES POR SEMANA,VARIAS HORAS AL DIA,NUNCA,NUNCA,NUNCA,TODOS O CASI TODOS LOS DIAS,NUNCA,DE VEZ EN CUANDO,NUNCA,2,NINGUNO,NINGUNO,SI,"", ,NA,NUNCA,NUNCA,ALGUNOS DIAS POR SEMANA,NUNCA,ALGUNA VEZ CADA 3 MESES,ALGUNAS VECES AL MES,NUNCA,ALGUNA VEZ AL AO,ALGUNAS VECES AL MES,NUNCA,NUNCA,NUNCA,NUNCA,0,0,0,NO,PORQUE NO LE INTERESA, ,NO,NA,"",0,"",0,NA, ,NA,NA,NA,NA,NA,NA,NA,NA,NA,NA,NA,NO,NA,"",0,"",0,"",0,SI,"", ,NA,NA,SI,NA,"",NS/NC,NS/NC,NS/NC,ALGUNAS VECES AL MES,TODOS O CASI TODOS LOS DAS,NUNCA,NUNCA,2,NO USA,2,NO USA,NUNCA,ALGUNAS VECES AL MES,NUNCA,NUNCA,NUNCA,NUNCA,NUNCA,NUNCA,NUNCA,NUNCA,NO,NO,NO,NO,NO,NA,NA,NA,NA,NA,NO,NA, ,NA,NA,NA,NA,NA,NA,NA,,,0,0,"COMENTA, COMPARTE, PARTICIPA Y/U OPINA FRENTE A CONTENIDOS",NA,"","","","","","","","","","","",1,NINGUNA,SI,1,SI,NO,300,300,0,SI,ALGUNOS DIAS POR SEMANA,1,30,1,30,ALGUNOS DIAS POR SEMANA,NUNCA,NUNCA,NUNCA,0,0,NO,SI,NO,NO,NO,NO,NO,NO,NO,NO,SI,NO,NO,NO,NO,NO,NO,NO,NO,NO,NO,NO,NO,NO,NO,"",0,NO,"",0,NA,NA,NA,NA,NA,NA,"","",0,HACE MAS DE 5 AOS,"",1 VEZ EN EL ULTIMO AO,200,ENTRE 1 Y 5 AOS,"",ENTRE 1 Y 5 AOS,"",1 VEZ EN EL ULTIMO AO,50,ENTRE 1 Y 5 AOS,"",NO FUE NUNCA,"",NO FUE NUNCA,"",NO FUE NUNCA,"",ENTRE 1 Y 5 AOS,"",ENTRE 1 Y 5 AOS,"",ENTRE 1 Y 5 AOS,"",ENTRE 1 Y 5 AOS,"",HACE MAS DE 5 AOS,"",NO FUE NUNCA,"",NO FUE NUNCA,"",NO FUE NUNCA,"",NO FUE NUNCA,"",1 VEZ EN EL ULTIMO AO,0,NO FUE NUNCA,"",3,0,1,2,PRIMARIA COMPLETA,LA PERSONA QUE FUE ENTREVISTADA,"",ES JUBILADO/PENSIONADO, ,"",REMISERA,"OFICIO MENOR, OBRERO NO CALIFICADO/ SERVICIO DOMESTICO",SI,SI,SI,NO,NO,SI,PROPIA,NO,NO,NO,NO,NO,BARRIO CON VIVIENDAS DISTINTAS,BARRIO CON VIVIENDAS DISTINTAS,CASA,44,D1,60,90,1.5,60,60,1,60,60,1,180,180,3,120,120,2,0,0,0,60,90,1.5
243,243,9874,2017-05-22T00:00:00,PATAGONIA,Varn,18,"LA FORMA DE PENSAR, IDEOLOGIA, VALORES", ,SI,"", ,NA,NO,ALGUNOS DIAS POR SEMANA,FM,0,30,0,30,ALGUNOS DIAS POR SEMANA,NUNCA,NUNCA,ALGUNOS DIAS POR SEMANA,NUNCA,MUSICALES,NA,NA,NA,NA,NA,NA, ,0,SI,"", ,NA,ALGUNOS DIAS POR SEMANA,1,0,1,0,NUNCA,NUNCA,ALGUNAS VECES AL MES,ALGUNOS DIAS POR SEMANA,NUNCA,NUNCA,NUNCA,NUNCA,NUNCA,NUNCA,NUNCA,DE VEZ EN CUANDO,NUNCA,NUNCA,HABITUALMENTE,HABITUALMENTE,CASI NUNCA,NUNCA,NUNCA,NUNCA,NUNCA,NUNCA,NUNCA,10 canciones,SI,TODOS O CASI TODOS LOS DIAS,ALGUNA VEZ AL AO O MENOS,YOUTUBE,NA,NA,NA,NA,NA,NA, ,0,0,0,0,SI,"", ,NA,ALGUNA VEZ AL AO O MENOS,1,1,1,1,NS/NC,NS/NC,SI,3,NO,NO,PORQUE NO LE INTERESAN LOS DIARIOS, ,NO,"",0,,,0,0,NA,"",0,"",0,NA,NA,NA,NA,NA,NA,NO,NO,NA,"",0,"",0,"",0,NA,NO,PORQUE NO LE INTERESA, ,NO,"",0,"",0,"", ,"",0,"",0,NA,NA,"","","","","",NA,NA,NA,NA,NA,NA,NA,NA,NA,NA,NA,NA,NA,NA,NA,NA,SI,"",NA,2,0,2,0,TELEVISION POR CABLE,NA,ALGUNAS VECES POR SEMANA,VARIAS HORAS AL DIA,ALGUNOS DIAS POR SEMANA,NUNCA,NUNCA,TODOS O CASI TODOS LOS DIAS,NUNCA,DE VEZ EN CUANDO,NUNCA,2,NINGUNO,NINGUNO,SI,"", ,NA,ALGUNA VEZ AL AO,NUNCA,ALGUNA VEZ AL AO,NUNCA,NUNCA,ALGUNOS DIAS POR SEMANA,ALGUNA VEZ CADA 3 MESES,ALGUNA VEZ AL AO,ALGUNOS DIAS POR SEMANA,NUNCA,NUNCA,ALGUNA VEZ AL AO,NUNCA,0,0,0,NO,PORQUE IR AL CINE ES MUY CARO, ,NO,NA,"",0,"",0,NA, ,NA,NA,NA,NA,NA,NA,NA,NA,NA,NA,NA,NO,NA,"",0,"",0,"",0,SI,"", ,NA,NA,SI,NA,"","NO, ES SOLO LO QUE PAGO DE INTERNET",NS/NC,NS/NC,TODOS O CASI TODOS LOS DAS,TODOS O CASI TODOS LOS DAS,NUNCA,ALGUNAS VECES AL MES,9,NO USA,9,NO USA,NUNCA,ALGUNA VEZ AL AO O MENOS,ALGUNAS VECES AL MES,NUNCA,NUNCA,NUNCA,NUNCA,NUNCA,NUNCA,NUNCA,SI,NO,NO,NO,NO,TODOS O CASI TODOS LOS DAS,NA,NA,NA,NA,NO,NA, ,NUNCA,ALGUNA VEZ AL AO O MENOS,ALGUNA VEZ AL AO O MENOS,NUNCA,NUNCA,ALGUNA VEZ CADA 3 MESES,NUNCA,1,30,1,30,"COMENTA, COMPARTE, PARTICIPA Y/U OPINA FRENTE A CONTENIDOS",NA,"","","","","","","","","","","",1,NINGUNA,SI,1,SI,NO,NS/NC,NS/NC,0,NO,NA,,,0,0,NA,NA,NA,NA,"",0,NO,NO,NO,NO,NO,NO,NO,NO,NO,NA,NA,NA,NA,NA,NA,NA,NA,NA,NA,SI,NO,NO,NO,NO,NO,"",0,NO,"",0,NA,NA,NA,NA,NA,NA,"","",0,HACE MAS DE 5 AOS,"",NO FUE NUNCA,"",NO FUE NUNCA,"",HACE MAS DE 5 AOS,"",NO FUE NUNCA,"",NO FUE NUNCA,"",NO FUE NUNCA,"",NO FUE NUNCA,"",NO FUE NUNCA,"",NO FUE NUNCA,"",NO FUE NUNCA,"",NO FUE NUNCA,"",NO FUE NUNCA,"",NO FUE NUNCA,"",NO FUE NUNCA,"",NO FUE NUNCA,"",NO FUE NUNCA,"",NO FUE NUNCA,"",NO FUE NUNCA,"",NO FUE NUNCA,"",5,2,0,3,SECUNDARIA INCOMPLETA,OTRO MIEMBRO DEL HOGAR,SECUNDARIA COMPLETA,TRABAJA,LIMPIEZA EN MUNICIPALIDAD,"OFICIO MENOR, OBRERO NO CALIFICADO/ SERVICIO DOMESTICO", ,"",SI,SI,SI,NO,NO,SI,PROPIA,NO,NO,NO,NO,NO,BARRIO CON VIVIENDAS DISTINTAS,BARRIO CON VIVIENDAS DISTINTAS,CASA,56,C3,0,30,0.5,60,60,1,0,0,0,120,120,2,540,540,9,60,90,1.5,0,0,0
244,244,14541,2017-05-22T00:00:00,PATAGONIA,Varn,26,"LA TRADICION, LA HISTORIA", ,SI,"", ,NA,NO,ALGUNOS DIAS POR SEMANA,FM,0,45,0,45,NUNCA,ALGUNOS DIAS POR SEMANA,NUNCA,NUNCA,NUNCA,INFORMATIVOS / NOTICIEROS,MUSICALES,NA,NA,NA,NA,NA, ,1,SI,"", ,NA,TODOS O CASI TODOS LOS DIAS,1,0,1,0,NUNCA,ALGUNOS DIAS POR SEMANA,ALGUNOS DIAS POR SEMANA,ALGUNOS DIAS POR SEMANA,NUNCA,NUNCA,NUNCA,NUNCA,NUNCA,NUNCA,HABITUALMENTE,DE VEZ EN CUANDO,DE VEZ EN CUANDO,NUNCA,DE VEZ EN CUANDO,DE VEZ EN CUANDO,NUNCA,NUNCA,DE VEZ EN CUANDO,DE VEZ EN CUANDO,DE VEZ EN CUANDO,NUNCA,DE VEZ EN CUANDO,1 cancin,SI,ALGUNOS DIAS POR SEMANA,ALGUNA VEZ AL AO O MENOS,YOUTUBE,NA,NA,NA,NA,NA,NA, ,0,0,0,0,NO,PORQUE NO TIENE CON QUIEN IR, ,SI,NA,"",0,"",0,"",0,SI,1,SI,NO,PORQUE NO LE GUSTA LEER DIARIOS, ,NO,"",0,,,0,0,NA,"",0,"",0,NA,NA,NA,NA,NA,NA,NO,NO,NA,"",0,"",0,"",0,NA,NO,PORQUE NO LE INTERESA, ,NO,"",0,"",0,"", ,"",0,"",0,NA,NA,"","","","","",NA,NA,NA,NA,NA,NA,NA,NA,NA,NA,NA,NA,NA,NA,NA,NA,SI,"",NA,3,40,3,40,TELEVISION POR CABLE,NA,UNA HORA O MENOS AL DIA,VARIAS HORAS AL DIA,ALGUNOS DIAS POR SEMANA,ALGUNOS DIAS POR SEMANA,NUNCA,TODOS O CASI TODOS LOS DIAS,NUNCA,DE VEZ EN CUANDO,CASI NUNCA,3,1,1,SI,"", ,NA,NUNCA,ALGUNOS DIAS POR SEMANA,NUNCA,ALGUNOS DIAS POR SEMANA,ALGUNOS DIAS POR SEMANA,ALGUNOS DIAS POR SEMANA,ALGUNOS DIAS POR SEMANA,ALGUNOS DIAS POR SEMANA,ALGUNOS DIAS POR SEMANA,NUNCA,NUNCA,ALGUNOS DIAS POR SEMANA,NUNCA,0,0,0,SI,"", ,NA,TODOS O CASI TODOS LOS MESES,3,3,0,0,VIO LOS AVANCES EN EL CINE, ,DE VEZ EN CUANDO,NUNCA,CASI NUNCA,CASI NUNCA,DE VEZ EN CUANDO,NUNCA,NUNCA,NUNCA,NUNCA,NUNCA,DE VEZ EN CUANDO,NO,NA,"",0,"",0,"",0,SI,"", ,NA,NA,SI,NA,"",INCLUYE CABLE,900,900,TODOS O CASI TODOS LOS DAS,TODOS O CASI TODOS LOS DAS,NUNCA,ALGUNOS DIAS POR SEMANA,3,NO USA,3,NO USA,ALGUNAS VECES AL MES,ALGUNOS DIAS POR SEMANA,NUNCA,ALGUNA VEZ AL AO O MENOS,NUNCA,NUNCA,NUNCA,NUNCA,NUNCA,ALGUNA VEZ AL AO O MENOS,SI,NO,NO,NO,NO,TODOS O CASI TODOS LOS DAS,NA,NA,NA,NA,NO,NA, ,NUNCA,ALGUNA VEZ AL AO O MENOS,NUNCA,NUNCA,NUNCA,ALGUNAS VECES AL MES,NUNCA,1,30,1,30,"COMENTA, COMPARTE, PARTICIPA Y/U OPINA FRENTE A CONTENIDOS",NA,"","","","","","","","","","","",4,NINGUNA,NO,1,SI,SI,320,320,0,NO,NA,,,0,0,NA,NA,NA,NA,"",0,NO,NO,NO,NO,NO,NO,NO,NO,NO,NA,NA,NA,NA,NA,NA,NA,NA,NA,NA,SI,NO,NO,NO,NO,NO,"",0,NO,"",0,NA,NA,NA,NA,NA,NA,"","",0,HACE MAS DE 5 AOS,"",NO FUE NUNCA,"",HACE MAS DE 5 AOS,"",NO FUE NUNCA,"",ENTRE 1 Y 5 AOS,"",ENTRE 1 Y 5 AOS,"",NO FUE NUNCA,"",HACE MAS DE 5 AOS,"",NO FUE NUNCA,"",NO FUE NUNCA,"",NO FUE NUNCA,"",NO FUE NUNCA,"",NO FUE NUNCA,"",NO FUE NUNCA,"",NO FUE NUNCA,"",NO FUE NUNCA,"",NO FUE NUNCA,"",NO FUE NUNCA,"",ENTRE 1 Y 5 AOS,"",NO FUE NUNCA,"",5,2,0,2,SECUNDARIA COMPLETA,LA PERSONA QUE FUE ENTREVISTADA,"",TRABAJA,TOPOGRAFO MEDICION DE TERRENO MUNICIPAL,TECNICO ESPECIALIZADO. COMERCIANTE. SUPERVISOR / JEFE / CAP, ,"",SI,SI,SI,NO,SI,SI,PROPIA,SI,NO,NO,NO,NO,BARRIO CENTRICO CON PREDOMINIO DE EDIFICIOS DE DEPARTAMENTO,BARRIO CENTRICO CON PREDOMINIO DE EDIFICIOS DE DEPARTAMENTO,CASA,72,C2,0,45,0.75,60,60,1,0,0,0,180,220,3.666666667,180,180,3,60,90,1.5,0,0,0
245,245,8809,2017-05-23T00:00:00,PATAGONIA,Mujer,20,"HABITOS, COSTUMBRES, COMPORTAMIENTOS", ,SI,"", ,NA,NO,ALGUNOS DIAS POR SEMANA,FM,1,0,1,0,NUNCA,NUNCA,NUNCA,ALGUNOS DIAS POR SEMANA,NUNCA,MUSICALES,NA,NA,NA,NA,NA,NA, ,1,SI,"", ,NA,TODOS O CASI TODOS LOS DIAS,1,30,1,30,NUNCA,ALGUNOS DIAS POR SEMANA,TODOS O CASI TODOS LOS DIAS,TODOS O CASI TODOS LOS DIAS,NUNCA,NUNCA,NUNCA,NUNCA,NUNCA,CASI NUNCA,DE VEZ EN CUANDO,HABITUALMENTE,NUNCA,CASI NUNCA,NUNCA,CASI NUNCA,NUNCA,NUNCA,CASI NUNCA,CASI NUNCA,NUNCA,NUNCA,NUNCA,6 canciones,SI,TODOS O CASI TODOS LOS DIAS,ALGUNAS VECES AL MES,SPOTIFY,YOUTUBE,NA,NA,NA,NA,NA, ,NS/NC,0,0,0,NO,PORQUE NO LE INTERESA, ,NO,NA,"",0,"",0,"",0,NO,0,NO,NO,PORQUE NO LE INTERESAN LOS DIARIOS, ,NO,"",0,,,0,0,NA,"",0,"",0,NA,NA,NA,NA,NA,NA,NO,NO,NA,"",0,"",0,"",0,NA,SI,"", ,NA,10,10,0,0,PORQUE ESTABA EN SU CASA, ,0,0,0,0,ALGUNOS DIAS POR SEMANA,"NO LEYO LIBROS EN PANTALLA, SOLO EN PAPEL","","","","","",NUNCA,CASI NUNCA,DE VEZ EN CUANDO,NUNCA,DE VEZ EN CUANDO,NUNCA,NUNCA,NUNCA,NUNCA,NUNCA,NUNCA,NUNCA,NUNCA,NUNCA,NUNCA,NUNCA,SI,"",NA,1,30,1,30,TELEVISION POR CABLE,NA,ALGUNAS VECES POR SEMANA,VARIAS HORAS AL DIA,ALGUNAS VECES AL MES,NUNCA,NUNCA,ALGUNOS DIAS POR SEMANA,NUNCA,DE VEZ EN CUANDO,CASI NUNCA,2,NINGUNO,NINGUNO,SI,"", ,NA,ALGUNOS DIAS POR SEMANA,TODOS O CASI TODOS LOS DIAS,ALGUNOS DIAS POR SEMANA,TODOS O CASI TODOS LOS DIAS,TODOS O CASI TODOS LOS DIAS,ALGUNOS DIAS POR SEMANA,ALGUNA VEZ CADA 3 MESES,ALGUNA VEZ AL AO,ALGUNAS VECES AL MES,NUNCA,NUNCA,ALGUNOS DIAS POR SEMANA,NUNCA,0,0,0,NO,PORQUE NO TENGO NINGUNO CERCA, ,SI,NA,"",0,"",0,NA, ,NA,NA,NA,NA,NA,NA,NA,NA,NA,NA,NA,NO,NA,"",0,"",0,"",0,SI,"", ,NA,NA,SI,NA,"","NO, ES SOLO LO QUE PAGO DE INTERNET",600,600,TODOS O CASI TODOS LOS DAS,TODOS O CASI TODOS LOS DAS,ALGUNOS DIAS POR SEMANA,NUNCA,3,30,3,30,ALGUNAS VECES AL MES,ALGUNAS VECES AL MES,ALGUNOS DIAS POR SEMANA,NUNCA,NUNCA,NUNCA,NUNCA,NUNCA,NUNCA,NUNCA,SI,NO,NO,NO,NO,TODOS O CASI TODOS LOS DAS,NA,NA,NA,NA,NO,NA, ,NUNCA,ALGUNA VEZ AL AO O MENOS,NUNCA,NUNCA,NUNCA,ALGUNOS DIAS POR SEMANA,NUNCA,1,0,1,0,"OBSERVA LOS CONTENIDOS, SIN HACER COMENTARIOS",NA,"","","","","","","","","","","",1,1,NO,1,SI,NO,300,300,0,NO,NA,,,0,0,NA,NA,NA,NA,"",0,NO,NO,NO,NO,NO,NO,NO,NO,NO,NA,NA,NA,NA,NA,NA,NA,NA,NA,NA,SI,NO,NO,NO,NO,NO,"",0,NO,"",0,NA,NA,NA,NA,NA,NA,"","",0,HACE MAS DE 5 AOS,"",NO FUE NUNCA,"",HACE MAS DE 5 AOS,"",NO FUE NUNCA,"",NO FUE NUNCA,"",HACE MAS DE 5 AOS,"",NO FUE NUNCA,"",NO FUE NUNCA,"",NO FUE NUNCA,"",HACE MAS DE 5 AOS,"",NO FUE NUNCA,"",NO FUE NUNCA,"",NO FUE NUNCA,"",NO FUE NUNCA,"",NO FUE NUNCA,"",NO FUE NUNCA,"",NO FUE NUNCA,"",NO FUE NUNCA,"",NO FUE NUNCA,"",NO FUE NUNCA,"",4,2,0,2,SECUNDARIA COMPLETA,OTRO MIEMBRO DEL HOGAR,SECUNDARIA COMPLETA,TRABAJA,DOCENTE,TRABAJADOR/OBRERO CALIFICADO. EMPLEADO ADMINISTRATIVO MEDIO, ,"",SI,SI,NO,SI,NO,SI,PROPIA,NO,NO,NO,NO,NO,BARRIO CON VIVIENDAS DISTINTAS,BARRIO CON VIVIENDAS DISTINTAS,CASA,62,C3,60,60,1,60,90,1.5,0,0,0,60,90,1.5,180,210,3.5,60,60,1,0,0,0
246,246,14028,2017-05-22T00:00:00,PATAGONIA,Mujer,32,"EL ARTE, LO CULTO", ,NO,PORQUE NO TIENE EQUIPOS DE RADIO, ,SI,NA,NA,NA,,,0,0,NA,NA,NA,NA,NA,NA,NA,NA,NA,NA,NA,NA, ,0,SI,"", ,NA,ALGUNAS VECES AL MES,1,0,1,0,NUNCA,ALGUNAS VECES AL MES,NUNCA,ALGUNAS VECES AL MES,NUNCA,NUNCA,NUNCA,NUNCA,NUNCA,NUNCA,NUNCA,NUNCA,NUNCA,NUNCA,DE VEZ EN CUANDO,DE VEZ EN CUANDO,NUNCA,NUNCA,DE VEZ EN CUANDO,NUNCA,NUNCA,NUNCA,NUNCA,5 canciones,SI,ALGUNAS VECES AL MES,NUNCA,YOUTUBE,NA,NA,NA,NA,NA,NA, ,0,0,0,0,NO,PORQUE NO LE INTERESA, ,NO,NA,"",0,"",0,"",0,NO,0,NO,NO,PORQUE NO LE GUSTA LEER DIARIOS, ,NO,"",0,,,0,0,NA,"",0,"",0,NA,NA,NA,NA,NA,NA,NO,SI,NA,"",0,"",0,"",0,NA,SI,"", ,NA,2,2,2,2,LO HABIA VISTO EN UNA PUBLICIDAD, ,1,1,200,200,ALGUNAS VECES AL MES,"NO LEYO LIBROS EN PANTALLA, SOLO EN PAPEL","","","","","",CASI NUNCA,CASI NUNCA,NUNCA,NUNCA,DE VEZ EN CUANDO,NUNCA,NUNCA,NUNCA,NUNCA,NUNCA,NUNCA,NUNCA,NUNCA,NUNCA,NUNCA,NUNCA,SI,"",NA,4,0,4,0,TELEVISION POR CABLE,NA,ALGUNAS VECES POR SEMANA,VARIAS HORAS AL DIA,NUNCA,NUNCA,NUNCA,TODOS O CASI TODOS LOS DIAS,NUNCA,DE VEZ EN CUANDO,CASI NUNCA,1,NINGUNO,NINGUNO,SI,"", ,NA,ALGUNOS DIAS POR SEMANA,TODOS O CASI TODOS LOS DIAS,ALGUNAS VECES AL MES,ALGUNA VEZ AL AO,ALGUNA VEZ AL AO,ALGUNOS DIAS POR SEMANA,TODOS O CASI TODOS LOS DIAS,ALGUNA VEZ AL AO,ALGUNAS VECES AL MES,NUNCA,NUNCA,NUNCA,NUNCA,0,0,0,NO,PORQUE IR AL CINE ES MUY CARO, ,SI,NA,"",0,"",0,NA, ,NA,NA,NA,NA,NA,NA,NA,NA,NA,NA,NA,NO,NA,"",0,"",0,"",0,SI,"", ,NA,NA,NO,SI,NS/NC,NA,"",0,ALGUNA VEZ CADA 3 MESES,TODOS O CASI TODOS LOS DAS,NUNCA,NUNCA,2,NO USA,2,NO USA,ALGUNA VEZ AL AO O MENOS,ALGUNOS DIAS POR SEMANA,NUNCA,NUNCA,NUNCA,NUNCA,NUNCA,NUNCA,NUNCA,NUNCA,SI,NO,NO,NO,NO,TODOS O CASI TODOS LOS DAS,NA,NA,NA,NA,NO,NA, ,NUNCA,NUNCA,NUNCA,NUNCA,NUNCA,ALGUNAS VECES AL MES,ALGUNA VEZ AL AO O MENOS,0,30,0,30,"OBSERVA LOS CONTENIDOS, SIN HACER COMENTARIOS",NA,"","","","","","","","","","","",1,NINGUNA,NO,1,SI,SI,300,300,0,NO,NA,,,0,0,NA,NA,NA,NA,"",0,NO,NO,NO,NO,NO,NO,NO,NO,NO,NA,NA,NA,NA,NA,NA,NA,NA,NA,NA,NO,NO,NO,NO,NO,NO,"",0,NO,"",0,NA,NA,NA,NA,NA,NA,"","",0,HACE MAS DE 5 AOS,"",NO FUE NUNCA,"",NO FUE NUNCA,"",NO FUE NUNCA,"",1 VEZ EN EL ULTIMO AO,200,NO FUE NUNCA,"",NO FUE NUNCA,"",HACE MAS DE 5 AOS,"",NO FUE NUNCA,"",NO FUE NUNCA,"",NO FUE NUNCA,"",NO FUE NUNCA,"",NO FUE NUNCA,"",NO FUE NUNCA,"",NO FUE NUNCA,"",NO FUE NUNCA,"",NO FUE NUNCA,"",NO FUE NUNCA,"",NO FUE NUNCA,"",NO FUE NUNCA,"",4,2,0,2,SECUNDARIA COMPLETA,OTRO MIEMBRO DEL HOGAR,TERCIARIO COMPLETO,TRABAJA,PROFESOR SECUNDARIO,TRABAJADOR/OBRERO CALIFICADO. EMPLEADO ADMINISTRATIVO MEDIO, ,"",SI,NO,SI,NO,NO,SI,ALQUILADA,SI,NO,NO,NO,NO,BARRIO CON VIVIENDAS DISTINTAS,BARRIO CON VIVIENDAS DISTINTAS,CASA,68,C3,0,0,0,60,60,1,0,0,0,240,240,4,120,120,2,0,30,0.5,0,0,0
247,247,42084,2017-05-22T00:00:00,PATAGONIA,Mujer,48,"EL ARTE, LO CULTO", ,SI,"", ,NA,SI,TODOS O CASI TODOS LOS DIAS,FM,2,8,2,8,NUNCA,NUNCA,ALGUNA VEZ AL AO O MENOS,TODOS O CASI TODOS LOS DIAS,NUNCA,INFORMATIVOS / NOTICIEROS,CHIMENTOS,ACTUALIDAD / MAGAZINE,NA,NA,NA,NA, ,2,SI,"", ,NA,TODOS O CASI TODOS LOS DIAS,2,30,2,30,NUNCA,NUNCA,ALGUNA VEZ AL AO O MENOS,TODOS O CASI TODOS LOS DIAS,NUNCA,NUNCA,NUNCA,NUNCA,TODOS O CASI TODOS LOS DIAS,NUNCA,NUNCA,DE VEZ EN CUANDO,NUNCA,NUNCA,HABITUALMENTE,HABITUALMENTE,DE VEZ EN CUANDO,HABITUALMENTE,HABITUALMENTE,DE VEZ EN CUANDO,NUNCA,NUNCA,DE VEZ EN CUANDO,4 canciones,SI,TODOS O CASI TODOS LOS DIAS,ALGUNAS VECES AL MES,YOUTUBE,ARES,NA,NA,NA,NA,NA, ,0,0,0,0,NO,PORQUE NO LE INTERESA, ,NO,NA,"",0,"",0,"",0,NO,0,NO,SI,"", ,NA,1,1,0,20,0,20,ALGUNAS VECES AL MES,1,1,15,15,"NO LEYO DIARIOS EN PANTALLA, SOLO EN PAPEL",NA,ALGUNAS VECES AL MES,NUNCA,TODOS O CASI TODOS LOS DIAS,PRINCIPALMENTE LEE EN PAPEL O POR INTERNET SU DIARIO O DIARIOS PREFERIDOS,NO,NO,NA,"",0,"",0,"",0,NA,NO,PORQUE NO TIENE TIEMPO, ,SI,"",0,"",0,"", ,"",0,"",0,NA,NA,"","","","","",NA,NA,NA,NA,NA,NA,NA,NA,NA,NA,NA,NA,NA,NA,NA,NA,SI,"",NA,8,0,8,0,TELEVISION POR CABLE,NA,ALGUNAS VECES POR SEMANA,VARIAS HORAS AL DIA,NUNCA,NUNCA,NUNCA,TODOS O CASI TODOS LOS DIAS,NUNCA,DE VEZ EN CUANDO,CASI NUNCA,4,3,3,SI,"", ,NA,ALGUNOS DIAS POR SEMANA,ALGUNOS DIAS POR SEMANA,ALGUNOS DIAS POR SEMANA,NUNCA,NUNCA,ALGUNOS DIAS POR SEMANA,TODOS O CASI TODOS LOS DIAS,ALGUNAS VECES AL MES,ALGUNOS DIAS POR SEMANA,NUNCA,ALGUNA VEZ CADA 3 MESES,ALGUNOS DIAS POR SEMANA,ALGUNA VEZ AL AO,0,1,30,SI,"", ,NA,ALGUNA VEZ AL AO O MENOS,1,1,0,0,VIO O ESCUCHO EN UNA PUBLICIDAD, ,NUNCA,NUNCA,NUNCA,CASI NUNCA,NUNCA,DE VEZ EN CUANDO,DE VEZ EN CUANDO,NUNCA,CASI NUNCA,CASI NUNCA,NUNCA,NO,NA,"",0,"",0,"",0,SI,"", ,NA,NA,SI,NA,"","NO, ES SOLO LO QUE PAGO DE INTERNET",380,380,ALGUNOS DIAS POR SEMANA,TODOS O CASI TODOS LOS DAS,NUNCA,ALGUNOS DIAS POR SEMANA,2,30,2,30,ALGUNOS DIAS POR SEMANA,ALGUNOS DIAS POR SEMANA,NUNCA,NUNCA,NUNCA,NUNCA,NUNCA,NUNCA,NUNCA,ALGUNA VEZ AL AO O MENOS,SI,SI,SI,NO,NO,TODOS O CASI TODOS LOS DAS,TODOS O CASI TODOS LOS DAS,TODOS O CASI TODOS LOS DAS,NA,NA,NO,NA, ,NUNCA,ALGUNA VEZ AL AO O MENOS,NUNCA,NUNCA,NUNCA,ALGUNAS VECES AL MES,ALGUNA VEZ AL AO O MENOS,1,0,1,0,"OBSERVA LOS CONTENIDOS, SIN HACER COMENTARIOS",NA,"","","","","","","","","","","",2,NINGUNA,NO,1,SI,SI,400,400,0,SI,NS/NC,1,0,1,0,ALGUNOS DIAS POR SEMANA,ALGUNA VEZ AL AO O MENOS,NUNCA,NUNCA,0,0,SI,NO,NO,NO,NO,NO,NO,NO,NO,NO,NO,NO,NO,NO,NO,NO,NO,NO,NO,NO,NO,NO,NO,NO,NO,"",0,NO,"",0,NA,NA,NA,NA,NA,NA,"","",0,1 VEZ EN EL ULTIMO AO,200,NO FUE NUNCA,"",1 VEZ EN EL ULTIMO AO,150,NO FUE NUNCA,"",HACE MAS DE 5 AOS,"",HACE MAS DE 5 AOS,"",NO FUE NUNCA,"",1 VEZ EN EL ULTIMO AO,0,NO FUE NUNCA,"",1 VEZ EN EL ULTIMO AO,300,1 VEZ EN EL ULTIMO AO,0,NO FUE NUNCA,"",NO FUE NUNCA,"",NO FUE NUNCA,"",NO FUE NUNCA,"",NO FUE NUNCA,"",NO FUE NUNCA,"",NO FUE NUNCA,"",HACE MAS DE 5 AOS,"",NO FUE NUNCA,"",7,1,0,3,PRIMARIA COMPLETA,LA PERSONA QUE FUE ENTREVISTADA,"",TRABAJA,INSPECTORA DE COMERCIOS BROMATOLOGIA CONTROL DE HIGIENE,TECNICO ESPECIALIZADO. COMERCIANTE. SUPERVISOR / JEFE / CAP, ,"",SI,SI,SI,NO,SI,SI,PROPIA,SI,NO,NO,NO,SI,BARRIO CON VIVIENDAS DISTINTAS,BARRIO CON VIVIENDAS DISTINTAS,CASA,60,C3,120,128,2.133333333,120,150,2.5,0,20,0.333333333,480,480,8,120,150,2.5,60,60,1,60,60,1
248,248,9694,2017-05-22T00:00:00,PATAGONIA,Varn,30,OTRO,PAISAJES,SI,"", ,NA,SI,ALGUNOS DIAS POR SEMANA,FM,0,45,0,45,NUNCA,ALGUNA VEZ CADA 3 MESES,NUNCA,ALGUNOS DIAS POR SEMANA,NUNCA,INFORMATIVOS / NOTICIEROS,NA,NA,NA,NA,NA,NA, ,0,SI,"", ,NA,ALGUNOS DIAS POR SEMANA,0,30,0,30,ALGUNOS DIAS POR SEMANA,ALGUNA VEZ AL AO O MENOS,ALGUNA VEZ AL AO O MENOS,ALGUNOS DIAS POR SEMANA,NUNCA,NUNCA,NUNCA,NUNCA,NUNCA,NUNCA,DE VEZ EN CUANDO,DE VEZ EN CUANDO,NUNCA,NUNCA,DE VEZ EN CUANDO,NUNCA,NUNCA,NUNCA,NUNCA,NUNCA,NUNCA,NUNCA,CASI NUNCA,4 canciones,SI,ALGUNOS DIAS POR SEMANA,ALGUNA VEZ AL AO O MENOS,YOUTUBE,TARINGA,NA,NA,NA,NA,NA, ,0,0,0,0,SI,"", ,NA,ALGUNA VEZ AL AO O MENOS,1,1,1,1,NS/NC,NS/NC,NO,0,NO,SI,"", ,NA,1,1,0,14,0,14,"NO LEYO DIARIOS EN PAPEL, SOLO EN PANTALLA","",0,"",0,TODOS O CASI TODOS LOS DIAS,CELULAR,NUNCA,NUNCA,TODOS O CASI TODOS LOS DIAS,PRINCIPALMENTE LEE ARTICULOS Y NOTICIAS DE DISTINTOS MEDIOS,NO,NO,NA,"",0,"",0,"",0,NA,NO,PORQUE NO TIENE TIEMPO, ,NO,"",0,"",0,"", ,"",0,"",0,NA,NA,"","","","","",NA,NA,NA,NA,NA,NA,NA,NA,NA,NA,NA,NA,NA,NA,NA,NA,SI,"",NA,5,0,5,0,TELEVISION POR CABLE,NA,ALGUNAS VECES POR SEMANA,VARIAS HORAS AL DIA,ALGUNOS DIAS POR SEMANA,NUNCA,ALGUNOS DIAS POR SEMANA,TODOS O CASI TODOS LOS DIAS,NUNCA,DE VEZ EN CUANDO,CASI NUNCA,2,NINGUNO,NINGUNO,SI,"", ,NA,ALGUNAS VECES AL MES,ALGUNOS DIAS POR SEMANA,TODOS O CASI TODOS LOS DIAS,ALGUNOS DIAS POR SEMANA,ALGUNOS DIAS POR SEMANA,ALGUNOS DIAS POR SEMANA,ALGUNOS DIAS POR SEMANA,ALGUNAS VECES AL MES,TODOS O CASI TODOS LOS DIAS,NUNCA,NUNCA,ALGUNOS DIAS POR SEMANA,ALGUNOS DIAS POR SEMANA,0,0,0,SI,"", ,NA,TODAS O CASI TODAS LAS SEMANAS,60,60,35,35,VIO LOS AVANCES EN EL CINE, ,HABITUALMENTE,CASI NUNCA,HABITUALMENTE,DE VEZ EN CUANDO,DE VEZ EN CUANDO,CASI NUNCA,HABITUALMENTE,DE VEZ EN CUANDO,DE VEZ EN CUANDO,NUNCA,CASI NUNCA,NO,NA,"",0,"",0,"",0,SI,"", ,NA,NA,SI,NA,"","NO, ES SOLO LO QUE PAGO DE INTERNET",580,580,ALGUNOS DIAS POR SEMANA,TODOS O CASI TODOS LOS DAS,ALGUNOS DIAS POR SEMANA,NUNCA,3,NO USA,3,NO USA,ALGUNOS DIAS POR SEMANA,TODOS O CASI TODOS LOS DAS,NUNCA,NUNCA,NUNCA,ALGUNOS DIAS POR SEMANA,NUNCA,NUNCA,NUNCA,ALGUNA VEZ AL AO O MENOS,SI,SI,NO,NO,NO,TODOS O CASI TODOS LOS DAS,TODOS O CASI TODOS LOS DAS,NA,NA,NA,NO,NA, ,ALGUNA VEZ AL AO O MENOS,NUNCA,NUNCA,NUNCA,NUNCA,ALGUNAS VECES AL MES,ALGUNA VEZ CADA 3 MESES,1,0,1,0,"OBSERVA LOS CONTENIDOS, SIN HACER COMENTARIOS",NA,"","","","","","","","","","","",1,1,NO,1,SI,SI,NS/NC,NS/NC,0,NO,NA,,,0,0,NA,NA,NA,NA,"",0,NO,NO,NO,NO,NO,NO,NO,NO,NO,NA,NA,NA,NA,NA,NA,NA,NA,NA,NA,NO,NO,NO,NO,NO,NO,"",0,NO,"",0,NA,NA,NA,NA,NA,NA,"","",0,NO FUE NUNCA,"",NO FUE NUNCA,"",HACE MAS DE 5 AOS,"",HACE MAS DE 5 AOS,"",NO FUE NUNCA,"",HACE MAS DE 5 AOS,"",NO FUE NUNCA,"",NO FUE NUNCA,"",NO FUE NUNCA,"",ENTRE 1 Y 5 AOS,"",NO FUE NUNCA,"",NO FUE NUNCA,"",NO FUE NUNCA,"",NO FUE NUNCA,"",NO FUE NUNCA,"",NO FUE NUNCA,"",NO FUE NUNCA,"",NO FUE NUNCA,"",NO FUE NUNCA,"",NO FUE NUNCA,"",3,1,0,2,SECUNDARIA INCOMPLETA,LA PERSONA QUE FUE ENTREVISTADA,"",TRABAJA,EMPLEADA MUNICIPAL TAREAS DE MANTENIMIENTO,"OFICIO MENOR, OBRERO NO CALIFICADO/ SERVICIO DOMESTICO", ,"",SI,SI,SI,NO,SI,SI,PROPIA,NO,NO,NO,NO,NO,BARRIO CON VIVIENDAS DISTINTAS,BARRIO CON VIVIENDAS DISTINTAS,CASA,54,C3,0,45,0.75,0,30,0.5,0,14,0.233333333,300,300,5,180,180,3,60,60,1,0,0,0
249,249,10007,2017-05-22T00:00:00,PATAGONIA,Mujer,18,OTRO,EL IDIOMA,SI,"", ,NA,NO,ALGUNOS DIAS POR SEMANA,FM,2,0,2,0,ALGUNOS DIAS POR SEMANA,ALGUNOS DIAS POR SEMANA,NUNCA,NUNCA,NUNCA,MUSICALES,NA,NA,NA,NA,NA,NA, ,1,SI,"", ,NA,TODOS O CASI TODOS LOS DIAS,2,0,2,0,NUNCA,ALGUNOS DIAS POR SEMANA,ALGUNOS DIAS POR SEMANA,ALGUNOS DIAS POR SEMANA,NUNCA,NUNCA,NUNCA,NUNCA,ALGUNAS VECES AL MES,DE VEZ EN CUANDO,DE VEZ EN CUANDO,DE VEZ EN CUANDO,NUNCA,NUNCA,DE VEZ EN CUANDO,DE VEZ EN CUANDO,NUNCA,CASI NUNCA,DE VEZ EN CUANDO,DE VEZ EN CUANDO,DE VEZ EN CUANDO,NUNCA,NUNCA,4 canciones,SI,ALGUNOS DIAS POR SEMANA,ALGUNA VEZ AL AO O MENOS,YOUTUBE,NA,NA,NA,NA,NA,NA, ,0,0,0,0,SI,"", ,NA,ALGUNA VEZ AL AO O MENOS,1,1,1,1,300,300,SI,1,NO,SI,"", ,NA,1,1,0,15,0,15,"NO LEYO DIARIOS EN PAPEL, SOLO EN PANTALLA","",0,"",0,TODOS O CASI TODOS LOS DIAS,CELULAR,NUNCA,NUNCA,ALGUNOS DIAS POR SEMANA,PRINCIPALMENTE LEE ARTICULOS Y NOTICIAS DE DISTINTOS MEDIOS,NO,NO,NA,"",0,"",0,"",0,NA,NO,NS/NC, ,NO,"",0,"",0,"", ,"",0,"",0,NA,NA,"","","","","",NA,NA,NA,NA,NA,NA,NA,NA,NA,NA,NA,NA,NA,NA,NA,NA,SI,"",NA,3,0,3,0,TELEVISION SATELITAL,NA,ALGUNAS VECES POR SEMANA,VARIAS HORAS AL DIA,ALGUNOS DIAS POR SEMANA,NUNCA,NUNCA,TODOS O CASI TODOS LOS DIAS,NUNCA,DE VEZ EN CUANDO,DE VEZ EN CUANDO,2,NINGUNO,NINGUNO,SI,"", ,NA,ALGUNAS VECES AL MES,ALGUNAS VECES AL MES,ALGUNOS DIAS POR SEMANA,ALGUNA VEZ CADA 3 MESES,NUNCA,ALGUNOS DIAS POR SEMANA,TODOS O CASI TODOS LOS DIAS,ALGUNA VEZ CADA 3 MESES,ALGUNOS DIAS POR SEMANA,ALGUNOS DIAS POR SEMANA,NUNCA,NUNCA,NUNCA,NS/NC,0,0,SI,"", ,NA,ALGUNA VEZ CADA 3 MESES,3,3,NS/NC,NS/NC,VIO O ESCUCHO EN UNA PUBLICIDAD, ,CASI NUNCA,NUNCA,DE VEZ EN CUANDO,DE VEZ EN CUANDO,NUNCA,CASI NUNCA,HABITUALMENTE,NUNCA,NUNCA,CASI NUNCA,NUNCA,NO,NA,"",0,"",0,"",0,SI,"", ,NA,NA,SI,NA,"",NS/NC,NS/NC,NS/NC,ALGUNOS DIAS POR SEMANA,TODOS O CASI TODOS LOS DAS,ALGUNAS VECES AL MES,ALGUNOS DIAS POR SEMANA,4,NO USA,4,NO USA,ALGUNAS VECES AL MES,ALGUNOS DIAS POR SEMANA,ALGUNAS VECES AL MES,NUNCA,ALGUNAS VECES AL MES,NUNCA,NUNCA,NUNCA,NUNCA,NUNCA,SI,SI,SI,NO,NO,TODOS O CASI TODOS LOS DAS,TODOS O CASI TODOS LOS DAS,ALGUNOS DIAS POR SEMANA,NA,NA,NO,NA, ,NUNCA,ALGUNA VEZ CADA 3 MESES,ALGUNAS VECES AL MES,NUNCA,NUNCA,ALGUNOS DIAS POR SEMANA,NUNCA,3,0,3,0,"OBSERVA LOS CONTENIDOS, SIN HACER COMENTARIOS",NA,"","","","","","","","","","","",2,NINGUNA,NO,1,SI,SI,NS/NC,NS/NC,NS/NC,NO,NA,,,0,0,NA,NA,NA,NA,"",0,NO,NO,NO,NO,NO,NO,NO,NO,NO,NA,NA,NA,NA,NA,NA,NA,NA,NA,NA,SI,NO,NO,NO,NO,NO,"",0,NO,"",0,NA,NA,NA,NA,NA,NA,"","",0,NO FUE NUNCA,"",NO FUE NUNCA,"",NO FUE NUNCA,"",NO FUE NUNCA,"",ENTRE 1 Y 5 AOS,"",NO FUE NUNCA,"",NO FUE NUNCA,"",NO FUE NUNCA,"",NO FUE NUNCA,"",HACE MAS DE 5 AOS,"",NO FUE NUNCA,"",NO FUE NUNCA,"",1 VEZ EN EL ULTIMO AO,100,NO FUE NUNCA,"",NO FUE NUNCA,"",NO FUE NUNCA,"",NO FUE NUNCA,"",NO FUE NUNCA,"",NO FUE NUNCA,"",NO FUE NUNCA,"",3,0,0,2,SECUNDARIA COMPLETA,OTRO MIEMBRO DEL HOGAR,SECUNDARIA COMPLETA,ES JUBILADO/PENSIONADO, ,"",REMISERO,"OFICIO MENOR, OBRERO NO CALIFICADO/ SERVICIO DOMESTICO",SI,SI,NO,SI,SI,SI,PROPIA,NO,NO,NO,NO,NO,BARRIO CON VIVIENDAS DISTINTAS,BARRIO CON VIVIENDAS DISTINTAS,CASA,60,C3,120,120,2,120,120,2,0,15,0.25,180,180,3,240,240,4,180,180,3,0,0,0
250,250,5482,2017-05-22T00:00:00,PATAGONIA,Varn,51,MUSICA, ,SI,"", ,NA,NO,TODOS O CASI TODOS LOS DIAS,FM,2,0,2,0,TODOS O CASI TODOS LOS DIAS,NUNCA,NUNCA,NUNCA,NUNCA,INFORMATIVOS / NOTICIEROS,MUSICALES,DEPORTIVOS,NA,NA,NA,NA, ,1,SI,"", ,NA,TODOS O CASI TODOS LOS DIAS,2,0,2,0,ALGUNOS DIAS POR SEMANA,NUNCA,NUNCA,NUNCA,NUNCA,NUNCA,NUNCA,NUNCA,ALGUNA VEZ AL AO O MENOS,DE VEZ EN CUANDO,NUNCA,CASI NUNCA,NUNCA,NUNCA,DE VEZ EN CUANDO,CASI NUNCA,HABITUALMENTE,NUNCA,NUNCA,NUNCA,NUNCA,CASI NUNCA,NUNCA,8 canciones,SI,ALGUNOS DIAS POR SEMANA,NUNCA,YOUTUBE,NA,NA,NA,NA,NA,NA, ,5,500,NS/NC,0,NO,PORQUE NO LE GUSTA IR A RECITALES, ,NO,NA,"",0,"",0,"",0,NO,0,NO,SI,"", ,NA,2,2,0,45,0,45,ALGUNAS VECES AL MES,0,0,0,0,ALGUNOS DIAS POR SEMANA,CELULAR,NUNCA,ALGUNAS VECES AL MES,ALGUNOS DIAS POR SEMANA,AMBAS POR IGUAL,NO,NO,NA,"",0,"",0,"",0,NA,SI,"", ,NA,1,1,1,1,SE LO REGALARON, ,0,0,0,0,ALGUNOS DIAS POR SEMANA,"NO LEYO LIBROS EN PANTALLA, SOLO EN PAPEL","","","","","",NUNCA,CASI NUNCA,NUNCA,NUNCA,NUNCA,NUNCA,NUNCA,NUNCA,NUNCA,NUNCA,NUNCA,CASI NUNCA,NUNCA,NUNCA,NUNCA,HABITUALMENTE,SI,"",NA,2,0,2,0,TELEVISION POR CABLE,NA,UNA HORA O MENOS AL DIA,VARIAS HORAS AL DIA,NUNCA,NUNCA,NUNCA,TODOS O CASI TODOS LOS DIAS,NUNCA,CASI NUNCA,NUNCA,1,NINGUNO,NINGUNO,SI,"", ,NA,NUNCA,NUNCA,ALGUNOS DIAS POR SEMANA,NUNCA,NUNCA,ALGUNOS DIAS POR SEMANA,NUNCA,NUNCA,ALGUNAS VECES AL MES,NUNCA,NUNCA,NUNCA,NUNCA,0,0,0,SI,"", ,NA,ALGUNA VEZ CADA 3 MESES,3,3,0,0,"SE LA RECOMENDO UN AMIGO, FAMILIAR O CONOCIDO", ,DE VEZ EN CUANDO,NUNCA,NUNCA,DE VEZ EN CUANDO,NUNCA,DE VEZ EN CUANDO,NUNCA,NUNCA,NUNCA,DE VEZ EN CUANDO,NUNCA,NO,NA,"",0,"",0,"",0,NO,PORQUE INTERNET ES CARO, ,NO,SI,NO,SI,500,NA,"",0,NUNCA,TODOS O CASI TODOS LOS DAS,NUNCA,NUNCA,0,30,0,30,NUNCA,ALGUNOS DIAS POR SEMANA,NUNCA,NUNCA,NUNCA,NUNCA,NUNCA,NUNCA,NUNCA,NUNCA,SI,NO,NO,NO,NO,ALGUNAS VECES AL MES,NA,NA,NA,NA,NO,NA, ,NUNCA,NUNCA,NUNCA,NUNCA,NUNCA,ALGUNAS VECES AL MES,NUNCA,0,15,0,15,"OBSERVA LOS CONTENIDOS, SIN HACER COMENTARIOS",NA,"","","","","","","","","","","",1,NINGUNA,NO,1,SI,NO,300,300,0,NO,NA,,,0,0,NA,NA,NA,NA,"",0,NO,NO,SI,NO,SI,NO,NO,NO,NO,NO,NO,NO,NO,NO,NO,NO,NO,NO,NO,NO,NO,NO,NO,NO,NO,"",0,NO,"",0,NA,NA,NA,NA,NA,NA,"","",0,ENTRE 1 Y 5 AOS,"",NO FUE NUNCA,"",NO FUE NUNCA,"",NO FUE NUNCA,"",1 VEZ EN EL ULTIMO AO,0,NO FUE NUNCA,"",NO FUE NUNCA,"",NO FUE NUNCA,"",NO FUE NUNCA,"",ENTRE 1 Y 5 AOS,"",NO FUE NUNCA,"",NO FUE NUNCA,"",NO FUE NUNCA,"",NO FUE NUNCA,"",NO FUE NUNCA,"",NO FUE NUNCA,"",NO FUE NUNCA,"",NO FUE NUNCA,"",NO FUE NUNCA,"",NO FUE NUNCA,"",2,1,0,2,PRIMARIA COMPLETA,LA PERSONA QUE FUE ENTREVISTADA,"",TRABAJA,SEGURIDAD EN LA MUNICIPALIDAD SEGURIDAD PRIVADA DEL INTENDENTE,TRABAJADOR/OBRERO CALIFICADO. EMPLEADO ADMINISTRATIVO MEDIO, ,"",SI,NO,SI,NO,NO,SI,PROPIA,NO,NO,NO,NO,NO,BARRIO CON VIVIENDAS DISTINTAS,BARRIO CON VIVIENDAS DISTINTAS,CASA,46,D1,120,120,2,120,120,2,0,45,0.75,120,120,2,0,30,0.5,0,15,0.25,0,0,0
